account_id,date,plan_tier,industry,api_latency_ms,support_tickets,monthly_mrr,churned
ACC-20000,2024-05-01,Starter,Fintech,72.0,1,256.78,0
ACC-20001,2024-05-01,Professional,Fintech,112.6,0,1205.57,0
ACC-20002,2024-05-01,Enterprise,SaaS,56.3,1,4530.99,0
ACC-20003,2024-05-01,Starter,E-Commerce,97.1,2,309.52,0
ACC-20004,2024-05-01,Enterprise,Healthcare,82.2,2,4551.63,0
ACC-20005,2024-05-01,Professional,Healthcare,97.5,0,1239.9,0
ACC-20006,2024-05-01,Enterprise,Healthcare,63.6,0,4595.58,0
ACC-20007,2024-05-01,Starter,Fintech,71.5,2,334.92,0
ACC-20008,2024-05-01,Professional,Fintech,82.2,1,1242.03,0
ACC-20009,2024-05-01,Starter,Fintech,81.6,1,140.57,0
ACC-20010,2024-05-01,Starter,Fintech,86.0,1,283.15,0
ACC-20011,2024-05-01,Starter,SaaS,96.8,2,223.07,0
ACC-20012,2024-05-01,Enterprise,Fintech,77.8,4,4540.54,0
ACC-20013,2024-05-01,Professional,Fintech,79.9,1,1260.73,0
ACC-20014,2024-05-01,Enterprise,Healthcare,55.2,2,4516.62,0
ACC-20015,2024-05-01,Enterprise,SaaS,93.8,0,4564.21,0
ACC-20016,2024-05-01,Starter,Fintech,91.4,1,238.52,0
ACC-20017,2024-05-01,Starter,Fintech,64.2,2,194.08,0
ACC-20018,2024-05-01,Starter,Healthcare,93.8,2,142.12,0
ACC-20019,2024-05-01,Starter,E-Commerce,76.2,1,220.62,0
ACC-20020,2024-05-01,Starter,E-Commerce,82.2,0,189.71,0
ACC-20021,2024-05-01,Starter,SaaS,97.1,2,211.54,0
ACC-20022,2024-05-01,Starter,SaaS,86.9,1,127.09,0
ACC-20023,2024-05-01,Starter,E-Commerce,63.8,1,131.43,0
ACC-20024,2024-05-01,Starter,E-Commerce,72.4,3,244.79,0
ACC-20025,2024-05-01,Starter,Healthcare,91.6,2,209.11,0
ACC-20026,2024-05-01,Enterprise,Fintech,83.3,1,4535.38,0
ACC-20027,2024-05-01,Professional,SaaS,75.6,1,1197.95,0
ACC-20028,2024-05-01,Enterprise,Healthcare,97.3,1,4449.14,0
ACC-20029,2024-05-01,Starter,Fintech,76.8,4,174.5,1
ACC-20030,2024-05-01,Starter,E-Commerce,94.2,1,198.37,0
ACC-20031,2024-05-01,Professional,Fintech,79.0,1,1108.22,0
ACC-20032,2024-05-01,Starter,E-Commerce,80.7,0,207.52,0
ACC-20033,2024-05-01,Starter,E-Commerce,87.4,1,209.75,0
ACC-20034,2024-05-01,Starter,Healthcare,67.8,0,176.56,0
ACC-20035,2024-05-01,Starter,SaaS,111.5,1,262.42,0
ACC-20036,2024-05-01,Starter,Fintech,58.7,2,222.7,0
ACC-20037,2024-05-01,Starter,Healthcare,71.7,2,168.76,1
ACC-20038,2024-05-01,Professional,Healthcare,100.1,1,1201.17,0
ACC-20039,2024-05-01,Starter,E-Commerce,65.6,0,191.12,0
ACC-20040,2024-05-01,Starter,E-Commerce,91.5,0,229.95,0
ACC-20041,2024-05-01,Professional,Healthcare,94.7,0,1165.88,0
ACC-20042,2024-05-01,Starter,E-Commerce,78.0,0,178.75,0
ACC-20043,2024-05-01,Starter,Fintech,46.0,2,271.5,0
ACC-20044,2024-05-01,Enterprise,SaaS,84.4,1,4486.08,0
ACC-20045,2024-05-01,Starter,Healthcare,91.3,1,150.77,0
ACC-20046,2024-05-01,Starter,E-Commerce,83.5,1,202.32,0
ACC-20047,2024-05-01,Starter,Fintech,93.0,0,260.45,0
ACC-20048,2024-05-01,Starter,Fintech,122.6,1,177.42,0
ACC-20049,2024-05-01,Professional,Healthcare,75.9,3,1168.45,1
ACC-20050,2024-05-01,Professional,SaaS,85.0,2,1229.23,0
ACC-20051,2024-05-01,Starter,Healthcare,71.1,0,264.42,0
ACC-20052,2024-05-01,Professional,SaaS,81.5,0,1210.1,0
ACC-20053,2024-05-01,Starter,Healthcare,58.8,0,147.23,0
ACC-20054,2024-05-01,Starter,Healthcare,100.2,2,177.71,0
ACC-20055,2024-05-01,Professional,Fintech,71.8,2,1127.86,0
ACC-20056,2024-05-01,Starter,SaaS,94.6,1,284.88,0
ACC-20057,2024-05-01,Starter,Fintech,81.5,1,60.54,0
ACC-20058,2024-05-01,Starter,SaaS,85.9,4,296.31,1
ACC-20059,2024-05-01,Starter,SaaS,65.1,3,162.88,0
ACC-20060,2024-05-01,Starter,SaaS,102.5,1,195.93,0
ACC-20061,2024-05-01,Professional,Healthcare,98.9,0,1210.42,0
ACC-20062,2024-05-01,Starter,E-Commerce,49.7,1,200.91,0
ACC-20063,2024-05-01,Starter,E-Commerce,111.5,3,224.03,0
ACC-20064,2024-05-01,Starter,Fintech,85.2,1,150.65,0
ACC-20065,2024-05-01,Professional,E-Commerce,87.4,0,1281.72,0
ACC-20066,2024-05-01,Professional,Fintech,103.9,1,1290.25,0
ACC-20067,2024-05-01,Professional,Healthcare,113.0,1,1092.93,0
ACC-20068,2024-05-01,Professional,Fintech,82.1,1,1163.7,0
ACC-20069,2024-05-01,Enterprise,Fintech,83.6,0,4490.1,0
ACC-20070,2024-05-01,Starter,Healthcare,78.5,0,252.41,0
ACC-20071,2024-05-01,Starter,Healthcare,79.2,2,161.89,0
ACC-20072,2024-05-01,Professional,E-Commerce,63.7,1,1287.61,0
ACC-20073,2024-05-01,Enterprise,Fintech,68.0,1,4528.81,0
ACC-20074,2024-05-01,Enterprise,Healthcare,84.8,0,4451.1,0
ACC-20075,2024-05-01,Starter,Fintech,95.4,0,279.22,0
ACC-20076,2024-05-01,Starter,E-Commerce,73.1,1,234.64,0
ACC-20077,2024-05-01,Starter,E-Commerce,66.5,1,172.86,0
ACC-20078,2024-05-01,Professional,E-Commerce,107.7,0,1257.32,0
ACC-20079,2024-05-01,Starter,E-Commerce,104.1,1,143.22,0
ACC-20080,2024-05-01,Starter,Healthcare,74.2,2,235.35,0
ACC-20081,2024-05-01,Professional,E-Commerce,92.6,0,1289.57,0
ACC-20082,2024-05-01,Starter,Healthcare,58.2,1,344.58,0
ACC-20083,2024-05-01,Enterprise,Healthcare,88.7,0,4443.74,0
ACC-20084,2024-05-01,Starter,E-Commerce,93.4,2,193.11,0
ACC-20085,2024-05-01,Starter,Fintech,86.0,2,206.32,0
ACC-20086,2024-05-01,Starter,E-Commerce,80.1,0,242.98,0
ACC-20087,2024-05-01,Professional,E-Commerce,90.8,2,1239.93,0
ACC-20088,2024-05-01,Starter,Healthcare,79.9,1,245.1,0
ACC-20089,2024-05-01,Starter,Fintech,104.1,1,323.7,0
ACC-20090,2024-05-01,Enterprise,Fintech,98.1,0,4516.36,0
ACC-20091,2024-05-01,Starter,SaaS,115.6,0,207.35,0
ACC-20092,2024-05-01,Professional,E-Commerce,92.7,2,1210.09,0
ACC-20093,2024-05-01,Professional,Fintech,84.5,1,1245.29,0
ACC-20094,2024-05-01,Starter,Healthcare,104.1,1,194.08,1
ACC-20095,2024-05-01,Professional,E-Commerce,108.9,2,1170.61,0
ACC-20096,2024-05-01,Starter,SaaS,111.2,1,233.18,0
ACC-20097,2024-05-01,Professional,Fintech,63.9,0,1114.7,0
ACC-20098,2024-05-01,Starter,Fintech,90.6,1,155.96,0
ACC-20099,2024-05-01,Professional,SaaS,94.7,2,1207.32,0
ACC-20100,2024-05-01,Starter,Fintech,89.2,0,216.01,0
ACC-20101,2024-05-01,Professional,Fintech,82.9,1,1181.13,0
ACC-20102,2024-05-01,Starter,SaaS,81.5,0,236.37,0
ACC-20103,2024-05-01,Starter,E-Commerce,48.6,0,241.12,0
ACC-20104,2024-05-01,Starter,Fintech,69.0,1,122.98,0
ACC-20105,2024-05-01,Starter,Fintech,87.0,3,244.24,0
ACC-20106,2024-05-01,Professional,Fintech,79.6,4,1097.77,0
ACC-20107,2024-05-01,Starter,Fintech,90.0,1,223.5,0
ACC-20108,2024-05-01,Enterprise,SaaS,87.5,2,4573.09,0
ACC-20109,2024-05-01,Enterprise,Healthcare,84.0,3,4477.24,0
ACC-20110,2024-05-01,Professional,E-Commerce,109.0,1,1180.26,0
ACC-20111,2024-05-01,Starter,SaaS,79.8,2,257.11,0
ACC-20112,2024-05-01,Starter,Healthcare,102.8,0,141.77,0
ACC-20113,2024-05-01,Professional,Fintech,94.4,3,1185.05,0
ACC-20114,2024-05-01,Starter,Healthcare,79.5,2,301.25,0
ACC-20115,2024-05-01,Starter,SaaS,61.1,1,265.97,0
ACC-20116,2024-05-01,Professional,SaaS,103.8,0,1259.39,0
ACC-20117,2024-05-01,Professional,Fintech,92.4,1,1231.76,0
ACC-20118,2024-05-01,Professional,E-Commerce,83.9,5,1126.65,0
ACC-20119,2024-05-01,Starter,E-Commerce,89.7,0,203.29,0
ACC-20120,2024-05-01,Professional,SaaS,92.3,3,1213.37,0
ACC-20121,2024-05-01,Starter,Fintech,66.6,1,247.45,0
ACC-20122,2024-05-02,Starter,Healthcare,92.7,0,137.75,0
ACC-20123,2024-05-02,Enterprise,SaaS,77.7,1,4547.18,0
ACC-20124,2024-05-02,Starter,Healthcare,107.6,3,121.75,0
ACC-20125,2024-05-02,Starter,Healthcare,83.9,2,185.64,0
ACC-20126,2024-05-02,Starter,Fintech,77.5,1,233.45,0
ACC-20127,2024-05-02,Enterprise,Fintech,74.2,2,4495.14,0
ACC-20128,2024-05-02,Professional,Healthcare,110.7,0,1167.72,0
ACC-20129,2024-05-02,Professional,SaaS,105.9,0,1185.92,0
ACC-20130,2024-05-02,Professional,Fintech,67.6,2,1223.6,0
ACC-20131,2024-05-02,Starter,Healthcare,71.0,0,161.82,0
ACC-20132,2024-05-02,Starter,E-Commerce,65.6,1,184.68,0
ACC-20133,2024-05-02,Starter,Fintech,99.7,3,180.65,0
ACC-20134,2024-05-02,Starter,Healthcare,97.4,0,187.13,0
ACC-20135,2024-05-02,Starter,E-Commerce,98.2,3,122.79,0
ACC-20136,2024-05-02,Enterprise,SaaS,83.3,0,4510.71,0
ACC-20137,2024-05-02,Starter,E-Commerce,70.4,0,208.01,0
ACC-20138,2024-05-02,Starter,E-Commerce,96.0,1,123.11,0
ACC-20139,2024-05-02,Starter,Fintech,73.9,1,102.48,0
ACC-20140,2024-05-02,Starter,SaaS,110.2,0,219.64,0
ACC-20141,2024-05-02,Enterprise,Fintech,68.7,0,4493.81,0
ACC-20142,2024-05-02,Starter,E-Commerce,64.7,0,184.99,0
ACC-20143,2024-05-02,Starter,Fintech,79.5,1,208.84,0
ACC-20144,2024-05-02,Professional,SaaS,92.4,0,1267.65,0
ACC-20145,2024-05-02,Starter,E-Commerce,87.0,0,228.59,0
ACC-20146,2024-05-02,Starter,E-Commerce,76.4,1,107.25,0
ACC-20147,2024-05-02,Starter,Fintech,82.0,1,209.24,0
ACC-20148,2024-05-02,Professional,Healthcare,57.8,1,1231.85,0
ACC-20149,2024-05-02,Enterprise,E-Commerce,67.6,1,4482.13,0
ACC-20150,2024-05-02,Professional,E-Commerce,80.9,1,1184.98,0
ACC-20151,2024-05-02,Starter,Fintech,95.0,0,122.75,0
ACC-20152,2024-05-02,Professional,SaaS,93.0,1,1274.65,0
ACC-20153,2024-05-02,Starter,SaaS,65.0,2,166.55,0
ACC-20154,2024-05-02,Starter,Fintech,96.0,2,168.13,0
ACC-20155,2024-05-02,Starter,SaaS,61.9,1,190.66,0
ACC-20156,2024-05-02,Starter,Healthcare,109.0,1,244.59,0
ACC-20157,2024-05-02,Starter,Healthcare,83.1,2,198.76,0
ACC-20158,2024-05-02,Professional,Healthcare,97.5,0,1161.0,0
ACC-20159,2024-05-02,Enterprise,E-Commerce,67.6,2,4507.47,0
ACC-20160,2024-05-02,Starter,E-Commerce,65.8,1,218.71,0
ACC-20161,2024-05-02,Starter,Healthcare,81.8,0,151.15,0
ACC-20162,2024-05-02,Starter,E-Commerce,59.5,1,163.26,0
ACC-20163,2024-05-02,Starter,E-Commerce,112.9,3,213.79,0
ACC-20164,2024-05-02,Professional,E-Commerce,89.4,4,1166.03,1
ACC-20165,2024-05-02,Starter,Fintech,85.5,3,267.35,0
ACC-20166,2024-05-02,Professional,SaaS,62.4,2,1212.26,0
ACC-20167,2024-05-02,Starter,Healthcare,80.8,0,197.5,0
ACC-20168,2024-05-02,Starter,Fintech,81.0,1,203.46,0
ACC-20169,2024-05-02,Starter,Fintech,58.8,1,165.49,0
ACC-20170,2024-05-02,Starter,Healthcare,88.2,1,165.09,0
ACC-20171,2024-05-02,Starter,SaaS,91.0,1,160.6,0
ACC-20172,2024-05-02,Professional,Healthcare,111.3,2,1171.13,0
ACC-20173,2024-05-02,Starter,E-Commerce,90.5,1,258.16,0
ACC-20174,2024-05-02,Professional,Fintech,80.0,1,1142.27,0
ACC-20175,2024-05-02,Starter,Healthcare,95.7,1,198.59,0
ACC-20176,2024-05-02,Starter,SaaS,115.5,1,299.6,0
ACC-20177,2024-05-02,Starter,E-Commerce,90.1,3,237.19,0
ACC-20178,2024-05-02,Professional,Fintech,66.1,2,1138.52,0
ACC-20179,2024-05-02,Starter,Healthcare,96.0,0,268.91,0
ACC-20180,2024-05-02,Professional,Fintech,96.4,0,1222.4,0
ACC-20181,2024-05-02,Starter,Healthcare,108.0,2,221.03,0
ACC-20182,2024-05-02,Professional,E-Commerce,100.9,1,1183.82,0
ACC-20183,2024-05-02,Starter,E-Commerce,97.5,2,226.09,0
ACC-20184,2024-05-02,Professional,Fintech,89.9,2,1064.05,0
ACC-20185,2024-05-02,Professional,SaaS,97.5,1,1229.91,0
ACC-20186,2024-05-02,Enterprise,E-Commerce,88.7,1,4513.7,0
ACC-20187,2024-05-02,Starter,Healthcare,93.6,1,180.95,0
ACC-20188,2024-05-02,Starter,Healthcare,85.0,1,191.14,0
ACC-20189,2024-05-02,Starter,E-Commerce,72.3,1,194.23,0
ACC-20190,2024-05-02,Professional,E-Commerce,94.9,1,1211.61,0
ACC-20191,2024-05-02,Starter,Healthcare,91.7,2,185.97,0
ACC-20192,2024-05-02,Professional,Healthcare,80.4,0,1299.72,0
ACC-20193,2024-05-02,Starter,Fintech,95.5,1,180.63,0
ACC-20194,2024-05-02,Starter,SaaS,94.5,3,142.44,0
ACC-20195,2024-05-02,Starter,Healthcare,76.0,0,258.43,0
ACC-20196,2024-05-02,Enterprise,Fintech,97.1,0,4488.58,0
ACC-20197,2024-05-02,Professional,E-Commerce,75.0,1,1253.26,0
ACC-20198,2024-05-02,Enterprise,SaaS,59.4,0,4519.58,0
ACC-20199,2024-05-02,Starter,SaaS,83.7,2,280.51,0
ACC-20200,2024-05-02,Professional,Healthcare,94.3,1,1217.33,0
ACC-20201,2024-05-02,Professional,Fintech,79.8,2,1316.48,0
ACC-20202,2024-05-02,Starter,Healthcare,70.9,0,246.31,0
ACC-20203,2024-05-02,Professional,Fintech,81.5,0,1197.68,0
ACC-20204,2024-05-02,Enterprise,SaaS,73.9,4,4507.0,0
ACC-20205,2024-05-02,Enterprise,Fintech,96.6,3,4478.32,0
ACC-20206,2024-05-02,Professional,Fintech,103.1,0,1213.45,0
ACC-20207,2024-05-02,Starter,Healthcare,71.5,1,179.33,0
ACC-20208,2024-05-02,Starter,Healthcare,74.5,1,148.4,0
ACC-20209,2024-05-02,Enterprise,E-Commerce,77.6,0,4468.65,0
ACC-20210,2024-05-02,Starter,Healthcare,84.2,1,232.67,0
ACC-20211,2024-05-02,Professional,Fintech,65.6,2,1245.05,0
ACC-20212,2024-05-02,Professional,Fintech,78.4,1,1098.2,0
ACC-20213,2024-05-02,Professional,Healthcare,84.8,0,1144.66,0
ACC-20214,2024-05-02,Enterprise,Fintech,90.8,2,4450.45,0
ACC-20215,2024-05-02,Starter,E-Commerce,72.9,1,283.86,0
ACC-20216,2024-05-02,Starter,E-Commerce,69.0,0,242.12,0
ACC-20217,2024-05-02,Starter,E-Commerce,84.7,1,256.16,0
ACC-20218,2024-05-02,Starter,SaaS,94.2,0,161.68,0
ACC-20219,2024-05-02,Starter,SaaS,71.0,1,233.67,0
ACC-20220,2024-05-02,Starter,SaaS,98.0,1,273.24,0
ACC-20221,2024-05-02,Professional,Fintech,75.2,2,1106.66,0
ACC-20222,2024-05-02,Enterprise,Fintech,78.1,2,4484.65,0
ACC-20223,2024-05-02,Starter,Healthcare,88.0,3,73.92,0
ACC-20224,2024-05-02,Starter,SaaS,87.4,1,151.78,0
ACC-20225,2024-05-02,Enterprise,SaaS,73.6,0,4464.5,0
ACC-20226,2024-05-02,Starter,SaaS,86.9,1,146.85,0
ACC-20227,2024-05-02,Starter,Fintech,110.9,3,224.74,0
ACC-20228,2024-05-02,Starter,SaaS,113.9,0,152.35,0
ACC-20229,2024-05-02,Professional,Healthcare,101.2,1,1195.69,0
ACC-20230,2024-05-02,Starter,Fintech,67.2,3,180.77,0
ACC-20231,2024-05-02,Enterprise,Healthcare,78.3,1,4479.69,0
ACC-20232,2024-05-02,Starter,Fintech,95.7,2,161.23,0
ACC-20233,2024-05-02,Starter,Healthcare,93.6,0,226.12,0
ACC-20234,2024-05-02,Starter,Healthcare,84.1,3,171.32,0
ACC-20235,2024-05-02,Starter,Healthcare,106.0,0,222.25,0
ACC-20236,2024-05-02,Professional,E-Commerce,85.5,2,1191.91,0
ACC-20237,2024-05-02,Professional,SaaS,94.1,2,1183.41,0
ACC-20238,2024-05-02,Professional,E-Commerce,52.6,2,1224.13,0
ACC-20239,2024-05-02,Professional,Healthcare,79.1,0,1215.45,0
ACC-20240,2024-05-02,Enterprise,SaaS,106.4,1,4570.69,0
ACC-20241,2024-05-02,Professional,SaaS,101.8,1,1221.44,0
ACC-20242,2024-05-02,Professional,Fintech,99.6,0,1218.46,0
ACC-20243,2024-05-02,Starter,Healthcare,76.2,0,216.55,0
ACC-20244,2024-05-02,Starter,Fintech,54.0,0,261.09,0
ACC-20245,2024-05-03,Starter,Fintech,85.0,0,146.63,0
ACC-20246,2024-05-03,Professional,E-Commerce,74.2,2,1218.33,0
ACC-20247,2024-05-03,Starter,SaaS,100.4,1,240.42,0
ACC-20248,2024-05-03,Starter,Fintech,65.7,4,222.39,0
ACC-20249,2024-05-03,Enterprise,SaaS,90.1,0,4517.9,0
ACC-20250,2024-05-03,Enterprise,SaaS,84.6,2,4479.94,0
ACC-20251,2024-05-03,Enterprise,SaaS,79.5,1,4444.56,0
ACC-20252,2024-05-03,Starter,Fintech,84.5,0,154.63,0
ACC-20253,2024-05-03,Professional,SaaS,93.4,1,1179.77,0
ACC-20254,2024-05-03,Starter,Healthcare,90.5,1,114.54,0
ACC-20255,2024-05-03,Starter,E-Commerce,86.6,3,187.51,0
ACC-20256,2024-05-03,Starter,Fintech,78.0,1,242.38,0
ACC-20257,2024-05-03,Starter,Fintech,97.9,0,158.5,0
ACC-20258,2024-05-03,Starter,E-Commerce,108.1,2,129.01,0
ACC-20259,2024-05-03,Professional,Healthcare,58.6,0,1187.44,0
ACC-20260,2024-05-03,Starter,Fintech,70.4,1,203.98,0
ACC-20261,2024-05-03,Professional,Fintech,92.8,0,1169.31,0
ACC-20262,2024-05-03,Starter,E-Commerce,90.7,1,191.68,0
ACC-20263,2024-05-03,Starter,Fintech,96.7,2,163.39,0
ACC-20264,2024-05-03,Starter,SaaS,90.7,0,197.97,0
ACC-20265,2024-05-03,Starter,Fintech,93.1,1,137.52,0
ACC-20266,2024-05-03,Professional,Fintech,82.6,2,1165.37,0
ACC-20267,2024-05-03,Starter,Healthcare,59.9,1,304.51,0
ACC-20268,2024-05-03,Starter,Healthcare,89.1,1,279.54,0
ACC-20269,2024-05-03,Starter,Healthcare,87.8,1,257.59,0
ACC-20270,2024-05-03,Starter,Healthcare,82.6,0,259.76,0
ACC-20271,2024-05-03,Enterprise,SaaS,88.1,0,4497.75,0
ACC-20272,2024-05-03,Starter,E-Commerce,71.1,2,139.53,0
ACC-20273,2024-05-03,Professional,Fintech,81.0,3,1266.14,0
ACC-20274,2024-05-03,Professional,Healthcare,93.7,0,1209.92,0
ACC-20275,2024-05-03,Enterprise,SaaS,78.9,0,4401.14,0
ACC-20276,2024-05-03,Professional,Healthcare,83.4,0,1225.29,0
ACC-20277,2024-05-03,Professional,Fintech,78.7,1,1202.1,0
ACC-20278,2024-05-03,Professional,E-Commerce,82.0,1,1179.77,0
ACC-20279,2024-05-03,Enterprise,E-Commerce,59.3,0,4518.57,0
ACC-20280,2024-05-03,Starter,E-Commerce,90.3,0,252.52,0
ACC-20281,2024-05-03,Starter,Fintech,90.6,1,228.6,0
ACC-20282,2024-05-03,Starter,Fintech,97.3,0,176.61,0
ACC-20283,2024-05-03,Professional,E-Commerce,65.7,1,1184.92,0
ACC-20284,2024-05-03,Professional,Fintech,84.2,2,1159.55,0
ACC-20285,2024-05-03,Starter,Healthcare,118.6,0,145.5,0
ACC-20286,2024-05-03,Professional,Healthcare,82.2,1,1216.85,0
ACC-20287,2024-05-03,Starter,Fintech,62.9,0,236.7,0
ACC-20288,2024-05-03,Starter,SaaS,80.2,1,159.83,0
ACC-20289,2024-05-03,Enterprise,SaaS,89.6,1,4553.55,0
ACC-20290,2024-05-03,Starter,E-Commerce,117.3,0,180.97,1
ACC-20291,2024-05-03,Starter,Fintech,79.4,1,171.95,0
ACC-20292,2024-05-03,Professional,Fintech,99.0,0,1284.11,0
ACC-20293,2024-05-03,Professional,Healthcare,82.2,1,1164.16,0
ACC-20294,2024-05-03,Starter,Fintech,62.0,3,213.47,0
ACC-20295,2024-05-03,Professional,SaaS,64.5,0,1130.28,0
ACC-20296,2024-05-03,Starter,Fintech,82.6,1,203.17,0
ACC-20297,2024-05-03,Starter,Healthcare,93.5,1,183.79,0
ACC-20298,2024-05-03,Starter,Healthcare,100.0,1,252.74,0
ACC-20299,2024-05-03,Professional,E-Commerce,63.6,1,1224.96,0
ACC-20300,2024-05-03,Starter,Fintech,105.5,0,188.76,0
ACC-20301,2024-05-03,Enterprise,Healthcare,67.5,0,4556.82,0
ACC-20302,2024-05-03,Professional,Fintech,57.6,1,1250.11,0
ACC-20303,2024-05-03,Enterprise,SaaS,72.1,1,4602.01,0
ACC-20304,2024-05-03,Starter,Fintech,76.8,0,188.92,0
ACC-20305,2024-05-03,Enterprise,SaaS,107.5,0,4496.12,0
ACC-20306,2024-05-03,Starter,SaaS,86.5,2,158.73,0
ACC-20307,2024-05-03,Starter,Fintech,82.9,2,126.31,0
ACC-20308,2024-05-03,Starter,E-Commerce,82.6,3,189.0,0
ACC-20309,2024-05-03,Starter,Fintech,91.3,1,265.25,0
ACC-20310,2024-05-03,Professional,SaaS,106.8,1,1175.49,0
ACC-20311,2024-05-03,Starter,Healthcare,83.3,0,180.87,0
ACC-20312,2024-05-03,Starter,Healthcare,87.8,1,219.42,0
ACC-20313,2024-05-03,Professional,Healthcare,109.8,2,1248.79,0
ACC-20314,2024-05-03,Starter,Fintech,60.0,1,167.09,0
ACC-20315,2024-05-03,Professional,SaaS,56.8,1,1123.82,0
ACC-20316,2024-05-03,Starter,Fintech,84.7,0,249.49,0
ACC-20317,2024-05-03,Professional,E-Commerce,93.4,0,1192.58,0
ACC-20318,2024-05-03,Professional,Healthcare,96.2,2,1211.44,0
ACC-20319,2024-05-03,Starter,SaaS,96.6,0,274.32,0
ACC-20320,2024-05-03,Starter,Fintech,102.0,1,142.84,0
ACC-20321,2024-05-03,Starter,Healthcare,91.8,1,196.69,0
ACC-20322,2024-05-03,Professional,Healthcare,94.6,1,1232.67,0
ACC-20323,2024-05-03,Starter,E-Commerce,86.5,1,201.2,0
ACC-20324,2024-05-03,Starter,Fintech,106.9,1,200.12,0
ACC-20325,2024-05-03,Starter,Fintech,104.0,1,137.74,0
ACC-20326,2024-05-03,Starter,Fintech,93.4,0,145.42,0
ACC-20327,2024-05-03,Starter,E-Commerce,91.4,2,100.3,0
ACC-20328,2024-05-03,Professional,Fintech,107.8,1,1189.98,0
ACC-20329,2024-05-03,Starter,E-Commerce,68.9,0,216.83,0
ACC-20330,2024-05-03,Starter,Fintech,96.6,1,175.21,0
ACC-20331,2024-05-03,Professional,SaaS,92.2,0,1187.45,0
ACC-20332,2024-05-03,Professional,SaaS,88.5,0,1290.78,0
ACC-20333,2024-05-03,Starter,Healthcare,85.4,1,338.13,0
ACC-20334,2024-05-03,Starter,Healthcare,80.5,0,279.37,0
ACC-20335,2024-05-03,Starter,Fintech,91.0,2,208.29,0
ACC-20336,2024-05-03,Enterprise,Fintech,68.4,0,4516.16,0
ACC-20337,2024-05-03,Starter,Fintech,87.9,0,283.82,0
ACC-20338,2024-05-03,Enterprise,E-Commerce,97.3,1,4516.77,0
ACC-20339,2024-05-03,Professional,Healthcare,106.4,2,1218.57,0
ACC-20340,2024-05-03,Starter,SaaS,114.6,1,181.24,0
ACC-20341,2024-05-03,Starter,Healthcare,97.3,0,134.42,0
ACC-20342,2024-05-03,Starter,E-Commerce,87.4,2,248.83,0
ACC-20343,2024-05-03,Starter,Healthcare,76.6,2,164.9,0
ACC-20344,2024-05-03,Starter,Healthcare,86.7,0,200.09,0
ACC-20345,2024-05-03,Professional,Fintech,89.4,2,1219.74,1
ACC-20346,2024-05-03,Enterprise,Healthcare,82.4,0,4423.29,0
ACC-20347,2024-05-03,Professional,Healthcare,92.8,1,1167.34,0
ACC-20348,2024-05-03,Professional,E-Commerce,73.4,1,1164.97,0
ACC-20349,2024-05-03,Starter,SaaS,100.4,0,258.43,0
ACC-20350,2024-05-03,Starter,Healthcare,68.4,1,266.73,0
ACC-20351,2024-05-03,Starter,Fintech,79.0,1,225.21,0
ACC-20352,2024-05-03,Professional,Healthcare,75.4,2,1192.19,0
ACC-20353,2024-05-03,Enterprise,Healthcare,72.1,2,4480.76,0
ACC-20354,2024-05-03,Professional,Fintech,94.1,0,1223.63,0
ACC-20355,2024-05-03,Starter,E-Commerce,93.0,3,146.34,0
ACC-20356,2024-05-03,Starter,SaaS,78.9,0,241.1,0
ACC-20357,2024-05-03,Professional,SaaS,106.9,2,1204.07,0
ACC-20358,2024-05-03,Starter,Fintech,76.3,1,206.78,0
ACC-20359,2024-05-03,Professional,SaaS,85.7,0,1187.87,1
ACC-20360,2024-05-03,Professional,E-Commerce,67.0,1,1222.38,0
ACC-20361,2024-05-03,Professional,Healthcare,72.3,2,1177.45,0
ACC-20362,2024-05-03,Starter,Healthcare,94.4,0,194.8,0
ACC-20363,2024-05-03,Starter,SaaS,88.4,2,157.69,0
ACC-20364,2024-05-03,Starter,Healthcare,78.8,1,164.28,0
ACC-20365,2024-05-03,Starter,Healthcare,100.9,2,270.7,0
ACC-20366,2024-05-03,Starter,Healthcare,94.8,2,214.5,0
ACC-20367,2024-05-03,Professional,E-Commerce,69.6,1,1211.35,0
ACC-20368,2024-05-03,Professional,Fintech,88.6,0,1151.61,0
ACC-20369,2024-05-03,Starter,SaaS,51.4,4,241.63,0
ACC-20370,2024-05-03,Starter,E-Commerce,72.5,4,166.26,0
ACC-20371,2024-05-03,Starter,E-Commerce,73.6,1,193.37,0
ACC-20372,2024-05-03,Starter,Fintech,115.3,1,291.56,0
ACC-20373,2024-05-04,Professional,E-Commerce,102.6,4,1179.56,0
ACC-20374,2024-05-04,Starter,Fintech,92.1,0,187.26,0
ACC-20375,2024-05-04,Starter,Fintech,105.7,1,238.14,0
ACC-20376,2024-05-04,Starter,Healthcare,68.9,3,160.78,0
ACC-20377,2024-05-04,Enterprise,Healthcare,111.6,2,4515.39,0
ACC-20378,2024-05-04,Professional,E-Commerce,76.3,2,1274.37,0
ACC-20379,2024-05-04,Starter,Fintech,67.4,2,184.4,0
ACC-20380,2024-05-04,Starter,Healthcare,76.5,0,157.68,0
ACC-20381,2024-05-04,Professional,Fintech,96.6,4,1156.35,1
ACC-20382,2024-05-04,Enterprise,SaaS,74.6,2,4599.62,0
ACC-20383,2024-05-04,Starter,E-Commerce,87.6,0,157.46,0
ACC-20384,2024-05-04,Enterprise,E-Commerce,72.6,1,4550.73,0
ACC-20385,2024-05-04,Enterprise,Healthcare,98.8,0,4542.57,0
ACC-20386,2024-05-04,Enterprise,Fintech,97.3,0,4502.08,0
ACC-20387,2024-05-04,Professional,SaaS,74.3,2,1289.73,0
ACC-20388,2024-05-04,Professional,Fintech,96.5,2,1273.89,0
ACC-20389,2024-05-04,Starter,Healthcare,59.4,1,195.84,0
ACC-20390,2024-05-04,Professional,E-Commerce,82.9,1,1208.46,0
ACC-20391,2024-05-04,Starter,Fintech,80.4,1,184.35,0
ACC-20392,2024-05-04,Professional,SaaS,98.0,1,1249.89,0
ACC-20393,2024-05-04,Starter,Healthcare,91.8,2,210.48,0
ACC-20394,2024-05-04,Professional,Fintech,74.9,0,1145.21,0
ACC-20395,2024-05-04,Professional,Fintech,81.7,3,1115.9,0
ACC-20396,2024-05-04,Starter,Fintech,79.2,1,332.34,0
ACC-20397,2024-05-04,Professional,SaaS,88.2,1,1182.37,0
ACC-20398,2024-05-04,Starter,E-Commerce,81.9,2,188.6,0
ACC-20399,2024-05-04,Professional,Fintech,80.6,0,1219.18,0
ACC-20400,2024-05-04,Starter,Fintech,66.5,2,292.72,0
ACC-20401,2024-05-04,Starter,E-Commerce,82.4,2,218.63,0
ACC-20402,2024-05-04,Enterprise,E-Commerce,76.2,0,4387.0,0
ACC-20403,2024-05-04,Starter,Healthcare,85.7,2,203.9,0
ACC-20404,2024-05-04,Professional,Healthcare,89.2,0,1118.71,0
ACC-20405,2024-05-04,Starter,Fintech,84.5,0,216.71,0
ACC-20406,2024-05-04,Starter,E-Commerce,92.3,2,172.68,0
ACC-20407,2024-05-04,Starter,SaaS,115.6,1,188.91,0
ACC-20408,2024-05-04,Professional,Fintech,80.8,1,1206.17,0
ACC-20409,2024-05-04,Starter,E-Commerce,81.8,0,98.75,0
ACC-20410,2024-05-04,Starter,Healthcare,60.4,0,237.44,0
ACC-20411,2024-05-04,Starter,Healthcare,86.9,1,191.49,0
ACC-20412,2024-05-04,Starter,Fintech,87.5,2,142.51,0
ACC-20413,2024-05-04,Enterprise,SaaS,72.2,0,4486.32,0
ACC-20414,2024-05-04,Enterprise,Healthcare,67.1,2,4408.34,0
ACC-20415,2024-05-04,Starter,Healthcare,75.8,1,158.74,0
ACC-20416,2024-05-04,Professional,Healthcare,82.5,2,1141.82,0
ACC-20417,2024-05-04,Starter,Fintech,61.9,2,204.67,0
ACC-20418,2024-05-04,Professional,Fintech,94.0,1,1170.68,0
ACC-20419,2024-05-04,Professional,E-Commerce,89.2,1,1194.9,0
ACC-20420,2024-05-04,Enterprise,Fintech,75.1,2,4557.64,0
ACC-20421,2024-05-04,Starter,E-Commerce,80.6,2,243.97,0
ACC-20422,2024-05-04,Professional,Healthcare,93.3,2,1299.3,0
ACC-20423,2024-05-04,Starter,Healthcare,69.8,0,198.5,0
ACC-20424,2024-05-04,Enterprise,Healthcare,88.6,1,4494.96,0
ACC-20425,2024-05-04,Starter,Healthcare,72.5,2,186.71,0
ACC-20426,2024-05-04,Professional,Fintech,80.0,3,1228.28,0
ACC-20427,2024-05-04,Professional,Healthcare,93.2,3,1229.91,0
ACC-20428,2024-05-04,Professional,E-Commerce,85.0,1,1259.83,0
ACC-20429,2024-05-04,Starter,E-Commerce,101.4,2,200.95,0
ACC-20430,2024-05-04,Enterprise,Fintech,72.4,2,4399.83,0
ACC-20431,2024-05-04,Starter,Healthcare,87.1,2,266.6,0
ACC-20432,2024-05-04,Professional,Fintech,70.0,0,1150.68,0
ACC-20433,2024-05-04,Starter,Fintech,72.7,1,244.52,0
ACC-20434,2024-05-04,Starter,Fintech,102.4,0,190.76,0
ACC-20435,2024-05-04,Starter,SaaS,110.3,1,167.69,0
ACC-20436,2024-05-04,Starter,Fintech,78.7,1,125.12,0
ACC-20437,2024-05-04,Starter,Fintech,97.0,0,200.31,0
ACC-20438,2024-05-04,Starter,Fintech,92.9,1,161.58,0
ACC-20439,2024-05-04,Starter,Fintech,81.6,1,230.79,0
ACC-20440,2024-05-04,Professional,E-Commerce,78.5,1,1198.36,0
ACC-20441,2024-05-04,Enterprise,Fintech,81.1,2,4456.47,0
ACC-20442,2024-05-04,Starter,Fintech,89.0,1,135.81,0
ACC-20443,2024-05-04,Starter,E-Commerce,86.8,1,219.58,0
ACC-20444,2024-05-04,Starter,Healthcare,85.9,2,217.66,0
ACC-20445,2024-05-04,Starter,E-Commerce,76.8,0,173.98,0
ACC-20446,2024-05-04,Professional,E-Commerce,69.2,0,1107.41,0
ACC-20447,2024-05-04,Professional,Fintech,91.4,2,1299.39,0
ACC-20448,2024-05-04,Starter,E-Commerce,91.5,1,206.73,0
ACC-20449,2024-05-04,Starter,Fintech,88.6,2,136.31,0
ACC-20450,2024-05-04,Starter,Healthcare,86.5,0,173.88,0
ACC-20451,2024-05-04,Professional,Healthcare,76.5,0,1240.55,0
ACC-20452,2024-05-04,Enterprise,Fintech,103.3,2,4416.56,0
ACC-20453,2024-05-04,Starter,E-Commerce,100.6,2,186.23,0
ACC-20454,2024-05-04,Starter,SaaS,92.7,1,253.27,0
ACC-20455,2024-05-04,Enterprise,SaaS,84.1,0,4435.79,0
ACC-20456,2024-05-04,Enterprise,E-Commerce,66.1,0,4479.79,0
ACC-20457,2024-05-04,Starter,Healthcare,82.7,0,179.69,0
ACC-20458,2024-05-04,Starter,Fintech,70.6,2,168.17,0
ACC-20459,2024-05-04,Starter,Fintech,77.3,0,169.95,0
ACC-20460,2024-05-04,Professional,Healthcare,114.7,0,1123.02,0
ACC-20461,2024-05-04,Starter,Healthcare,93.5,1,202.63,0
ACC-20462,2024-05-04,Starter,SaaS,86.3,0,163.46,0
ACC-20463,2024-05-04,Professional,Healthcare,88.7,0,1137.87,0
ACC-20464,2024-05-04,Starter,Healthcare,69.8,1,226.91,0
ACC-20465,2024-05-04,Professional,Healthcare,73.1,0,1126.35,0
ACC-20466,2024-05-04,Starter,SaaS,86.3,2,202.19,0
ACC-20467,2024-05-04,Starter,E-Commerce,66.3,0,164.08,0
ACC-20468,2024-05-04,Professional,E-Commerce,86.8,1,1143.41,0
ACC-20469,2024-05-04,Starter,Healthcare,80.0,0,193.23,0
ACC-20470,2024-05-04,Enterprise,SaaS,112.2,1,4528.95,0
ACC-20471,2024-05-04,Starter,Fintech,78.3,1,227.09,0
ACC-20472,2024-05-04,Starter,SaaS,80.9,0,106.51,0
ACC-20473,2024-05-04,Professional,Healthcare,84.1,1,1196.07,0
ACC-20474,2024-05-04,Starter,Healthcare,75.6,3,189.99,0
ACC-20475,2024-05-04,Enterprise,Healthcare,68.9,7,4473.62,1
ACC-20476,2024-05-04,Starter,E-Commerce,91.4,0,243.28,0
ACC-20477,2024-05-04,Starter,Fintech,56.1,1,180.64,0
ACC-20478,2024-05-04,Starter,SaaS,89.7,2,197.61,0
ACC-20479,2024-05-04,Starter,Healthcare,109.2,0,167.03,0
ACC-20480,2024-05-04,Professional,Healthcare,83.7,0,1170.84,0
ACC-20481,2024-05-04,Professional,Fintech,92.3,3,1209.87,0
ACC-20482,2024-05-04,Starter,Healthcare,100.8,0,247.2,0
ACC-20483,2024-05-04,Starter,Healthcare,89.4,1,139.67,0
ACC-20484,2024-05-04,Professional,Healthcare,66.0,0,1150.52,0
ACC-20485,2024-05-04,Enterprise,E-Commerce,81.0,0,4464.56,0
ACC-20486,2024-05-04,Starter,Healthcare,72.7,3,257.92,0
ACC-20487,2024-05-04,Starter,SaaS,82.3,0,209.67,0
ACC-20488,2024-05-04,Starter,E-Commerce,108.5,2,237.42,0
ACC-20489,2024-05-04,Enterprise,SaaS,91.2,1,4526.78,0
ACC-20490,2024-05-04,Starter,Fintech,93.5,1,203.58,0
ACC-20491,2024-05-04,Starter,Healthcare,87.9,1,121.52,0
ACC-20492,2024-05-04,Professional,Healthcare,68.7,1,1165.79,0
ACC-20493,2024-05-04,Starter,E-Commerce,85.6,2,154.81,0
ACC-20494,2024-05-05,Starter,SaaS,94.9,2,307.89,0
ACC-20495,2024-05-05,Starter,Fintech,64.8,1,191.34,0
ACC-20496,2024-05-05,Starter,Fintech,83.6,2,129.4,0
ACC-20497,2024-05-05,Starter,SaaS,61.6,0,305.87,0
ACC-20498,2024-05-05,Starter,Fintech,56.6,1,196.89,0
ACC-20499,2024-05-05,Starter,E-Commerce,86.5,1,101.51,0
ACC-20500,2024-05-05,Professional,Healthcare,78.5,0,1240.78,0
ACC-20501,2024-05-05,Professional,SaaS,101.5,1,1141.4,0
ACC-20502,2024-05-05,Professional,Fintech,80.4,1,1132.66,0
ACC-20503,2024-05-05,Starter,Fintech,90.3,1,245.18,1
ACC-20504,2024-05-05,Starter,E-Commerce,69.4,0,156.59,0
ACC-20505,2024-05-05,Starter,SaaS,62.9,0,148.21,0
ACC-20506,2024-05-05,Starter,Healthcare,90.3,1,219.65,0
ACC-20507,2024-05-05,Starter,Healthcare,85.6,3,192.4,0
ACC-20508,2024-05-05,Professional,E-Commerce,82.0,1,1206.41,0
ACC-20509,2024-05-05,Starter,SaaS,57.3,0,173.91,0
ACC-20510,2024-05-05,Starter,SaaS,68.3,0,221.65,0
ACC-20511,2024-05-05,Starter,SaaS,90.8,0,186.57,0
ACC-20512,2024-05-05,Professional,Fintech,68.7,0,1340.07,0
ACC-20513,2024-05-05,Starter,Fintech,77.7,0,89.12,0
ACC-20514,2024-05-05,Professional,E-Commerce,97.4,1,1216.08,0
ACC-20515,2024-05-05,Starter,SaaS,72.9,3,196.13,0
ACC-20516,2024-05-05,Enterprise,Fintech,92.5,1,4544.22,0
ACC-20517,2024-05-05,Enterprise,Fintech,73.9,0,4542.79,0
ACC-20518,2024-05-05,Starter,E-Commerce,82.6,2,216.93,0
ACC-20519,2024-05-05,Starter,Fintech,92.5,1,219.69,0
ACC-20520,2024-05-05,Starter,Healthcare,87.7,1,214.72,0
ACC-20521,2024-05-05,Starter,Healthcare,103.2,3,213.92,0
ACC-20522,2024-05-05,Professional,E-Commerce,103.0,2,1185.72,1
ACC-20523,2024-05-05,Professional,E-Commerce,104.5,1,1164.3,0
ACC-20524,2024-05-05,Professional,Healthcare,78.1,0,1229.83,0
ACC-20525,2024-05-05,Professional,E-Commerce,62.8,1,1228.41,0
ACC-20526,2024-05-05,Starter,E-Commerce,89.1,2,169.97,0
ACC-20527,2024-05-05,Starter,Healthcare,73.2,2,211.31,0
ACC-20528,2024-05-05,Professional,E-Commerce,79.6,0,1123.63,0
ACC-20529,2024-05-05,Starter,Fintech,79.2,1,116.73,0
ACC-20530,2024-05-05,Professional,Fintech,81.3,0,1161.76,0
ACC-20531,2024-05-05,Starter,Fintech,70.1,0,223.13,0
ACC-20532,2024-05-05,Starter,Fintech,86.4,0,237.63,0
ACC-20533,2024-05-05,Enterprise,Healthcare,82.9,2,4629.58,0
ACC-20534,2024-05-05,Starter,SaaS,60.8,0,321.45,0
ACC-20535,2024-05-05,Enterprise,E-Commerce,75.9,0,4421.56,0
ACC-20536,2024-05-05,Enterprise,E-Commerce,87.7,1,4556.06,0
ACC-20537,2024-05-05,Professional,Healthcare,72.5,1,1204.77,0
ACC-20538,2024-05-05,Professional,Healthcare,79.4,1,1106.41,0
ACC-20539,2024-05-05,Professional,Healthcare,77.3,1,1243.59,0
ACC-20540,2024-05-05,Enterprise,Fintech,81.4,1,4516.43,0
ACC-20541,2024-05-05,Starter,Fintech,92.8,0,95.78,0
ACC-20542,2024-05-05,Starter,E-Commerce,78.7,1,263.61,0
ACC-20543,2024-05-05,Professional,SaaS,73.9,1,1201.25,0
ACC-20544,2024-05-05,Starter,Fintech,63.5,3,103.84,0
ACC-20545,2024-05-05,Starter,Fintech,122.8,0,289.03,0
ACC-20546,2024-05-05,Starter,E-Commerce,92.6,0,199.02,0
ACC-20547,2024-05-05,Professional,Fintech,80.4,0,1181.02,0
ACC-20548,2024-05-05,Enterprise,SaaS,73.5,3,4461.92,0
ACC-20549,2024-05-05,Starter,E-Commerce,61.4,1,216.84,0
ACC-20550,2024-05-05,Enterprise,SaaS,83.1,0,4429.49,0
ACC-20551,2024-05-05,Professional,Healthcare,79.7,0,1148.74,0
ACC-20552,2024-05-05,Professional,E-Commerce,108.0,0,1096.98,0
ACC-20553,2024-05-05,Professional,Healthcare,84.5,0,1144.32,0
ACC-20554,2024-05-05,Professional,E-Commerce,80.4,1,1197.6,0
ACC-20555,2024-05-05,Starter,Healthcare,89.9,1,254.98,0
ACC-20556,2024-05-05,Professional,Fintech,103.8,1,1262.58,0
ACC-20557,2024-05-05,Starter,Healthcare,108.3,1,246.64,0
ACC-20558,2024-05-05,Enterprise,Healthcare,115.2,2,4540.13,0
ACC-20559,2024-05-05,Enterprise,SaaS,77.1,0,4595.11,0
ACC-20560,2024-05-05,Starter,E-Commerce,115.9,0,268.15,0
ACC-20561,2024-05-05,Starter,E-Commerce,65.9,1,177.37,0
ACC-20562,2024-05-05,Professional,Fintech,108.7,2,1245.83,0
ACC-20563,2024-05-05,Starter,E-Commerce,81.1,1,175.15,0
ACC-20564,2024-05-05,Enterprise,Healthcare,83.2,3,4549.1,0
ACC-20565,2024-05-05,Starter,SaaS,76.5,1,225.63,0
ACC-20566,2024-05-05,Starter,SaaS,84.3,1,272.72,0
ACC-20567,2024-05-05,Enterprise,Fintech,74.3,0,4511.32,0
ACC-20568,2024-05-05,Professional,SaaS,78.1,2,1183.05,0
ACC-20569,2024-05-05,Professional,Fintech,70.1,0,1196.79,0
ACC-20570,2024-05-05,Starter,Healthcare,68.3,0,186.08,0
ACC-20571,2024-05-05,Professional,Healthcare,76.7,1,1170.23,0
ACC-20572,2024-05-05,Professional,Fintech,83.9,0,1157.5,0
ACC-20573,2024-05-05,Professional,E-Commerce,77.2,0,1225.55,0
ACC-20574,2024-05-05,Professional,Fintech,88.7,1,1195.13,0
ACC-20575,2024-05-05,Professional,Fintech,79.3,1,1189.64,0
ACC-20576,2024-05-05,Starter,E-Commerce,102.4,0,245.06,0
ACC-20577,2024-05-05,Starter,E-Commerce,70.9,0,158.11,0
ACC-20578,2024-05-05,Professional,SaaS,57.8,0,1239.5,0
ACC-20579,2024-05-05,Starter,E-Commerce,80.3,0,198.85,0
ACC-20580,2024-05-05,Professional,E-Commerce,71.9,1,1198.96,0
ACC-20581,2024-05-05,Starter,Healthcare,104.5,3,214.1,0
ACC-20582,2024-05-05,Professional,Fintech,106.0,1,1216.53,0
ACC-20583,2024-05-05,Professional,Fintech,64.9,0,1155.72,0
ACC-20584,2024-05-05,Starter,Healthcare,77.8,1,212.13,0
ACC-20585,2024-05-05,Starter,E-Commerce,95.6,5,132.22,0
ACC-20586,2024-05-05,Starter,Healthcare,84.6,0,226.23,0
ACC-20587,2024-05-05,Professional,E-Commerce,62.3,0,1165.61,0
ACC-20588,2024-05-05,Professional,Healthcare,71.1,0,1173.32,0
ACC-20589,2024-05-05,Starter,Fintech,83.8,0,114.74,0
ACC-20590,2024-05-05,Professional,Fintech,76.9,1,1165.15,0
ACC-20591,2024-05-05,Starter,SaaS,84.1,0,118.86,0
ACC-20592,2024-05-05,Starter,E-Commerce,49.3,2,163.29,0
ACC-20593,2024-05-05,Enterprise,SaaS,90.9,1,4505.32,0
ACC-20594,2024-05-05,Starter,Fintech,85.5,0,145.66,0
ACC-20595,2024-05-05,Starter,SaaS,69.3,1,189.55,0
ACC-20596,2024-05-05,Starter,Fintech,88.7,0,202.13,0
ACC-20597,2024-05-05,Starter,Fintech,86.0,0,253.11,0
ACC-20598,2024-05-05,Starter,SaaS,69.2,3,145.14,0
ACC-20599,2024-05-05,Starter,Fintech,73.7,0,311.66,0
ACC-20600,2024-05-05,Professional,E-Commerce,97.7,0,1215.8,0
ACC-20601,2024-05-05,Starter,Fintech,52.7,2,211.22,0
ACC-20602,2024-05-05,Starter,E-Commerce,73.8,2,214.58,0
ACC-20603,2024-05-05,Starter,SaaS,94.5,1,148.69,0
ACC-20604,2024-05-05,Starter,Healthcare,86.4,1,237.26,0
ACC-20605,2024-05-05,Professional,E-Commerce,96.3,2,1170.59,0
ACC-20606,2024-05-05,Enterprise,Fintech,78.9,0,4526.86,0
ACC-20607,2024-05-06,Starter,E-Commerce,99.2,4,209.76,0
ACC-20608,2024-05-06,Enterprise,Healthcare,76.1,0,4478.87,0
ACC-20609,2024-05-06,Professional,Fintech,89.9,1,1258.96,0
ACC-20610,2024-05-06,Professional,Healthcare,85.8,2,1210.5,0
ACC-20611,2024-05-06,Starter,Fintech,77.7,0,186.71,0
ACC-20612,2024-05-06,Starter,SaaS,101.6,6,76.17,0
ACC-20613,2024-05-06,Starter,Healthcare,110.5,0,143.24,0
ACC-20614,2024-05-06,Professional,Fintech,95.5,5,1206.26,0
ACC-20615,2024-05-06,Starter,Healthcare,88.3,2,129.16,0
ACC-20616,2024-05-06,Enterprise,Healthcare,60.0,1,4549.53,1
ACC-20617,2024-05-06,Starter,E-Commerce,77.7,1,234.31,0
ACC-20618,2024-05-06,Starter,SaaS,87.5,0,162.87,0
ACC-20619,2024-05-06,Professional,Healthcare,81.6,1,1253.75,0
ACC-20620,2024-05-06,Starter,SaaS,82.4,1,205.15,0
ACC-20621,2024-05-06,Starter,E-Commerce,106.7,3,116.38,0
ACC-20622,2024-05-06,Professional,Fintech,73.8,1,1243.53,0
ACC-20623,2024-05-06,Enterprise,E-Commerce,76.4,0,4540.77,0
ACC-20624,2024-05-06,Professional,Healthcare,58.2,0,1250.36,0
ACC-20625,2024-05-06,Professional,E-Commerce,104.1,0,1183.65,0
ACC-20626,2024-05-06,Professional,SaaS,107.1,1,1220.43,0
ACC-20627,2024-05-06,Enterprise,Healthcare,90.7,0,4448.38,0
ACC-20628,2024-05-06,Starter,SaaS,76.1,1,188.63,0
ACC-20629,2024-05-06,Starter,E-Commerce,67.3,1,278.12,0
ACC-20630,2024-05-06,Starter,Healthcare,84.6,2,260.35,0
ACC-20631,2024-05-06,Starter,E-Commerce,85.2,3,226.46,0
ACC-20632,2024-05-06,Professional,Healthcare,76.0,0,1230.83,0
ACC-20633,2024-05-06,Professional,SaaS,93.4,2,1190.07,0
ACC-20634,2024-05-06,Professional,E-Commerce,95.2,2,1106.26,0
ACC-20635,2024-05-06,Starter,Fintech,82.1,0,133.02,0
ACC-20636,2024-05-06,Professional,Healthcare,85.5,1,1180.86,0
ACC-20637,2024-05-06,Starter,E-Commerce,92.3,3,285.21,0
ACC-20638,2024-05-06,Professional,Fintech,69.7,0,1145.7,0
ACC-20639,2024-05-06,Professional,Fintech,61.4,0,1219.74,0
ACC-20640,2024-05-06,Starter,Healthcare,90.4,1,258.13,0
ACC-20641,2024-05-06,Starter,Healthcare,68.0,1,132.69,0
ACC-20642,2024-05-06,Starter,Healthcare,67.5,0,273.53,0
ACC-20643,2024-05-06,Professional,Fintech,102.8,0,1244.92,0
ACC-20644,2024-05-06,Enterprise,Fintech,65.8,4,4545.55,1
ACC-20645,2024-05-06,Professional,E-Commerce,79.0,1,1191.53,0
ACC-20646,2024-05-06,Starter,Healthcare,90.0,1,292.0,0
ACC-20647,2024-05-06,Starter,Fintech,65.9,0,248.16,0
ACC-20648,2024-05-06,Professional,Healthcare,98.4,0,1216.72,0
ACC-20649,2024-05-06,Professional,E-Commerce,94.9,2,1225.51,0
ACC-20650,2024-05-06,Starter,Fintech,79.6,1,208.93,0
ACC-20651,2024-05-06,Starter,Fintech,83.2,1,206.86,0
ACC-20652,2024-05-06,Professional,Fintech,100.1,1,1227.42,0
ACC-20653,2024-05-06,Starter,SaaS,73.7,0,207.69,0
ACC-20654,2024-05-06,Starter,E-Commerce,96.4,1,181.33,0
ACC-20655,2024-05-06,Starter,E-Commerce,92.3,1,197.88,0
ACC-20656,2024-05-06,Starter,E-Commerce,84.7,0,163.93,0
ACC-20657,2024-05-06,Enterprise,E-Commerce,96.7,2,4546.2,0
ACC-20658,2024-05-06,Enterprise,Healthcare,92.5,2,4524.76,0
ACC-20659,2024-05-06,Professional,E-Commerce,80.7,0,1247.88,0
ACC-20660,2024-05-06,Starter,Fintech,77.9,2,167.39,0
ACC-20661,2024-05-06,Starter,E-Commerce,124.0,1,308.44,0
ACC-20662,2024-05-06,Starter,E-Commerce,89.5,4,170.54,0
ACC-20663,2024-05-06,Starter,Healthcare,65.3,2,201.98,0
ACC-20664,2024-05-06,Professional,Healthcare,79.7,1,1211.37,0
ACC-20665,2024-05-06,Starter,Fintech,84.0,2,258.14,0
ACC-20666,2024-05-06,Starter,E-Commerce,83.0,2,159.81,0
ACC-20667,2024-05-06,Starter,E-Commerce,85.0,0,103.11,0
ACC-20668,2024-05-06,Starter,SaaS,68.0,0,173.78,0
ACC-20669,2024-05-06,Starter,Healthcare,106.6,3,197.35,0
ACC-20670,2024-05-06,Starter,E-Commerce,113.1,2,175.04,0
ACC-20671,2024-05-06,Enterprise,E-Commerce,95.6,0,4538.78,0
ACC-20672,2024-05-06,Starter,SaaS,113.3,1,200.57,0
ACC-20673,2024-05-06,Starter,Healthcare,83.5,0,133.29,0
ACC-20674,2024-05-06,Enterprise,Healthcare,77.1,0,4472.08,0
ACC-20675,2024-05-06,Enterprise,E-Commerce,109.6,2,4444.0,0
ACC-20676,2024-05-06,Professional,E-Commerce,85.8,2,1190.13,0
ACC-20677,2024-05-06,Professional,SaaS,63.3,0,1154.27,0
ACC-20678,2024-05-06,Starter,Fintech,73.2,2,147.1,0
ACC-20679,2024-05-06,Starter,Fintech,55.6,0,176.3,0
ACC-20680,2024-05-06,Starter,SaaS,65.7,0,184.33,0
ACC-20681,2024-05-06,Professional,Healthcare,59.2,0,1183.62,0
ACC-20682,2024-05-06,Professional,E-Commerce,89.5,4,1197.76,0
ACC-20683,2024-05-06,Starter,Healthcare,89.1,4,198.96,0
ACC-20684,2024-05-06,Starter,Fintech,97.1,2,202.2,0
ACC-20685,2024-05-06,Professional,E-Commerce,60.0,3,1235.61,0
ACC-20686,2024-05-06,Starter,E-Commerce,63.6,2,151.28,1
ACC-20687,2024-05-06,Professional,Healthcare,135.7,0,1225.79,0
ACC-20688,2024-05-06,Professional,Healthcare,83.8,2,1174.23,0
ACC-20689,2024-05-06,Professional,SaaS,86.7,1,1177.17,0
ACC-20690,2024-05-06,Professional,Fintech,91.9,2,1262.78,0
ACC-20691,2024-05-06,Enterprise,SaaS,90.1,2,4504.42,0
ACC-20692,2024-05-06,Starter,Fintech,81.4,1,159.43,0
ACC-20693,2024-05-06,Professional,E-Commerce,72.1,1,1204.87,0
ACC-20694,2024-05-06,Professional,SaaS,105.0,1,1155.63,0
ACC-20695,2024-05-06,Starter,E-Commerce,73.5,1,110.2,0
ACC-20696,2024-05-06,Starter,Healthcare,98.2,3,188.82,0
ACC-20697,2024-05-06,Starter,E-Commerce,92.2,1,198.64,0
ACC-20698,2024-05-06,Starter,Healthcare,89.9,2,173.76,0
ACC-20699,2024-05-06,Professional,Fintech,65.8,1,1145.6,0
ACC-20700,2024-05-06,Professional,SaaS,92.9,1,1080.57,0
ACC-20701,2024-05-06,Starter,E-Commerce,80.8,0,201.76,0
ACC-20702,2024-05-06,Starter,E-Commerce,77.7,0,194.96,0
ACC-20703,2024-05-06,Enterprise,Healthcare,97.3,0,4481.01,0
ACC-20704,2024-05-06,Starter,Fintech,87.8,1,181.66,0
ACC-20705,2024-05-06,Starter,Fintech,75.4,1,98.67,0
ACC-20706,2024-05-06,Professional,E-Commerce,77.3,1,1201.33,0
ACC-20707,2024-05-06,Starter,E-Commerce,87.8,1,230.5,0
ACC-20708,2024-05-06,Starter,Healthcare,76.9,1,131.09,0
ACC-20709,2024-05-06,Starter,SaaS,83.8,2,228.18,0
ACC-20710,2024-05-06,Starter,Fintech,52.3,0,197.16,0
ACC-20711,2024-05-06,Professional,Healthcare,82.2,1,1263.81,0
ACC-20712,2024-05-06,Starter,Fintech,108.2,1,196.6,0
ACC-20713,2024-05-06,Starter,Healthcare,79.2,1,241.28,0
ACC-20714,2024-05-06,Professional,Fintech,75.5,1,1118.0,0
ACC-20715,2024-05-06,Professional,SaaS,113.8,0,1241.45,0
ACC-20716,2024-05-07,Starter,Fintech,93.8,1,221.88,0
ACC-20717,2024-05-07,Starter,SaaS,116.1,1,221.66,0
ACC-20718,2024-05-07,Professional,Healthcare,104.3,0,1193.77,0
ACC-20719,2024-05-07,Starter,SaaS,78.0,3,271.19,0
ACC-20720,2024-05-07,Starter,E-Commerce,67.8,1,203.48,0
ACC-20721,2024-05-07,Professional,SaaS,49.3,0,1144.93,0
ACC-20722,2024-05-07,Enterprise,Fintech,72.8,3,4509.02,0
ACC-20723,2024-05-07,Professional,E-Commerce,79.7,3,1189.4,0
ACC-20724,2024-05-07,Professional,SaaS,112.9,3,1206.23,0
ACC-20725,2024-05-07,Professional,Fintech,80.2,2,1224.86,0
ACC-20726,2024-05-07,Starter,Fintech,66.5,1,127.42,0
ACC-20727,2024-05-07,Professional,Healthcare,66.7,0,1154.22,0
ACC-20728,2024-05-07,Starter,SaaS,89.4,2,219.7,0
ACC-20729,2024-05-07,Starter,Healthcare,75.5,1,121.48,0
ACC-20730,2024-05-07,Professional,Healthcare,96.3,1,1239.16,0
ACC-20731,2024-05-07,Professional,Fintech,89.1,1,1245.69,0
ACC-20732,2024-05-07,Starter,Fintech,52.5,2,235.7,0
ACC-20733,2024-05-07,Enterprise,SaaS,69.3,2,4534.23,0
ACC-20734,2024-05-07,Starter,Fintech,68.2,0,205.49,0
ACC-20735,2024-05-07,Starter,E-Commerce,115.3,2,236.06,0
ACC-20736,2024-05-07,Starter,SaaS,77.0,0,223.73,0
ACC-20737,2024-05-07,Professional,Fintech,77.3,1,1271.36,0
ACC-20738,2024-05-07,Professional,E-Commerce,76.1,0,1216.43,0
ACC-20739,2024-05-07,Starter,Fintech,103.2,1,164.03,0
ACC-20740,2024-05-07,Professional,E-Commerce,92.8,0,1173.71,0
ACC-20741,2024-05-07,Starter,Fintech,73.8,0,179.98,0
ACC-20742,2024-05-07,Professional,E-Commerce,85.4,2,1185.63,0
ACC-20743,2024-05-07,Starter,Healthcare,59.0,1,189.36,0
ACC-20744,2024-05-07,Starter,Healthcare,57.2,0,224.31,0
ACC-20745,2024-05-07,Enterprise,E-Commerce,76.8,0,4446.11,0
ACC-20746,2024-05-07,Starter,Fintech,65.8,2,162.56,0
ACC-20747,2024-05-07,Starter,E-Commerce,92.2,0,154.14,0
ACC-20748,2024-05-07,Professional,Healthcare,79.8,2,1245.15,0
ACC-20749,2024-05-07,Enterprise,E-Commerce,82.5,1,4451.44,0
ACC-20750,2024-05-07,Starter,Fintech,86.9,1,129.42,0
ACC-20751,2024-05-07,Starter,E-Commerce,121.4,0,218.42,0
ACC-20752,2024-05-07,Starter,Fintech,99.7,5,208.98,1
ACC-20753,2024-05-07,Starter,Healthcare,83.8,2,254.83,0
ACC-20754,2024-05-07,Starter,Fintech,84.8,4,181.72,0
ACC-20755,2024-05-07,Professional,E-Commerce,96.1,0,1242.31,0
ACC-20756,2024-05-07,Enterprise,Fintech,83.8,2,4539.1,0
ACC-20757,2024-05-07,Starter,SaaS,77.4,1,240.74,0
ACC-20758,2024-05-07,Starter,SaaS,86.5,3,162.31,0
ACC-20759,2024-05-07,Starter,Fintech,89.9,1,50.0,0
ACC-20760,2024-05-07,Starter,E-Commerce,54.1,2,159.99,1
ACC-20761,2024-05-07,Enterprise,Fintech,68.4,0,4452.1,0
ACC-20762,2024-05-07,Starter,Healthcare,114.3,1,203.9,0
ACC-20763,2024-05-07,Starter,E-Commerce,105.6,1,204.23,0
ACC-20764,2024-05-07,Professional,E-Commerce,107.3,0,1176.54,0
ACC-20765,2024-05-07,Starter,E-Commerce,75.6,2,138.37,0
ACC-20766,2024-05-07,Professional,Fintech,60.1,2,1277.49,0
ACC-20767,2024-05-07,Starter,Healthcare,101.9,2,195.07,0
ACC-20768,2024-05-07,Professional,Fintech,93.8,2,1116.43,0
ACC-20769,2024-05-07,Enterprise,E-Commerce,72.3,1,4587.21,0
ACC-20770,2024-05-07,Professional,Healthcare,57.9,2,1134.07,0
ACC-20771,2024-05-07,Enterprise,E-Commerce,88.0,1,4523.02,0
ACC-20772,2024-05-07,Starter,Fintech,69.5,2,322.29,0
ACC-20773,2024-05-07,Starter,Healthcare,79.9,1,297.65,0
ACC-20774,2024-05-07,Professional,Healthcare,86.0,0,1162.22,0
ACC-20775,2024-05-07,Professional,Fintech,69.0,0,1188.67,0
ACC-20776,2024-05-07,Starter,Healthcare,94.9,1,154.75,0
ACC-20777,2024-05-07,Starter,SaaS,89.5,1,117.22,0
ACC-20778,2024-05-07,Starter,SaaS,89.1,2,181.32,0
ACC-20779,2024-05-07,Starter,Healthcare,100.1,2,353.38,0
ACC-20780,2024-05-07,Starter,Healthcare,69.5,1,190.65,0
ACC-20781,2024-05-07,Professional,Fintech,93.7,2,1223.35,0
ACC-20782,2024-05-07,Starter,SaaS,79.8,1,157.89,0
ACC-20783,2024-05-07,Starter,Fintech,59.0,1,93.51,0
ACC-20784,2024-05-07,Professional,SaaS,75.2,3,1255.58,0
ACC-20785,2024-05-07,Professional,Healthcare,86.1,1,1077.61,0
ACC-20786,2024-05-07,Enterprise,Healthcare,104.8,0,4472.42,0
ACC-20787,2024-05-07,Professional,SaaS,110.9,1,1125.45,0
ACC-20788,2024-05-07,Starter,Fintech,110.1,2,310.24,0
ACC-20789,2024-05-07,Professional,E-Commerce,105.0,3,1167.9,0
ACC-20790,2024-05-07,Starter,Healthcare,86.8,1,233.12,0
ACC-20791,2024-05-07,Starter,Fintech,69.2,1,224.74,0
ACC-20792,2024-05-07,Professional,Healthcare,110.2,0,1199.89,0
ACC-20793,2024-05-07,Enterprise,E-Commerce,76.7,1,4469.16,0
ACC-20794,2024-05-07,Starter,E-Commerce,101.5,1,195.29,0
ACC-20795,2024-05-07,Starter,Fintech,94.0,1,151.22,0
ACC-20796,2024-05-07,Starter,SaaS,80.6,0,210.03,0
ACC-20797,2024-05-07,Starter,Fintech,82.4,2,307.9,0
ACC-20798,2024-05-07,Starter,Fintech,87.9,1,236.76,0
ACC-20799,2024-05-07,Professional,Fintech,81.4,0,1251.4,0
ACC-20800,2024-05-07,Starter,Fintech,91.3,1,149.24,0
ACC-20801,2024-05-07,Enterprise,Fintech,54.6,2,4461.83,0
ACC-20802,2024-05-07,Professional,SaaS,83.9,0,1249.37,0
ACC-20803,2024-05-07,Professional,Healthcare,67.8,0,1237.05,0
ACC-20804,2024-05-07,Professional,Fintech,79.6,0,1188.22,0
ACC-20805,2024-05-07,Starter,Fintech,69.9,1,216.46,0
ACC-20806,2024-05-07,Starter,E-Commerce,80.0,1,204.02,0
ACC-20807,2024-05-07,Professional,SaaS,76.0,1,1188.86,0
ACC-20808,2024-05-07,Professional,Fintech,71.3,0,1186.07,0
ACC-20809,2024-05-07,Professional,Fintech,80.0,0,1213.96,0
ACC-20810,2024-05-07,Starter,Fintech,94.5,1,137.86,0
ACC-20811,2024-05-07,Enterprise,Fintech,56.1,1,4495.71,0
ACC-20812,2024-05-07,Starter,Fintech,74.7,3,197.34,0
ACC-20813,2024-05-07,Enterprise,Healthcare,111.0,3,4415.61,0
ACC-20814,2024-05-07,Enterprise,Fintech,93.6,1,4475.13,0
ACC-20815,2024-05-07,Starter,Healthcare,105.8,1,297.59,0
ACC-20816,2024-05-07,Professional,Fintech,75.8,2,1158.38,0
ACC-20817,2024-05-07,Starter,SaaS,79.4,3,213.06,1
ACC-20818,2024-05-07,Starter,SaaS,110.5,3,165.09,0
ACC-20819,2024-05-07,Starter,E-Commerce,96.8,0,222.98,0
ACC-20820,2024-05-07,Professional,Healthcare,115.3,1,1202.2,0
ACC-20821,2024-05-07,Enterprise,Healthcare,74.9,1,4403.72,0
ACC-20822,2024-05-07,Professional,Healthcare,72.5,0,1175.45,0
ACC-20823,2024-05-07,Starter,E-Commerce,105.8,0,219.83,0
ACC-20824,2024-05-07,Professional,Healthcare,72.5,1,1253.3,0
ACC-20825,2024-05-07,Enterprise,SaaS,88.1,0,4407.9,0
ACC-20826,2024-05-07,Starter,SaaS,92.8,0,169.22,0
ACC-20827,2024-05-07,Enterprise,Healthcare,73.1,0,4590.15,0
ACC-20828,2024-05-08,Starter,E-Commerce,90.7,0,202.06,0
ACC-20829,2024-05-08,Professional,Fintech,73.0,2,1158.95,0
ACC-20830,2024-05-08,Starter,Fintech,117.0,1,233.45,0
ACC-20831,2024-05-08,Starter,Healthcare,47.1,1,184.95,0
ACC-20832,2024-05-08,Starter,Fintech,102.1,1,205.67,0
ACC-20833,2024-05-08,Professional,SaaS,77.2,3,1127.44,0
ACC-20834,2024-05-08,Starter,Fintech,100.4,0,176.42,0
ACC-20835,2024-05-08,Starter,Healthcare,95.8,0,210.35,0
ACC-20836,2024-05-08,Professional,E-Commerce,52.1,1,1162.8,0
ACC-20837,2024-05-08,Enterprise,E-Commerce,85.2,1,4509.02,0
ACC-20838,2024-05-08,Starter,Healthcare,92.7,1,174.06,0
ACC-20839,2024-05-08,Starter,SaaS,85.3,3,173.94,0
ACC-20840,2024-05-08,Starter,E-Commerce,92.5,2,173.53,0
ACC-20841,2024-05-08,Starter,Healthcare,117.8,0,172.82,0
ACC-20842,2024-05-08,Professional,Fintech,64.8,0,1229.56,0
ACC-20843,2024-05-08,Professional,Healthcare,60.9,1,1263.25,0
ACC-20844,2024-05-08,Professional,SaaS,111.0,4,1146.48,0
ACC-20845,2024-05-08,Starter,E-Commerce,110.1,3,212.57,0
ACC-20846,2024-05-08,Professional,SaaS,92.7,0,1243.48,0
ACC-20847,2024-05-08,Professional,Healthcare,88.1,1,1207.47,0
ACC-20848,2024-05-08,Professional,Fintech,84.8,1,1214.2,0
ACC-20849,2024-05-08,Professional,Fintech,87.6,1,1164.17,0
ACC-20850,2024-05-08,Professional,Healthcare,90.2,5,1183.15,1
ACC-20851,2024-05-08,Professional,E-Commerce,81.4,1,1217.38,0
ACC-20852,2024-05-08,Starter,E-Commerce,84.8,3,221.99,0
ACC-20853,2024-05-08,Enterprise,Fintech,81.6,1,4413.5,0
ACC-20854,2024-05-08,Starter,Healthcare,96.9,1,226.03,0
ACC-20855,2024-05-08,Professional,Healthcare,118.3,1,1191.26,0
ACC-20856,2024-05-08,Starter,Healthcare,95.6,0,208.11,0
ACC-20857,2024-05-08,Professional,Fintech,82.8,2,1255.61,1
ACC-20858,2024-05-08,Professional,Fintech,82.9,3,1300.89,0
ACC-20859,2024-05-08,Starter,Fintech,88.2,0,191.71,0
ACC-20860,2024-05-08,Starter,Fintech,67.1,2,234.61,0
ACC-20861,2024-05-08,Professional,Fintech,76.8,2,1242.61,0
ACC-20862,2024-05-08,Professional,Fintech,87.1,1,1270.29,0
ACC-20863,2024-05-08,Starter,E-Commerce,79.3,0,221.7,0
ACC-20864,2024-05-08,Starter,Healthcare,71.3,0,249.5,0
ACC-20865,2024-05-08,Professional,SaaS,90.5,0,1280.14,0
ACC-20866,2024-05-08,Starter,Fintech,101.1,1,240.73,0
ACC-20867,2024-05-08,Starter,Healthcare,64.4,0,144.34,0
ACC-20868,2024-05-08,Starter,Healthcare,90.1,1,208.11,0
ACC-20869,2024-05-08,Starter,Fintech,78.8,3,235.26,0
ACC-20870,2024-05-08,Starter,SaaS,85.8,1,138.58,0
ACC-20871,2024-05-08,Starter,Fintech,56.0,0,183.51,0
ACC-20872,2024-05-08,Starter,SaaS,62.2,1,219.21,0
ACC-20873,2024-05-08,Starter,SaaS,101.6,4,196.53,1
ACC-20874,2024-05-08,Starter,Healthcare,97.8,3,173.14,0
ACC-20875,2024-05-08,Starter,Healthcare,75.1,0,208.7,0
ACC-20876,2024-05-08,Starter,E-Commerce,90.0,0,283.94,0
ACC-20877,2024-05-08,Professional,Healthcare,65.4,3,1224.08,0
ACC-20878,2024-05-08,Starter,E-Commerce,81.6,1,169.84,0
ACC-20879,2024-05-08,Starter,Fintech,52.6,1,261.53,0
ACC-20880,2024-05-08,Starter,Fintech,69.6,3,271.09,0
ACC-20881,2024-05-08,Starter,Healthcare,64.6,3,195.39,0
ACC-20882,2024-05-08,Professional,Healthcare,75.4,0,1088.71,0
ACC-20883,2024-05-08,Professional,SaaS,86.8,2,1259.46,0
ACC-20884,2024-05-08,Enterprise,Fintech,71.9,1,4501.54,0
ACC-20885,2024-05-08,Professional,SaaS,91.8,1,1186.69,0
ACC-20886,2024-05-08,Enterprise,Fintech,61.9,0,4587.9,0
ACC-20887,2024-05-08,Starter,Healthcare,97.9,1,242.62,0
ACC-20888,2024-05-08,Starter,Healthcare,55.8,0,195.53,0
ACC-20889,2024-05-08,Starter,Healthcare,101.7,4,172.42,0
ACC-20890,2024-05-08,Starter,Fintech,75.9,0,231.48,0
ACC-20891,2024-05-08,Starter,Healthcare,54.7,2,208.5,0
ACC-20892,2024-05-08,Professional,SaaS,81.8,1,1213.41,0
ACC-20893,2024-05-08,Starter,Healthcare,101.7,2,230.19,0
ACC-20894,2024-05-08,Enterprise,Healthcare,70.4,0,4506.38,0
ACC-20895,2024-05-08,Professional,SaaS,71.5,2,1188.01,0
ACC-20896,2024-05-08,Starter,E-Commerce,73.3,0,216.28,0
ACC-20897,2024-05-08,Starter,Healthcare,92.2,0,233.28,0
ACC-20898,2024-05-08,Starter,Fintech,86.3,0,221.73,0
ACC-20899,2024-05-08,Starter,SaaS,94.6,2,167.36,0
ACC-20900,2024-05-08,Starter,E-Commerce,71.5,1,246.25,0
ACC-20901,2024-05-08,Starter,Fintech,112.4,1,220.87,0
ACC-20902,2024-05-08,Starter,Fintech,90.8,1,221.83,0
ACC-20903,2024-05-08,Starter,SaaS,99.2,0,213.72,0
ACC-20904,2024-05-08,Enterprise,Fintech,67.1,1,4378.49,0
ACC-20905,2024-05-08,Professional,SaaS,85.9,2,1179.2,0
ACC-20906,2024-05-08,Enterprise,Fintech,98.7,0,4491.88,0
ACC-20907,2024-05-08,Starter,E-Commerce,77.8,0,225.36,0
ACC-20908,2024-05-08,Starter,Healthcare,96.3,1,163.72,0
ACC-20909,2024-05-08,Professional,Healthcare,88.1,1,1197.75,0
ACC-20910,2024-05-08,Starter,SaaS,84.6,2,150.3,0
ACC-20911,2024-05-08,Starter,Healthcare,86.4,2,181.8,0
ACC-20912,2024-05-08,Professional,Healthcare,76.3,1,1246.84,0
ACC-20913,2024-05-08,Professional,Fintech,96.1,0,1233.49,0
ACC-20914,2024-05-08,Starter,Fintech,89.4,1,190.21,0
ACC-20915,2024-05-08,Starter,Fintech,81.5,3,177.46,0
ACC-20916,2024-05-08,Starter,E-Commerce,74.8,0,181.95,0
ACC-20917,2024-05-08,Starter,Fintech,80.1,0,129.66,0
ACC-20918,2024-05-08,Starter,Fintech,103.4,1,310.11,0
ACC-20919,2024-05-08,Starter,Healthcare,74.6,1,264.51,0
ACC-20920,2024-05-08,Starter,E-Commerce,111.8,0,191.73,0
ACC-20921,2024-05-08,Enterprise,E-Commerce,96.4,1,4534.5,0
ACC-20922,2024-05-08,Professional,Fintech,65.0,0,1162.49,0
ACC-20923,2024-05-08,Professional,Fintech,56.3,2,1128.61,0
ACC-20924,2024-05-08,Starter,SaaS,94.3,0,261.14,0
ACC-20925,2024-05-08,Starter,Fintech,84.2,0,172.82,0
ACC-20926,2024-05-08,Starter,SaaS,96.6,1,189.07,0
ACC-20927,2024-05-08,Starter,SaaS,80.2,0,169.62,0
ACC-20928,2024-05-08,Starter,E-Commerce,81.4,1,186.34,0
ACC-20929,2024-05-08,Professional,Fintech,74.5,0,1132.52,0
ACC-20930,2024-05-08,Professional,SaaS,94.9,0,1211.7,0
ACC-20931,2024-05-08,Starter,E-Commerce,68.2,1,241.46,0
ACC-20932,2024-05-08,Starter,E-Commerce,73.1,2,140.33,0
ACC-20933,2024-05-08,Enterprise,Healthcare,93.2,0,4473.5,0
ACC-20934,2024-05-08,Starter,Fintech,98.1,0,184.59,0
ACC-20935,2024-05-08,Starter,Fintech,58.1,1,197.58,0
ACC-20936,2024-05-08,Starter,Healthcare,78.7,2,185.64,0
ACC-20937,2024-05-08,Professional,E-Commerce,102.5,0,1249.31,0
ACC-20938,2024-05-08,Enterprise,Healthcare,89.6,0,4519.43,0
ACC-20939,2024-05-08,Starter,Healthcare,70.9,0,147.34,0
ACC-20940,2024-05-08,Enterprise,Healthcare,87.5,1,4484.86,0
ACC-20941,2024-05-08,Professional,E-Commerce,89.4,3,1267.67,0
ACC-20942,2024-05-09,Starter,SaaS,82.1,0,223.59,0
ACC-20943,2024-05-09,Starter,Fintech,108.9,0,232.03,0
ACC-20944,2024-05-09,Starter,Healthcare,65.8,0,188.94,0
ACC-20945,2024-05-09,Enterprise,Fintech,82.2,2,4514.17,0
ACC-20946,2024-05-09,Starter,E-Commerce,72.1,1,199.44,0
ACC-20947,2024-05-09,Professional,E-Commerce,73.3,2,1205.88,0
ACC-20948,2024-05-09,Starter,SaaS,82.6,1,197.05,0
ACC-20949,2024-05-09,Professional,Fintech,55.2,1,1201.52,0
ACC-20950,2024-05-09,Starter,SaaS,68.9,1,266.66,0
ACC-20951,2024-05-09,Professional,Fintech,102.6,0,1200.04,0
ACC-20952,2024-05-09,Professional,E-Commerce,109.5,0,1153.68,0
ACC-20953,2024-05-09,Professional,Fintech,81.8,0,1174.26,0
ACC-20954,2024-05-09,Enterprise,SaaS,75.3,1,4470.38,0
ACC-20955,2024-05-09,Starter,Healthcare,75.2,2,162.09,0
ACC-20956,2024-05-09,Professional,E-Commerce,80.3,3,1257.93,0
ACC-20957,2024-05-09,Starter,SaaS,81.1,0,197.95,0
ACC-20958,2024-05-09,Starter,Fintech,78.9,0,242.79,0
ACC-20959,2024-05-09,Starter,Fintech,96.0,1,183.61,1
ACC-20960,2024-05-09,Starter,SaaS,68.5,2,178.26,0
ACC-20961,2024-05-09,Starter,Healthcare,68.9,1,213.36,0
ACC-20962,2024-05-09,Enterprise,Fintech,83.6,1,4601.15,0
ACC-20963,2024-05-09,Starter,Healthcare,66.3,2,142.9,0
ACC-20964,2024-05-09,Professional,E-Commerce,74.5,2,1203.0,0
ACC-20965,2024-05-09,Starter,Fintech,67.6,1,270.34,0
ACC-20966,2024-05-09,Starter,Fintech,94.2,6,217.41,1
ACC-20967,2024-05-09,Starter,Fintech,91.7,2,151.41,0
ACC-20968,2024-05-09,Enterprise,Healthcare,102.0,1,4458.04,0
ACC-20969,2024-05-09,Enterprise,SaaS,86.1,0,4524.45,0
ACC-20970,2024-05-09,Enterprise,SaaS,110.1,1,4528.04,0
ACC-20971,2024-05-09,Enterprise,E-Commerce,82.8,1,4424.05,0
ACC-20972,2024-05-09,Starter,Fintech,83.2,1,183.19,0
ACC-20973,2024-05-09,Starter,SaaS,89.4,3,201.34,0
ACC-20974,2024-05-09,Professional,Healthcare,82.8,1,1151.73,0
ACC-20975,2024-05-09,Starter,Fintech,72.2,1,242.48,0
ACC-20976,2024-05-09,Starter,SaaS,81.5,1,252.44,0
ACC-20977,2024-05-09,Starter,E-Commerce,90.2,0,264.19,0
ACC-20978,2024-05-09,Professional,E-Commerce,79.6,1,1246.69,0
ACC-20979,2024-05-09,Professional,E-Commerce,107.6,1,1219.11,0
ACC-20980,2024-05-09,Starter,Fintech,94.5,0,223.88,0
ACC-20981,2024-05-09,Starter,Fintech,84.2,0,190.35,0
ACC-20982,2024-05-09,Professional,E-Commerce,83.0,0,1196.7,0
ACC-20983,2024-05-09,Professional,Fintech,83.6,3,1190.91,0
ACC-20984,2024-05-09,Starter,Healthcare,80.3,0,191.38,0
ACC-20985,2024-05-09,Professional,E-Commerce,61.2,3,1217.82,0
ACC-20986,2024-05-09,Starter,E-Commerce,90.2,0,244.34,0
ACC-20987,2024-05-09,Starter,Healthcare,109.8,3,241.44,0
ACC-20988,2024-05-09,Professional,E-Commerce,102.6,0,1195.34,0
ACC-20989,2024-05-09,Professional,SaaS,79.7,0,1201.54,0
ACC-20990,2024-05-09,Starter,E-Commerce,106.3,0,193.33,0
ACC-20991,2024-05-09,Professional,Fintech,64.2,4,1173.81,0
ACC-20992,2024-05-09,Professional,Fintech,69.9,1,1161.54,0
ACC-20993,2024-05-09,Professional,Healthcare,86.9,1,1081.82,0
ACC-20994,2024-05-09,Professional,Fintech,83.1,2,1243.36,0
ACC-20995,2024-05-09,Professional,Fintech,83.3,2,1127.63,0
ACC-20996,2024-05-09,Starter,Fintech,64.6,2,189.36,0
ACC-20997,2024-05-09,Starter,Healthcare,95.3,3,249.77,0
ACC-20998,2024-05-09,Starter,SaaS,95.5,0,116.25,0
ACC-20999,2024-05-09,Starter,Fintech,84.2,1,195.21,0
ACC-21000,2024-05-09,Professional,E-Commerce,61.8,3,1275.21,0
ACC-21001,2024-05-09,Starter,E-Commerce,78.4,3,207.31,0
ACC-21002,2024-05-09,Starter,Fintech,63.5,0,309.58,0
ACC-21003,2024-05-09,Starter,SaaS,58.9,1,180.05,0
ACC-21004,2024-05-09,Starter,E-Commerce,89.0,1,231.86,0
ACC-21005,2024-05-09,Starter,Healthcare,87.8,2,230.97,0
ACC-21006,2024-05-09,Professional,E-Commerce,104.5,1,1232.3,0
ACC-21007,2024-05-09,Starter,Fintech,100.1,1,143.92,0
ACC-21008,2024-05-09,Professional,E-Commerce,43.3,1,1195.64,0
ACC-21009,2024-05-09,Enterprise,Fintech,90.5,0,4515.63,0
ACC-21010,2024-05-09,Starter,SaaS,75.7,0,201.16,0
ACC-21011,2024-05-09,Starter,Healthcare,80.0,1,215.53,0
ACC-21012,2024-05-09,Starter,E-Commerce,91.7,2,287.41,0
ACC-21013,2024-05-09,Professional,Fintech,122.5,0,1201.22,0
ACC-21014,2024-05-09,Professional,E-Commerce,51.1,2,1280.35,0
ACC-21015,2024-05-09,Starter,E-Commerce,70.6,0,112.24,0
ACC-21016,2024-05-09,Starter,Healthcare,79.2,5,211.14,1
ACC-21017,2024-05-09,Enterprise,E-Commerce,111.4,1,4538.73,0
ACC-21018,2024-05-09,Starter,Healthcare,87.9,0,232.11,0
ACC-21019,2024-05-09,Starter,SaaS,87.4,1,126.6,0
ACC-21020,2024-05-09,Enterprise,Healthcare,93.8,0,4527.87,0
ACC-21021,2024-05-09,Professional,SaaS,79.2,3,1205.14,1
ACC-21022,2024-05-09,Enterprise,SaaS,72.4,2,4441.64,0
ACC-21023,2024-05-09,Professional,Healthcare,112.2,0,1141.48,0
ACC-21024,2024-05-09,Professional,Fintech,102.8,0,1287.81,0
ACC-21025,2024-05-09,Starter,Healthcare,67.5,1,109.42,0
ACC-21026,2024-05-09,Professional,SaaS,74.1,1,1169.58,0
ACC-21027,2024-05-09,Enterprise,Fintech,93.0,4,4427.27,0
ACC-21028,2024-05-09,Professional,Healthcare,89.9,3,1207.73,0
ACC-21029,2024-05-09,Starter,SaaS,84.1,1,209.25,0
ACC-21030,2024-05-09,Starter,Healthcare,97.4,1,242.18,0
ACC-21031,2024-05-09,Starter,E-Commerce,85.6,0,184.53,0
ACC-21032,2024-05-09,Starter,Fintech,85.3,0,229.14,0
ACC-21033,2024-05-09,Starter,Fintech,57.9,0,250.05,0
ACC-21034,2024-05-09,Professional,E-Commerce,94.7,0,1178.45,0
ACC-21035,2024-05-09,Professional,Fintech,109.1,1,1142.98,0
ACC-21036,2024-05-09,Starter,Fintech,107.2,1,225.44,0
ACC-21037,2024-05-09,Professional,SaaS,78.1,2,1180.21,0
ACC-21038,2024-05-09,Starter,Healthcare,94.7,1,321.37,0
ACC-21039,2024-05-09,Starter,SaaS,86.5,0,187.02,0
ACC-21040,2024-05-09,Starter,SaaS,72.5,0,145.75,0
ACC-21041,2024-05-09,Starter,Fintech,77.2,1,71.09,0
ACC-21042,2024-05-09,Starter,Fintech,86.6,1,229.02,0
ACC-21043,2024-05-09,Starter,E-Commerce,74.2,1,168.74,0
ACC-21044,2024-05-09,Starter,Healthcare,104.7,1,248.01,0
ACC-21045,2024-05-09,Professional,Fintech,86.4,0,1219.6,0
ACC-21046,2024-05-09,Starter,E-Commerce,67.2,2,241.6,0
ACC-21047,2024-05-09,Professional,Fintech,94.8,1,1123.64,0
ACC-21048,2024-05-09,Professional,SaaS,98.2,0,1231.0,0
ACC-21049,2024-05-09,Professional,Fintech,104.1,1,1252.42,0
ACC-21050,2024-05-09,Enterprise,Fintech,63.1,1,4468.76,0
ACC-21051,2024-05-09,Starter,Fintech,101.7,0,185.3,0
ACC-21052,2024-05-09,Starter,SaaS,72.8,0,240.65,0
ACC-21053,2024-05-09,Enterprise,E-Commerce,80.0,0,4517.0,0
ACC-21054,2024-05-09,Starter,SaaS,84.5,1,161.78,0
ACC-21055,2024-05-09,Professional,Healthcare,97.2,1,1104.87,0
ACC-21056,2024-05-09,Professional,Healthcare,73.0,1,1109.39,0
ACC-21057,2024-05-09,Professional,Fintech,83.8,2,1173.63,0
ACC-21058,2024-05-09,Enterprise,Healthcare,60.8,1,4454.01,0
ACC-21059,2024-05-09,Enterprise,E-Commerce,79.4,0,4465.55,0
ACC-21060,2024-05-09,Professional,E-Commerce,96.9,0,1275.57,0
ACC-21061,2024-05-09,Starter,Fintech,103.4,0,112.71,0
ACC-21062,2024-05-09,Enterprise,SaaS,115.7,2,4451.27,0
ACC-21063,2024-05-09,Starter,Fintech,87.9,0,218.81,0
ACC-21064,2024-05-09,Starter,SaaS,93.0,1,222.85,0
ACC-21065,2024-05-09,Enterprise,Fintech,112.9,3,4468.53,0
ACC-21066,2024-05-09,Starter,Healthcare,80.4,1,142.53,0
ACC-21067,2024-05-10,Starter,Healthcare,103.0,6,221.61,1
ACC-21068,2024-05-10,Starter,Healthcare,71.5,1,199.02,0
ACC-21069,2024-05-10,Enterprise,E-Commerce,102.9,2,4430.17,0
ACC-21070,2024-05-10,Starter,Healthcare,96.7,3,241.66,0
ACC-21071,2024-05-10,Professional,Healthcare,70.1,1,1172.56,0
ACC-21072,2024-05-10,Starter,E-Commerce,113.8,2,202.4,0
ACC-21073,2024-05-10,Professional,E-Commerce,81.4,0,1212.56,0
ACC-21074,2024-05-10,Professional,SaaS,65.0,1,1124.57,0
ACC-21075,2024-05-10,Starter,Fintech,78.2,2,207.68,0
ACC-21076,2024-05-10,Starter,E-Commerce,108.4,1,166.04,0
ACC-21077,2024-05-10,Starter,E-Commerce,117.5,0,255.03,0
ACC-21078,2024-05-10,Enterprise,Healthcare,52.9,0,4516.13,0
ACC-21079,2024-05-10,Professional,Healthcare,86.4,0,1170.82,0
ACC-21080,2024-05-10,Enterprise,Healthcare,79.9,2,4493.41,0
ACC-21081,2024-05-10,Starter,Fintech,84.4,1,246.22,0
ACC-21082,2024-05-10,Professional,Fintech,60.2,1,1224.14,0
ACC-21083,2024-05-10,Professional,Fintech,81.8,1,1158.83,0
ACC-21084,2024-05-10,Professional,E-Commerce,100.8,0,1175.28,0
ACC-21085,2024-05-10,Enterprise,E-Commerce,84.6,2,4560.81,0
ACC-21086,2024-05-10,Starter,SaaS,78.8,0,157.37,0
ACC-21087,2024-05-10,Starter,E-Commerce,94.1,1,192.78,0
ACC-21088,2024-05-10,Professional,Fintech,66.4,3,1232.78,0
ACC-21089,2024-05-10,Professional,SaaS,59.5,2,1239.21,0
ACC-21090,2024-05-10,Professional,SaaS,61.8,3,1257.61,1
ACC-21091,2024-05-10,Starter,Healthcare,79.9,0,228.11,0
ACC-21092,2024-05-10,Starter,E-Commerce,104.7,1,313.63,0
ACC-21093,2024-05-10,Starter,SaaS,76.2,2,225.45,0
ACC-21094,2024-05-10,Starter,Healthcare,76.2,0,211.71,0
ACC-21095,2024-05-10,Professional,SaaS,88.7,0,1143.9,0
ACC-21096,2024-05-10,Professional,Fintech,78.5,0,1322.05,0
ACC-21097,2024-05-10,Starter,Fintech,97.8,1,199.31,0
ACC-21098,2024-05-10,Starter,Healthcare,73.6,0,149.61,0
ACC-21099,2024-05-10,Starter,E-Commerce,106.3,2,125.91,0
ACC-21100,2024-05-10,Starter,SaaS,121.8,0,251.92,0
ACC-21101,2024-05-10,Professional,SaaS,99.3,1,1218.38,0
ACC-21102,2024-05-10,Enterprise,Healthcare,87.1,3,4562.84,0
ACC-21103,2024-05-10,Starter,Fintech,103.3,1,204.35,0
ACC-21104,2024-05-10,Professional,SaaS,91.7,1,1261.06,0
ACC-21105,2024-05-10,Enterprise,E-Commerce,69.4,1,4595.78,0
ACC-21106,2024-05-10,Professional,Fintech,86.7,0,1134.41,0
ACC-21107,2024-05-10,Starter,Healthcare,60.9,3,208.47,0
ACC-21108,2024-05-10,Enterprise,E-Commerce,90.6,2,4585.92,0
ACC-21109,2024-05-10,Starter,E-Commerce,70.9,0,121.6,0
ACC-21110,2024-05-10,Starter,Healthcare,24.0,0,144.31,0
ACC-21111,2024-05-10,Starter,Healthcare,99.0,1,213.93,0
ACC-21112,2024-05-10,Starter,SaaS,71.4,0,178.89,0
ACC-21113,2024-05-10,Starter,E-Commerce,112.8,3,218.91,0
ACC-21114,2024-05-10,Starter,Healthcare,88.1,1,175.65,0
ACC-21115,2024-05-10,Starter,Fintech,82.1,0,201.69,0
ACC-21116,2024-05-10,Professional,E-Commerce,105.1,1,1204.62,0
ACC-21117,2024-05-10,Enterprise,Fintech,85.5,1,4447.5,0
ACC-21118,2024-05-10,Starter,Fintech,86.8,0,152.21,0
ACC-21119,2024-05-10,Enterprise,Healthcare,102.8,0,4512.84,0
ACC-21120,2024-05-10,Enterprise,Fintech,110.6,5,4545.84,0
ACC-21121,2024-05-10,Professional,E-Commerce,100.2,0,1229.52,0
ACC-21122,2024-05-10,Starter,Fintech,97.3,5,187.21,1
ACC-21123,2024-05-10,Professional,E-Commerce,76.8,0,1241.29,0
ACC-21124,2024-05-10,Enterprise,Fintech,77.7,2,4418.18,0
ACC-21125,2024-05-10,Professional,Fintech,94.7,1,1144.59,0
ACC-21126,2024-05-10,Starter,Fintech,86.0,0,258.74,0
ACC-21127,2024-05-10,Starter,SaaS,62.9,2,181.78,0
ACC-21128,2024-05-10,Professional,SaaS,100.2,2,1316.71,0
ACC-21129,2024-05-10,Starter,Fintech,93.4,0,132.2,0
ACC-21130,2024-05-10,Starter,E-Commerce,92.9,0,242.81,0
ACC-21131,2024-05-10,Starter,E-Commerce,93.6,0,190.91,0
ACC-21132,2024-05-10,Professional,SaaS,82.3,2,1140.15,0
ACC-21133,2024-05-10,Enterprise,Healthcare,91.8,0,4508.48,0
ACC-21134,2024-05-10,Starter,E-Commerce,40.9,3,164.87,0
ACC-21135,2024-05-10,Enterprise,Fintech,98.6,1,4546.93,0
ACC-21136,2024-05-10,Starter,Healthcare,82.3,1,195.23,0
ACC-21137,2024-05-10,Professional,SaaS,82.4,0,1137.68,0
ACC-21138,2024-05-10,Professional,Healthcare,85.6,0,1253.37,0
ACC-21139,2024-05-10,Professional,Fintech,79.8,0,1087.37,0
ACC-21140,2024-05-10,Enterprise,Fintech,81.6,0,4468.63,0
ACC-21141,2024-05-10,Starter,E-Commerce,88.3,1,203.31,0
ACC-21142,2024-05-10,Enterprise,E-Commerce,88.3,2,4491.57,0
ACC-21143,2024-05-10,Starter,Healthcare,100.1,1,224.85,0
ACC-21144,2024-05-10,Professional,SaaS,82.3,3,1283.88,0
ACC-21145,2024-05-10,Professional,Fintech,66.2,0,1236.47,0
ACC-21146,2024-05-10,Professional,Healthcare,102.0,2,1230.44,0
ACC-21147,2024-05-10,Starter,SaaS,93.8,0,183.64,0
ACC-21148,2024-05-10,Enterprise,Healthcare,123.1,1,4424.51,0
ACC-21149,2024-05-10,Starter,Fintech,115.8,0,222.97,0
ACC-21150,2024-05-10,Starter,Healthcare,93.5,2,249.72,0
ACC-21151,2024-05-10,Professional,SaaS,54.4,3,1147.18,0
ACC-21152,2024-05-10,Starter,Fintech,79.8,0,167.77,0
ACC-21153,2024-05-10,Professional,SaaS,89.1,0,1173.17,0
ACC-21154,2024-05-10,Starter,E-Commerce,80.7,5,106.6,1
ACC-21155,2024-05-10,Starter,Fintech,42.7,2,241.7,0
ACC-21156,2024-05-10,Professional,E-Commerce,85.9,1,1216.98,0
ACC-21157,2024-05-10,Starter,Healthcare,78.3,2,211.73,0
ACC-21158,2024-05-10,Starter,Healthcare,88.2,0,146.24,0
ACC-21159,2024-05-10,Professional,E-Commerce,85.2,2,1174.74,0
ACC-21160,2024-05-10,Starter,SaaS,95.6,2,215.49,0
ACC-21161,2024-05-10,Professional,Fintech,78.9,1,1248.5,0
ACC-21162,2024-05-10,Starter,Healthcare,62.4,1,220.08,0
ACC-21163,2024-05-10,Professional,Healthcare,83.7,0,1242.01,0
ACC-21164,2024-05-10,Professional,Healthcare,87.2,1,1243.86,0
ACC-21165,2024-05-10,Professional,Healthcare,93.5,2,1201.79,0
ACC-21166,2024-05-10,Starter,Fintech,72.6,0,237.97,0
ACC-21167,2024-05-11,Professional,E-Commerce,89.2,0,1213.26,0
ACC-21168,2024-05-11,Professional,Healthcare,86.8,4,1189.87,0
ACC-21169,2024-05-11,Professional,Fintech,98.3,1,1191.98,0
ACC-21170,2024-05-11,Starter,SaaS,90.7,0,109.78,0
ACC-21171,2024-05-11,Enterprise,SaaS,65.8,1,4505.3,0
ACC-21172,2024-05-11,Professional,Healthcare,78.5,2,1156.26,0
ACC-21173,2024-05-11,Starter,Fintech,64.3,3,231.26,0
ACC-21174,2024-05-11,Starter,E-Commerce,99.5,2,253.37,0
ACC-21175,2024-05-11,Enterprise,Fintech,103.0,1,4543.72,0
ACC-21176,2024-05-11,Starter,Fintech,38.8,2,220.07,0
ACC-21177,2024-05-11,Enterprise,E-Commerce,90.9,0,4556.2,0
ACC-21178,2024-05-11,Professional,Fintech,116.6,6,1238.21,0
ACC-21179,2024-05-11,Professional,Fintech,62.4,1,1179.11,1
ACC-21180,2024-05-11,Starter,Fintech,76.6,4,282.97,0
ACC-21181,2024-05-11,Starter,Fintech,69.7,2,164.23,0
ACC-21182,2024-05-11,Enterprise,Fintech,76.9,0,4473.88,0
ACC-21183,2024-05-11,Starter,SaaS,67.5,0,192.9,0
ACC-21184,2024-05-11,Professional,Fintech,71.1,2,1203.79,0
ACC-21185,2024-05-11,Starter,Fintech,72.9,1,188.1,0
ACC-21186,2024-05-11,Starter,Fintech,95.8,0,226.05,0
ACC-21187,2024-05-11,Starter,SaaS,74.4,1,210.24,0
ACC-21188,2024-05-11,Starter,Healthcare,89.7,0,250.07,0
ACC-21189,2024-05-11,Enterprise,Healthcare,97.1,1,4503.54,0
ACC-21190,2024-05-11,Starter,SaaS,105.5,0,215.66,0
ACC-21191,2024-05-11,Starter,Healthcare,112.3,3,267.38,0
ACC-21192,2024-05-11,Starter,Healthcare,105.8,0,175.99,0
ACC-21193,2024-05-11,Starter,Fintech,56.1,1,218.28,0
ACC-21194,2024-05-11,Starter,Healthcare,90.4,0,138.88,0
ACC-21195,2024-05-11,Enterprise,Healthcare,106.6,7,4516.71,1
ACC-21196,2024-05-11,Starter,E-Commerce,76.7,0,156.75,0
ACC-21197,2024-05-11,Starter,Fintech,80.9,1,63.49,0
ACC-21198,2024-05-11,Starter,E-Commerce,76.9,1,125.81,0
ACC-21199,2024-05-11,Enterprise,Fintech,76.6,1,4435.1,0
ACC-21200,2024-05-11,Starter,Fintech,85.3,0,97.78,0
ACC-21201,2024-05-11,Starter,Healthcare,90.7,1,287.67,0
ACC-21202,2024-05-11,Professional,SaaS,87.4,3,1249.73,0
ACC-21203,2024-05-11,Professional,Healthcare,108.4,0,1090.32,0
ACC-21204,2024-05-11,Starter,E-Commerce,91.9,4,174.23,1
ACC-21205,2024-05-11,Starter,Fintech,111.7,2,203.72,0
ACC-21206,2024-05-11,Professional,Fintech,79.7,2,1204.27,0
ACC-21207,2024-05-11,Starter,Fintech,74.6,1,243.26,0
ACC-21208,2024-05-11,Professional,Healthcare,72.8,4,1167.91,1
ACC-21209,2024-05-11,Professional,Fintech,74.0,1,1297.1,0
ACC-21210,2024-05-11,Starter,Fintech,95.7,0,245.59,0
ACC-21211,2024-05-11,Starter,E-Commerce,74.7,0,125.55,0
ACC-21212,2024-05-11,Starter,Fintech,92.8,0,257.61,0
ACC-21213,2024-05-11,Professional,E-Commerce,67.3,0,1231.45,0
ACC-21214,2024-05-11,Starter,Healthcare,97.0,2,170.65,0
ACC-21215,2024-05-11,Starter,Healthcare,99.2,1,241.05,0
ACC-21216,2024-05-11,Professional,E-Commerce,93.9,1,1265.54,0
ACC-21217,2024-05-11,Enterprise,Healthcare,93.4,1,4519.51,0
ACC-21218,2024-05-11,Starter,Fintech,84.4,0,207.98,0
ACC-21219,2024-05-11,Enterprise,E-Commerce,96.3,0,4536.15,0
ACC-21220,2024-05-11,Starter,SaaS,70.0,0,198.68,0
ACC-21221,2024-05-11,Starter,Fintech,69.9,0,177.56,0
ACC-21222,2024-05-11,Starter,Fintech,85.9,1,241.36,0
ACC-21223,2024-05-11,Starter,SaaS,82.0,0,197.26,0
ACC-21224,2024-05-11,Starter,Healthcare,78.7,1,204.5,0
ACC-21225,2024-05-11,Starter,E-Commerce,67.2,2,302.76,0
ACC-21226,2024-05-11,Enterprise,Healthcare,78.8,0,4472.81,0
ACC-21227,2024-05-11,Professional,Fintech,54.7,1,1207.11,0
ACC-21228,2024-05-11,Professional,E-Commerce,71.2,2,1204.7,0
ACC-21229,2024-05-11,Starter,Healthcare,82.6,0,168.31,0
ACC-21230,2024-05-11,Starter,Fintech,75.4,1,208.69,0
ACC-21231,2024-05-11,Starter,Healthcare,103.8,1,170.1,0
ACC-21232,2024-05-11,Professional,E-Commerce,97.3,0,1185.3,0
ACC-21233,2024-05-11,Enterprise,E-Commerce,98.6,0,4510.53,0
ACC-21234,2024-05-11,Starter,Fintech,79.0,4,237.26,0
ACC-21235,2024-05-11,Starter,Healthcare,86.7,1,113.21,0
ACC-21236,2024-05-11,Starter,E-Commerce,90.7,2,189.87,0
ACC-21237,2024-05-11,Starter,E-Commerce,71.5,0,226.67,0
ACC-21238,2024-05-11,Starter,E-Commerce,74.2,3,191.6,0
ACC-21239,2024-05-11,Professional,Fintech,84.4,1,1237.84,0
ACC-21240,2024-05-11,Professional,E-Commerce,79.3,3,1220.51,0
ACC-21241,2024-05-11,Starter,E-Commerce,66.9,3,281.74,0
ACC-21242,2024-05-11,Starter,Fintech,89.5,2,88.18,0
ACC-21243,2024-05-11,Enterprise,Healthcare,98.7,2,4533.48,0
ACC-21244,2024-05-11,Starter,Healthcare,81.4,1,156.07,0
ACC-21245,2024-05-11,Starter,E-Commerce,70.2,3,179.31,0
ACC-21246,2024-05-11,Starter,Fintech,88.6,3,178.73,0
ACC-21247,2024-05-11,Starter,E-Commerce,71.1,1,209.64,0
ACC-21248,2024-05-11,Starter,SaaS,85.1,0,287.86,0
ACC-21249,2024-05-11,Professional,E-Commerce,71.6,1,1257.87,0
ACC-21250,2024-05-11,Starter,SaaS,105.7,1,132.78,0
ACC-21251,2024-05-11,Starter,SaaS,91.7,0,173.18,0
ACC-21252,2024-05-11,Professional,Fintech,74.6,0,1255.45,0
ACC-21253,2024-05-11,Starter,E-Commerce,79.1,0,200.29,0
ACC-21254,2024-05-11,Enterprise,Healthcare,46.6,0,4459.35,0
ACC-21255,2024-05-11,Enterprise,SaaS,104.4,1,4465.11,0
ACC-21256,2024-05-11,Starter,Fintech,109.4,0,102.45,0
ACC-21257,2024-05-11,Professional,SaaS,86.4,2,1180.02,0
ACC-21258,2024-05-11,Starter,E-Commerce,96.6,2,300.96,0
ACC-21259,2024-05-11,Enterprise,E-Commerce,117.2,1,4470.66,0
ACC-21260,2024-05-11,Starter,Fintech,84.3,0,134.67,0
ACC-21261,2024-05-11,Enterprise,Fintech,53.0,2,4515.57,0
ACC-21262,2024-05-11,Professional,E-Commerce,71.5,0,1265.0,0
ACC-21263,2024-05-11,Starter,Fintech,90.9,0,124.01,0
ACC-21264,2024-05-11,Starter,SaaS,80.4,0,207.26,0
ACC-21265,2024-05-11,Enterprise,Fintech,84.7,3,4543.34,0
ACC-21266,2024-05-11,Enterprise,E-Commerce,134.3,1,4534.76,0
ACC-21267,2024-05-11,Starter,Healthcare,100.2,1,250.47,0
ACC-21268,2024-05-11,Professional,E-Commerce,76.4,0,1212.66,0
ACC-21269,2024-05-11,Starter,E-Commerce,108.3,0,201.99,0
ACC-21270,2024-05-11,Starter,Healthcare,91.3,3,204.06,0
ACC-21271,2024-05-11,Starter,Fintech,92.9,0,186.3,0
ACC-21272,2024-05-11,Starter,Fintech,70.4,3,213.01,0
ACC-21273,2024-05-11,Professional,E-Commerce,104.7,2,1171.52,0
ACC-21274,2024-05-11,Starter,Healthcare,91.4,1,167.27,0
ACC-21275,2024-05-11,Professional,E-Commerce,65.1,0,1137.08,0
ACC-21276,2024-05-11,Starter,Healthcare,97.5,0,211.33,0
ACC-21277,2024-05-11,Starter,Healthcare,92.5,0,234.89,0
ACC-21278,2024-05-11,Starter,Healthcare,87.0,1,142.63,0
ACC-21279,2024-05-11,Starter,Fintech,83.7,1,133.39,0
ACC-21280,2024-05-12,Starter,Healthcare,55.4,1,171.04,0
ACC-21281,2024-05-12,Starter,SaaS,98.8,0,222.54,0
ACC-21282,2024-05-12,Professional,SaaS,80.2,0,1154.27,0
ACC-21283,2024-05-12,Starter,Healthcare,57.6,0,280.87,0
ACC-21284,2024-05-12,Starter,E-Commerce,96.1,0,274.26,0
ACC-21285,2024-05-12,Starter,SaaS,101.8,1,225.09,0
ACC-21286,2024-05-12,Enterprise,Healthcare,77.2,2,4570.13,0
ACC-21287,2024-05-12,Enterprise,Fintech,97.0,2,4525.97,1
ACC-21288,2024-05-12,Starter,Fintech,57.2,2,287.95,1
ACC-21289,2024-05-12,Starter,Healthcare,65.2,2,233.64,0
ACC-21290,2024-05-12,Starter,SaaS,91.9,6,212.57,1
ACC-21291,2024-05-12,Enterprise,E-Commerce,63.4,0,4489.79,0
ACC-21292,2024-05-12,Starter,Fintech,93.7,0,182.14,0
ACC-21293,2024-05-12,Starter,Fintech,95.4,1,125.41,0
ACC-21294,2024-05-12,Starter,E-Commerce,78.5,0,227.98,0
ACC-21295,2024-05-12,Starter,SaaS,74.2,1,291.61,0
ACC-21296,2024-05-12,Starter,E-Commerce,77.9,0,145.97,0
ACC-21297,2024-05-12,Professional,E-Commerce,46.8,0,1149.45,0
ACC-21298,2024-05-12,Starter,Fintech,106.0,1,182.78,0
ACC-21299,2024-05-12,Professional,SaaS,83.8,0,1211.53,0
ACC-21300,2024-05-12,Starter,E-Commerce,52.6,4,178.94,0
ACC-21301,2024-05-12,Starter,Fintech,112.3,2,223.38,0
ACC-21302,2024-05-12,Enterprise,E-Commerce,73.2,0,4476.5,0
ACC-21303,2024-05-12,Starter,Fintech,81.5,1,175.5,0
ACC-21304,2024-05-12,Professional,Fintech,99.5,0,1153.88,0
ACC-21305,2024-05-12,Starter,Fintech,84.0,0,113.9,0
ACC-21306,2024-05-12,Starter,Fintech,83.7,0,269.46,0
ACC-21307,2024-05-12,Enterprise,Healthcare,55.6,2,4518.05,0
ACC-21308,2024-05-12,Starter,Healthcare,90.2,0,207.68,0
ACC-21309,2024-05-12,Enterprise,Healthcare,74.7,1,4515.57,0
ACC-21310,2024-05-12,Starter,Healthcare,82.7,0,171.67,0
ACC-21311,2024-05-12,Enterprise,Fintech,96.5,1,4497.75,0
ACC-21312,2024-05-12,Starter,Fintech,66.0,3,192.93,1
ACC-21313,2024-05-12,Starter,E-Commerce,102.5,1,175.47,0
ACC-21314,2024-05-12,Professional,Healthcare,86.4,0,1233.78,0
ACC-21315,2024-05-12,Enterprise,Fintech,76.6,1,4523.76,0
ACC-21316,2024-05-12,Enterprise,SaaS,86.7,0,4581.75,0
ACC-21317,2024-05-12,Professional,E-Commerce,91.6,3,1226.0,0
ACC-21318,2024-05-12,Enterprise,SaaS,105.9,1,4424.47,0
ACC-21319,2024-05-12,Starter,Healthcare,107.4,0,106.15,0
ACC-21320,2024-05-12,Starter,Fintech,87.9,1,279.61,0
ACC-21321,2024-05-12,Starter,E-Commerce,73.2,0,256.75,0
ACC-21322,2024-05-12,Starter,Fintech,84.6,2,190.42,0
ACC-21323,2024-05-12,Starter,Healthcare,64.3,0,102.93,0
ACC-21324,2024-05-12,Starter,Fintech,76.5,1,209.15,0
ACC-21325,2024-05-12,Starter,SaaS,65.1,2,208.28,0
ACC-21326,2024-05-12,Professional,Fintech,72.5,1,1229.73,0
ACC-21327,2024-05-12,Starter,SaaS,91.9,0,238.62,0
ACC-21328,2024-05-12,Starter,SaaS,110.8,3,217.06,0
ACC-21329,2024-05-12,Starter,Healthcare,67.9,2,285.05,0
ACC-21330,2024-05-12,Professional,E-Commerce,93.3,0,1189.9,0
ACC-21331,2024-05-12,Professional,E-Commerce,93.3,3,1236.29,0
ACC-21332,2024-05-12,Professional,SaaS,84.4,4,1163.86,0
ACC-21333,2024-05-12,Starter,Healthcare,93.6,1,222.67,0
ACC-21334,2024-05-12,Starter,E-Commerce,69.3,2,242.4,0
ACC-21335,2024-05-12,Starter,Healthcare,97.6,2,261.44,0
ACC-21336,2024-05-12,Starter,SaaS,91.9,0,245.41,0
ACC-21337,2024-05-12,Starter,Healthcare,90.0,1,181.0,0
ACC-21338,2024-05-12,Starter,Healthcare,96.2,1,216.1,0
ACC-21339,2024-05-12,Starter,E-Commerce,107.6,3,225.57,0
ACC-21340,2024-05-12,Enterprise,SaaS,90.1,0,4554.21,0
ACC-21341,2024-05-12,Enterprise,E-Commerce,67.5,3,4560.34,0
ACC-21342,2024-05-12,Starter,Fintech,64.2,0,170.16,0
ACC-21343,2024-05-12,Starter,Healthcare,86.0,0,221.5,0
ACC-21344,2024-05-12,Starter,SaaS,110.3,1,320.58,0
ACC-21345,2024-05-12,Starter,E-Commerce,69.0,1,211.81,0
ACC-21346,2024-05-12,Enterprise,SaaS,80.0,0,4465.19,0
ACC-21347,2024-05-12,Starter,Fintech,72.0,1,200.63,0
ACC-21348,2024-05-12,Professional,Healthcare,82.6,5,1156.68,0
ACC-21349,2024-05-12,Starter,E-Commerce,68.2,2,176.34,0
ACC-21350,2024-05-12,Enterprise,SaaS,42.8,1,4489.85,0
ACC-21351,2024-05-12,Starter,Fintech,93.2,0,218.08,0
ACC-21352,2024-05-12,Professional,SaaS,80.6,1,1237.04,0
ACC-21353,2024-05-12,Starter,Healthcare,82.8,0,173.91,0
ACC-21354,2024-05-12,Professional,Fintech,107.0,2,1259.24,0
ACC-21355,2024-05-12,Starter,Healthcare,74.7,0,108.72,0
ACC-21356,2024-05-12,Starter,Fintech,100.9,3,165.21,0
ACC-21357,2024-05-12,Enterprise,Healthcare,89.8,0,4498.02,0
ACC-21358,2024-05-12,Enterprise,Fintech,100.4,0,4444.96,0
ACC-21359,2024-05-12,Enterprise,Fintech,81.6,1,4521.27,0
ACC-21360,2024-05-12,Professional,SaaS,75.8,1,1183.05,0
ACC-21361,2024-05-12,Professional,Fintech,81.6,0,1235.71,0
ACC-21362,2024-05-12,Starter,Fintech,91.5,3,124.61,0
ACC-21363,2024-05-12,Starter,Healthcare,89.0,1,242.66,0
ACC-21364,2024-05-12,Starter,Healthcare,95.9,2,109.5,0
ACC-21365,2024-05-12,Professional,E-Commerce,111.6,1,1234.46,0
ACC-21366,2024-05-12,Starter,Healthcare,89.4,3,170.59,0
ACC-21367,2024-05-12,Starter,E-Commerce,111.1,1,194.9,0
ACC-21368,2024-05-12,Professional,E-Commerce,90.6,0,1135.97,0
ACC-21369,2024-05-12,Professional,Fintech,89.6,0,1171.78,0
ACC-21370,2024-05-12,Starter,Fintech,78.3,0,157.7,0
ACC-21371,2024-05-12,Starter,Healthcare,99.6,1,136.34,0
ACC-21372,2024-05-12,Starter,Healthcare,76.7,1,175.68,0
ACC-21373,2024-05-12,Starter,E-Commerce,78.4,0,159.59,0
ACC-21374,2024-05-12,Starter,E-Commerce,60.2,3,161.87,0
ACC-21375,2024-05-12,Professional,Healthcare,71.7,0,1201.54,0
ACC-21376,2024-05-12,Professional,Fintech,112.1,2,1140.18,0
ACC-21377,2024-05-12,Professional,Fintech,79.6,1,1193.94,0
ACC-21378,2024-05-12,Starter,E-Commerce,84.2,1,156.36,0
ACC-21379,2024-05-12,Professional,Healthcare,53.2,2,1159.16,0
ACC-21380,2024-05-12,Starter,Healthcare,96.0,0,266.44,0
ACC-21381,2024-05-12,Starter,Fintech,81.7,1,251.46,0
ACC-21382,2024-05-12,Professional,E-Commerce,57.5,2,1191.04,0
ACC-21383,2024-05-12,Starter,SaaS,72.1,2,224.59,0
ACC-21384,2024-05-12,Starter,Fintech,72.1,0,145.89,0
ACC-21385,2024-05-12,Enterprise,Healthcare,89.6,1,4465.8,0
ACC-21386,2024-05-12,Starter,SaaS,55.3,1,139.75,0
ACC-21387,2024-05-12,Professional,Healthcare,97.6,2,1089.59,0
ACC-21388,2024-05-12,Starter,E-Commerce,102.6,2,200.85,0
ACC-21389,2024-05-12,Professional,Fintech,93.1,1,1183.9,0
ACC-21390,2024-05-12,Starter,E-Commerce,70.0,0,217.92,0
ACC-21391,2024-05-12,Starter,Fintech,63.4,0,266.4,0
ACC-21392,2024-05-12,Professional,SaaS,67.8,2,1137.9,0
ACC-21393,2024-05-12,Starter,E-Commerce,111.2,0,247.9,0
ACC-21394,2024-05-12,Starter,E-Commerce,51.1,1,231.88,0
ACC-21395,2024-05-12,Starter,E-Commerce,98.5,1,245.76,0
ACC-21396,2024-05-12,Starter,E-Commerce,69.9,1,194.5,0
ACC-21397,2024-05-12,Starter,Healthcare,89.9,1,268.05,0
ACC-21398,2024-05-12,Starter,SaaS,78.4,5,249.02,0
ACC-21399,2024-05-12,Enterprise,SaaS,93.5,2,4475.83,0
ACC-21400,2024-05-12,Starter,Healthcare,109.7,1,243.05,0
ACC-21401,2024-05-12,Starter,SaaS,63.5,2,127.79,0
ACC-21402,2024-05-13,Starter,E-Commerce,96.6,4,242.93,1
ACC-21403,2024-05-13,Starter,Healthcare,97.1,0,152.09,0
ACC-21404,2024-05-13,Enterprise,Healthcare,64.8,0,4487.34,0
ACC-21405,2024-05-13,Starter,Fintech,114.0,1,234.83,0
ACC-21406,2024-05-13,Enterprise,Fintech,95.2,1,4442.1,0
ACC-21407,2024-05-13,Starter,Fintech,92.0,1,260.77,0
ACC-21408,2024-05-13,Professional,Healthcare,70.8,0,1208.25,0
ACC-21409,2024-05-13,Starter,Healthcare,103.3,2,203.11,0
ACC-21410,2024-05-13,Enterprise,Healthcare,60.7,1,4522.49,0
ACC-21411,2024-05-13,Professional,SaaS,88.7,0,1281.78,0
ACC-21412,2024-05-13,Starter,Healthcare,100.4,1,163.51,0
ACC-21413,2024-05-13,Starter,Healthcare,118.1,2,206.27,0
ACC-21414,2024-05-13,Starter,Fintech,69.4,1,273.84,0
ACC-21415,2024-05-13,Enterprise,Fintech,89.1,0,4576.32,0
ACC-21416,2024-05-13,Starter,E-Commerce,102.4,3,87.22,0
ACC-21417,2024-05-13,Starter,E-Commerce,73.9,0,276.91,0
ACC-21418,2024-05-13,Professional,E-Commerce,81.9,1,1173.41,0
ACC-21419,2024-05-13,Starter,Fintech,82.1,1,214.34,0
ACC-21420,2024-05-13,Enterprise,E-Commerce,55.2,1,4473.99,0
ACC-21421,2024-05-13,Professional,Fintech,80.3,3,1230.07,0
ACC-21422,2024-05-13,Professional,Fintech,103.7,2,1142.25,0
ACC-21423,2024-05-13,Enterprise,Fintech,36.2,1,4605.6,0
ACC-21424,2024-05-13,Starter,Fintech,110.5,2,242.24,0
ACC-21425,2024-05-13,Starter,Healthcare,70.3,3,182.93,0
ACC-21426,2024-05-13,Starter,Fintech,78.4,1,155.01,0
ACC-21427,2024-05-13,Starter,SaaS,100.8,0,255.35,0
ACC-21428,2024-05-13,Professional,Healthcare,68.0,0,1141.69,0
ACC-21429,2024-05-13,Enterprise,Fintech,92.8,2,4532.71,0
ACC-21430,2024-05-13,Starter,Fintech,78.8,0,181.25,0
ACC-21431,2024-05-13,Starter,E-Commerce,95.0,0,241.1,0
ACC-21432,2024-05-13,Enterprise,Fintech,71.1,0,4438.41,0
ACC-21433,2024-05-13,Starter,SaaS,64.3,1,256.39,0
ACC-21434,2024-05-13,Starter,SaaS,85.8,0,238.15,0
ACC-21435,2024-05-13,Starter,Fintech,62.2,1,282.6,0
ACC-21436,2024-05-13,Enterprise,Healthcare,81.7,2,4536.97,0
ACC-21437,2024-05-13,Professional,Fintech,93.7,0,1199.16,0
ACC-21438,2024-05-13,Professional,E-Commerce,91.2,2,1211.33,0
ACC-21439,2024-05-13,Professional,Healthcare,116.7,4,1242.13,0
ACC-21440,2024-05-13,Starter,Fintech,101.7,0,180.04,0
ACC-21441,2024-05-13,Starter,Fintech,67.7,0,201.18,0
ACC-21442,2024-05-13,Professional,E-Commerce,95.3,3,1233.01,0
ACC-21443,2024-05-13,Starter,Healthcare,95.5,1,79.06,0
ACC-21444,2024-05-13,Professional,Fintech,83.7,2,1213.23,0
ACC-21445,2024-05-13,Enterprise,E-Commerce,93.0,2,4500.33,0
ACC-21446,2024-05-13,Professional,E-Commerce,96.7,0,1273.24,0
ACC-21447,2024-05-13,Professional,SaaS,89.8,1,1172.22,0
ACC-21448,2024-05-13,Professional,Fintech,112.0,1,1221.97,0
ACC-21449,2024-05-13,Professional,E-Commerce,100.4,0,1185.5,0
ACC-21450,2024-05-13,Starter,E-Commerce,73.6,0,265.8,0
ACC-21451,2024-05-13,Starter,Fintech,83.1,0,202.75,0
ACC-21452,2024-05-13,Starter,E-Commerce,104.4,2,192.21,0
ACC-21453,2024-05-13,Professional,Healthcare,89.5,6,1290.32,1
ACC-21454,2024-05-13,Starter,SaaS,83.1,4,190.79,0
ACC-21455,2024-05-13,Professional,Fintech,83.3,1,1249.06,0
ACC-21456,2024-05-13,Starter,E-Commerce,53.9,1,202.06,0
ACC-21457,2024-05-13,Professional,Healthcare,69.0,0,1178.1,0
ACC-21458,2024-05-13,Starter,SaaS,58.1,1,223.38,0
ACC-21459,2024-05-13,Professional,Healthcare,74.0,1,1154.85,0
ACC-21460,2024-05-13,Starter,SaaS,78.9,3,123.53,0
ACC-21461,2024-05-13,Starter,SaaS,97.4,2,224.1,0
ACC-21462,2024-05-13,Starter,Fintech,101.5,3,157.92,0
ACC-21463,2024-05-13,Professional,SaaS,92.7,0,1216.08,0
ACC-21464,2024-05-13,Starter,SaaS,114.7,2,130.49,0
ACC-21465,2024-05-13,Starter,Fintech,110.9,3,236.29,0
ACC-21466,2024-05-13,Enterprise,Healthcare,57.8,2,4414.99,0
ACC-21467,2024-05-13,Professional,Healthcare,91.6,0,1205.71,0
ACC-21468,2024-05-13,Enterprise,Fintech,72.0,0,4499.21,0
ACC-21469,2024-05-13,Starter,Fintech,80.1,0,188.67,0
ACC-21470,2024-05-13,Starter,Fintech,98.8,2,193.51,0
ACC-21471,2024-05-13,Enterprise,Fintech,89.9,1,4543.27,0
ACC-21472,2024-05-13,Starter,Healthcare,86.7,0,251.49,0
ACC-21473,2024-05-13,Professional,Fintech,93.5,4,1193.51,0
ACC-21474,2024-05-13,Starter,SaaS,90.1,3,222.77,0
ACC-21475,2024-05-13,Starter,E-Commerce,82.8,1,144.23,0
ACC-21476,2024-05-13,Starter,Fintech,60.2,0,173.94,0
ACC-21477,2024-05-13,Starter,E-Commerce,91.8,0,167.71,0
ACC-21478,2024-05-13,Starter,E-Commerce,79.1,1,197.44,0
ACC-21479,2024-05-13,Starter,SaaS,77.5,5,187.79,1
ACC-21480,2024-05-13,Enterprise,Fintech,86.2,0,4502.17,0
ACC-21481,2024-05-13,Starter,Fintech,82.3,0,50.0,0
ACC-21482,2024-05-13,Professional,SaaS,102.7,0,1268.18,0
ACC-21483,2024-05-13,Professional,SaaS,52.1,2,1182.43,0
ACC-21484,2024-05-13,Professional,E-Commerce,104.2,1,1187.76,0
ACC-21485,2024-05-13,Starter,E-Commerce,121.5,2,133.25,0
ACC-21486,2024-05-13,Professional,Fintech,101.6,2,1174.33,0
ACC-21487,2024-05-13,Professional,Healthcare,80.8,0,1205.64,0
ACC-21488,2024-05-13,Professional,Fintech,84.4,5,1285.76,1
ACC-21489,2024-05-13,Professional,Fintech,96.9,0,1247.04,0
ACC-21490,2024-05-13,Enterprise,SaaS,113.6,2,4472.09,0
ACC-21491,2024-05-13,Professional,Fintech,94.2,1,1282.04,0
ACC-21492,2024-05-13,Starter,Healthcare,89.7,2,232.26,0
ACC-21493,2024-05-13,Professional,SaaS,100.8,0,1183.29,0
ACC-21494,2024-05-13,Starter,Fintech,68.4,0,226.78,0
ACC-21495,2024-05-13,Enterprise,SaaS,63.5,0,4641.21,0
ACC-21496,2024-05-13,Starter,SaaS,102.1,3,251.82,0
ACC-21497,2024-05-13,Starter,E-Commerce,82.9,3,205.88,0
ACC-21498,2024-05-13,Professional,Fintech,71.7,0,1192.31,0
ACC-21499,2024-05-13,Professional,Healthcare,86.0,0,1247.34,0
ACC-21500,2024-05-13,Starter,Healthcare,73.8,1,157.68,0
ACC-21501,2024-05-13,Starter,Healthcare,86.7,2,190.99,0
ACC-21502,2024-05-13,Enterprise,Fintech,91.3,1,4470.66,0
ACC-21503,2024-05-13,Starter,SaaS,70.2,3,189.48,0
ACC-21504,2024-05-13,Enterprise,Fintech,69.3,0,4531.41,0
ACC-21505,2024-05-13,Starter,E-Commerce,96.5,0,204.94,0
ACC-21506,2024-05-13,Professional,Fintech,108.9,1,1161.59,0
ACC-21507,2024-05-13,Professional,E-Commerce,70.1,1,1261.11,0
ACC-21508,2024-05-13,Starter,SaaS,80.2,1,180.68,0
ACC-21509,2024-05-13,Starter,Fintech,87.9,0,199.68,0
ACC-21510,2024-05-13,Starter,Fintech,100.6,1,219.71,0
ACC-21511,2024-05-13,Professional,E-Commerce,79.5,0,1136.66,0
ACC-21512,2024-05-14,Starter,E-Commerce,55.4,1,166.54,0
ACC-21513,2024-05-14,Professional,E-Commerce,108.8,3,1201.9,0
ACC-21514,2024-05-14,Starter,Healthcare,87.3,0,210.38,0
ACC-21515,2024-05-14,Starter,Fintech,79.2,1,215.97,0
ACC-21516,2024-05-14,Starter,SaaS,101.2,2,280.8,0
ACC-21517,2024-05-14,Starter,SaaS,59.5,0,252.08,0
ACC-21518,2024-05-14,Professional,Healthcare,81.6,1,1196.53,0
ACC-21519,2024-05-14,Enterprise,SaaS,96.4,0,4387.76,0
ACC-21520,2024-05-14,Professional,Healthcare,58.7,2,1185.88,0
ACC-21521,2024-05-14,Starter,Healthcare,95.5,1,207.81,0
ACC-21522,2024-05-14,Enterprise,Fintech,95.3,1,4435.68,0
ACC-21523,2024-05-14,Professional,Healthcare,63.1,5,1238.37,0
ACC-21524,2024-05-14,Enterprise,Healthcare,81.8,1,4487.18,0
ACC-21525,2024-05-14,Starter,Fintech,85.7,0,240.69,0
ACC-21526,2024-05-14,Starter,Healthcare,71.4,0,147.84,0
ACC-21527,2024-05-14,Starter,E-Commerce,95.0,1,137.42,0
ACC-21528,2024-05-14,Professional,E-Commerce,93.9,1,1231.51,1
ACC-21529,2024-05-14,Starter,E-Commerce,95.1,0,241.38,0
ACC-21530,2024-05-14,Starter,SaaS,65.0,1,190.79,0
ACC-21531,2024-05-14,Starter,Fintech,90.4,0,289.02,0
ACC-21532,2024-05-14,Professional,E-Commerce,89.6,3,1264.8,0
ACC-21533,2024-05-14,Professional,E-Commerce,98.7,0,1143.06,0
ACC-21534,2024-05-14,Starter,Healthcare,92.1,0,101.45,0
ACC-21535,2024-05-14,Starter,Healthcare,97.9,1,180.76,0
ACC-21536,2024-05-14,Professional,Fintech,93.9,2,1194.89,0
ACC-21537,2024-05-14,Enterprise,SaaS,68.6,0,4501.08,0
ACC-21538,2024-05-14,Professional,Healthcare,69.1,3,1219.54,0
ACC-21539,2024-05-14,Enterprise,SaaS,85.2,0,4436.83,0
ACC-21540,2024-05-14,Professional,E-Commerce,73.0,0,1267.3,0
ACC-21541,2024-05-14,Professional,E-Commerce,110.1,1,1223.5,0
ACC-21542,2024-05-14,Starter,SaaS,118.0,2,231.61,0
ACC-21543,2024-05-14,Professional,E-Commerce,86.9,1,1225.33,0
ACC-21544,2024-05-14,Professional,Healthcare,67.5,1,1193.94,0
ACC-21545,2024-05-14,Professional,Healthcare,80.8,1,1187.05,0
ACC-21546,2024-05-14,Starter,SaaS,96.4,2,261.63,0
ACC-21547,2024-05-14,Starter,Healthcare,76.8,2,130.15,0
ACC-21548,2024-05-14,Starter,Healthcare,61.2,2,112.6,0
ACC-21549,2024-05-14,Starter,Fintech,94.5,5,263.52,0
ACC-21550,2024-05-14,Starter,SaaS,125.5,4,196.19,0
ACC-21551,2024-05-14,Professional,Fintech,90.5,0,1283.46,0
ACC-21552,2024-05-14,Starter,E-Commerce,88.2,1,244.04,0
ACC-21553,2024-05-14,Starter,Healthcare,68.1,0,122.88,0
ACC-21554,2024-05-14,Starter,Healthcare,84.9,1,208.12,0
ACC-21555,2024-05-14,Professional,E-Commerce,85.4,0,1184.75,0
ACC-21556,2024-05-14,Starter,Fintech,97.8,2,209.7,0
ACC-21557,2024-05-14,Starter,E-Commerce,76.7,3,333.53,0
ACC-21558,2024-05-14,Professional,E-Commerce,68.1,2,1228.22,0
ACC-21559,2024-05-14,Starter,SaaS,102.9,2,181.09,0
ACC-21560,2024-05-14,Enterprise,Fintech,91.8,0,4534.74,0
ACC-21561,2024-05-14,Enterprise,SaaS,91.8,1,4494.09,0
ACC-21562,2024-05-14,Starter,E-Commerce,103.2,2,153.76,0
ACC-21563,2024-05-14,Starter,SaaS,100.0,0,154.49,0
ACC-21564,2024-05-14,Professional,Healthcare,86.6,2,1245.82,0
ACC-21565,2024-05-14,Starter,Healthcare,65.3,1,90.63,0
ACC-21566,2024-05-14,Starter,SaaS,105.2,0,222.55,0
ACC-21567,2024-05-14,Starter,SaaS,106.2,2,159.63,0
ACC-21568,2024-05-14,Enterprise,Healthcare,74.5,1,4477.42,0
ACC-21569,2024-05-14,Starter,Fintech,75.6,1,204.82,0
ACC-21570,2024-05-14,Professional,Healthcare,60.1,0,1170.16,0
ACC-21571,2024-05-14,Professional,Healthcare,92.8,1,1211.08,0
ACC-21572,2024-05-14,Starter,Fintech,38.6,4,177.64,1
ACC-21573,2024-05-14,Starter,Fintech,75.7,1,104.21,0
ACC-21574,2024-05-14,Enterprise,SaaS,85.6,0,4551.07,0
ACC-21575,2024-05-14,Starter,Fintech,74.4,2,162.89,0
ACC-21576,2024-05-14,Professional,E-Commerce,74.3,1,1127.78,0
ACC-21577,2024-05-14,Starter,Fintech,61.9,0,219.31,0
ACC-21578,2024-05-14,Starter,Healthcare,79.6,2,189.02,0
ACC-21579,2024-05-14,Starter,Fintech,78.2,1,236.85,0
ACC-21580,2024-05-14,Starter,Fintech,72.2,0,189.97,0
ACC-21581,2024-05-14,Starter,E-Commerce,65.8,0,143.51,0
ACC-21582,2024-05-14,Professional,SaaS,79.3,2,1243.21,0
ACC-21583,2024-05-14,Starter,Fintech,85.7,3,133.57,0
ACC-21584,2024-05-14,Starter,Healthcare,63.3,2,172.9,0
ACC-21585,2024-05-14,Starter,Healthcare,81.5,1,139.21,0
ACC-21586,2024-05-14,Professional,SaaS,90.8,3,1287.31,0
ACC-21587,2024-05-14,Starter,E-Commerce,95.0,1,143.53,0
ACC-21588,2024-05-14,Professional,Healthcare,105.0,1,1161.15,0
ACC-21589,2024-05-14,Starter,E-Commerce,86.4,0,239.05,0
ACC-21590,2024-05-14,Starter,SaaS,97.7,1,182.43,0
ACC-21591,2024-05-14,Starter,Fintech,72.4,2,248.2,0
ACC-21592,2024-05-14,Professional,Healthcare,91.7,3,1138.04,0
ACC-21593,2024-05-14,Starter,SaaS,82.8,1,250.89,0
ACC-21594,2024-05-14,Starter,E-Commerce,86.4,0,191.82,0
ACC-21595,2024-05-14,Starter,Healthcare,76.7,1,149.31,0
ACC-21596,2024-05-14,Professional,Healthcare,87.5,3,1161.21,0
ACC-21597,2024-05-14,Starter,Healthcare,89.1,0,132.98,0
ACC-21598,2024-05-14,Starter,Healthcare,96.1,2,153.48,0
ACC-21599,2024-05-14,Starter,E-Commerce,96.1,2,226.02,0
ACC-21600,2024-05-14,Starter,Healthcare,80.9,0,185.87,0
ACC-21601,2024-05-14,Professional,E-Commerce,86.6,2,1199.72,0
ACC-21602,2024-05-14,Professional,SaaS,86.1,1,1165.68,0
ACC-21603,2024-05-14,Starter,Fintech,81.3,1,241.75,0
ACC-21604,2024-05-14,Starter,Healthcare,105.4,1,164.32,0
ACC-21605,2024-05-14,Starter,Healthcare,93.8,1,229.25,0
ACC-21606,2024-05-14,Starter,E-Commerce,77.4,0,224.93,0
ACC-21607,2024-05-14,Starter,Fintech,103.0,1,256.05,0
ACC-21608,2024-05-14,Professional,E-Commerce,85.2,1,1244.2,0
ACC-21609,2024-05-14,Enterprise,SaaS,81.1,0,4449.12,0
ACC-21610,2024-05-14,Enterprise,Healthcare,86.1,2,4548.74,0
ACC-21611,2024-05-14,Enterprise,SaaS,89.5,0,4559.31,0
ACC-21612,2024-05-14,Professional,SaaS,114.2,1,1191.01,0
ACC-21613,2024-05-14,Professional,Fintech,101.5,2,1192.21,0
ACC-21614,2024-05-14,Starter,Fintech,109.9,0,265.05,0
ACC-21615,2024-05-14,Professional,SaaS,89.2,2,1187.02,0
ACC-21616,2024-05-14,Starter,SaaS,80.1,1,131.8,0
ACC-21617,2024-05-14,Starter,Fintech,95.4,0,128.62,0
ACC-21618,2024-05-14,Professional,Fintech,38.3,1,1210.77,0
ACC-21619,2024-05-14,Starter,Fintech,83.5,0,174.05,0
ACC-21620,2024-05-14,Starter,SaaS,105.4,2,253.17,0
ACC-21621,2024-05-14,Enterprise,Fintech,101.8,1,4423.12,0
ACC-21622,2024-05-14,Starter,Healthcare,73.0,0,196.62,0
ACC-21623,2024-05-14,Starter,SaaS,83.6,1,147.84,1
ACC-21624,2024-05-15,Enterprise,Fintech,58.6,1,4515.55,0
ACC-21625,2024-05-15,Professional,E-Commerce,74.3,2,1219.21,0
ACC-21626,2024-05-15,Starter,Fintech,81.0,1,50.0,0
ACC-21627,2024-05-15,Starter,SaaS,113.9,1,214.3,0
ACC-21628,2024-05-15,Starter,Fintech,94.6,5,88.98,0
ACC-21629,2024-05-15,Enterprise,E-Commerce,86.6,1,4469.57,0
ACC-21630,2024-05-15,Professional,E-Commerce,117.5,3,1215.71,0
ACC-21631,2024-05-15,Starter,Fintech,68.6,0,126.34,0
ACC-21632,2024-05-15,Starter,Fintech,75.0,1,264.7,0
ACC-21633,2024-05-15,Starter,Healthcare,49.0,0,222.18,0
ACC-21634,2024-05-15,Enterprise,Fintech,73.4,0,4511.63,0
ACC-21635,2024-05-15,Starter,SaaS,85.6,1,182.79,0
ACC-21636,2024-05-15,Professional,SaaS,88.7,1,1243.17,0
ACC-21637,2024-05-15,Starter,Healthcare,87.2,1,169.27,0
ACC-21638,2024-05-15,Professional,E-Commerce,79.2,0,1244.52,0
ACC-21639,2024-05-15,Enterprise,E-Commerce,122.9,2,4482.06,0
ACC-21640,2024-05-15,Professional,SaaS,82.1,2,1323.15,0
ACC-21641,2024-05-15,Starter,Healthcare,56.0,1,221.6,0
ACC-21642,2024-05-15,Professional,Fintech,84.9,2,1270.17,0
ACC-21643,2024-05-15,Professional,Fintech,67.3,3,1242.59,0
ACC-21644,2024-05-15,Starter,Healthcare,92.0,0,202.16,0
ACC-21645,2024-05-15,Enterprise,Healthcare,48.6,4,4511.79,0
ACC-21646,2024-05-15,Professional,Healthcare,83.3,0,1202.43,0
ACC-21647,2024-05-15,Enterprise,Fintech,63.9,1,4470.81,0
ACC-21648,2024-05-15,Professional,E-Commerce,99.8,0,1245.64,0
ACC-21649,2024-05-15,Starter,Fintech,72.5,2,267.77,0
ACC-21650,2024-05-15,Starter,Fintech,81.6,0,166.77,0
ACC-21651,2024-05-15,Starter,Healthcare,81.4,1,189.26,0
ACC-21652,2024-05-15,Enterprise,Fintech,73.4,3,4527.18,0
ACC-21653,2024-05-15,Professional,E-Commerce,82.3,2,1209.08,1
ACC-21654,2024-05-15,Professional,Healthcare,72.0,1,1246.08,0
ACC-21655,2024-05-15,Starter,Healthcare,80.7,0,189.66,0
ACC-21656,2024-05-15,Starter,Healthcare,82.9,3,158.22,0
ACC-21657,2024-05-15,Professional,Fintech,89.6,0,1171.14,0
ACC-21658,2024-05-15,Starter,Fintech,78.2,2,247.65,0
ACC-21659,2024-05-15,Starter,SaaS,100.2,0,107.83,0
ACC-21660,2024-05-15,Professional,Healthcare,93.2,2,1205.65,0
ACC-21661,2024-05-15,Starter,Healthcare,72.9,1,239.21,0
ACC-21662,2024-05-15,Starter,Fintech,98.0,0,229.87,0
ACC-21663,2024-05-15,Starter,Healthcare,87.4,1,157.54,0
ACC-21664,2024-05-15,Starter,E-Commerce,58.4,1,214.7,0
ACC-21665,2024-05-15,Enterprise,E-Commerce,94.4,1,4501.51,0
ACC-21666,2024-05-15,Starter,E-Commerce,81.6,1,249.4,0
ACC-21667,2024-05-15,Starter,Fintech,94.2,0,214.48,0
ACC-21668,2024-05-15,Starter,Fintech,71.6,1,246.87,0
ACC-21669,2024-05-15,Professional,SaaS,88.1,2,1266.19,0
ACC-21670,2024-05-15,Starter,SaaS,80.4,2,190.32,0
ACC-21671,2024-05-15,Professional,Fintech,67.3,1,1136.46,0
ACC-21672,2024-05-15,Starter,Healthcare,107.6,3,221.71,0
ACC-21673,2024-05-15,Starter,Fintech,77.1,1,109.11,0
ACC-21674,2024-05-15,Starter,Fintech,104.6,2,138.65,0
ACC-21675,2024-05-15,Professional,Healthcare,70.4,0,1237.89,0
ACC-21676,2024-05-15,Enterprise,Fintech,78.9,4,4459.16,0
ACC-21677,2024-05-15,Starter,E-Commerce,66.9,1,142.34,0
ACC-21678,2024-05-15,Starter,Healthcare,69.3,1,182.9,1
ACC-21679,2024-05-15,Enterprise,Fintech,80.3,1,4511.58,0
ACC-21680,2024-05-15,Starter,Fintech,89.9,1,264.12,0
ACC-21681,2024-05-15,Professional,SaaS,94.6,0,1162.02,0
ACC-21682,2024-05-15,Starter,Fintech,70.1,1,169.67,0
ACC-21683,2024-05-15,Enterprise,E-Commerce,91.1,2,4574.48,0
ACC-21684,2024-05-15,Professional,Healthcare,74.6,3,1294.89,0
ACC-21685,2024-05-15,Enterprise,E-Commerce,99.0,1,4430.9,0
ACC-21686,2024-05-15,Professional,Healthcare,83.4,2,1140.12,0
ACC-21687,2024-05-15,Starter,Fintech,105.6,1,179.5,0
ACC-21688,2024-05-15,Enterprise,Fintech,96.1,1,4467.76,0
ACC-21689,2024-05-15,Starter,Fintech,85.1,3,162.05,0
ACC-21690,2024-05-15,Starter,Healthcare,101.5,2,294.08,0
ACC-21691,2024-05-15,Professional,E-Commerce,68.4,0,1149.81,0
ACC-21692,2024-05-15,Professional,Fintech,76.5,2,1303.63,0
ACC-21693,2024-05-15,Enterprise,Fintech,114.3,1,4574.41,0
ACC-21694,2024-05-15,Starter,Healthcare,105.6,2,149.88,0
ACC-21695,2024-05-15,Professional,E-Commerce,93.7,0,1153.4,0
ACC-21696,2024-05-15,Professional,SaaS,66.5,1,1254.69,0
ACC-21697,2024-05-15,Starter,E-Commerce,74.2,0,172.23,0
ACC-21698,2024-05-15,Starter,Healthcare,77.6,2,223.0,0
ACC-21699,2024-05-15,Starter,E-Commerce,100.4,0,199.16,0
ACC-21700,2024-05-15,Starter,SaaS,94.6,0,135.63,0
ACC-21701,2024-05-15,Enterprise,SaaS,118.6,0,4459.37,0
ACC-21702,2024-05-15,Professional,Healthcare,93.4,1,1207.13,0
ACC-21703,2024-05-15,Professional,Fintech,79.8,3,1114.16,0
ACC-21704,2024-05-15,Enterprise,Fintech,70.5,0,4484.84,0
ACC-21705,2024-05-15,Starter,Healthcare,70.5,3,171.72,0
ACC-21706,2024-05-15,Professional,E-Commerce,74.6,1,1170.0,0
ACC-21707,2024-05-15,Starter,Healthcare,87.0,1,172.48,0
ACC-21708,2024-05-15,Enterprise,Fintech,87.3,2,4569.24,0
ACC-21709,2024-05-15,Starter,E-Commerce,80.8,1,77.52,0
ACC-21710,2024-05-15,Enterprise,SaaS,95.0,0,4555.04,0
ACC-21711,2024-05-15,Starter,Fintech,74.1,0,138.98,0
ACC-21712,2024-05-15,Starter,E-Commerce,79.4,1,278.27,0
ACC-21713,2024-05-15,Professional,Healthcare,90.0,1,1249.11,0
ACC-21714,2024-05-15,Starter,SaaS,88.9,0,200.94,0
ACC-21715,2024-05-15,Professional,SaaS,92.8,0,1231.46,0
ACC-21716,2024-05-15,Starter,Healthcare,77.4,3,241.71,0
ACC-21717,2024-05-15,Professional,E-Commerce,87.4,1,1119.21,0
ACC-21718,2024-05-15,Starter,SaaS,79.1,0,255.36,0
ACC-21719,2024-05-15,Starter,Healthcare,115.9,2,146.6,0
ACC-21720,2024-05-15,Starter,Healthcare,86.0,1,203.09,0
ACC-21721,2024-05-15,Starter,E-Commerce,88.5,1,153.84,0
ACC-21722,2024-05-15,Starter,Fintech,103.1,2,182.17,0
ACC-21723,2024-05-15,Starter,Healthcare,72.2,0,138.89,0
ACC-21724,2024-05-16,Starter,SaaS,89.1,0,190.85,0
ACC-21725,2024-05-16,Starter,E-Commerce,92.0,0,182.01,0
ACC-21726,2024-05-16,Professional,Healthcare,102.9,3,1185.86,0
ACC-21727,2024-05-16,Enterprise,Fintech,92.3,1,4460.04,0
ACC-21728,2024-05-16,Starter,Healthcare,77.7,0,240.24,0
ACC-21729,2024-05-16,Professional,Fintech,107.7,0,1238.21,0
ACC-21730,2024-05-16,Professional,Fintech,103.8,0,1207.09,0
ACC-21731,2024-05-16,Starter,E-Commerce,95.6,2,249.72,0
ACC-21732,2024-05-16,Professional,Fintech,97.4,0,1187.83,0
ACC-21733,2024-05-16,Starter,Healthcare,90.0,1,175.56,0
ACC-21734,2024-05-16,Starter,Healthcare,103.3,1,234.74,0
ACC-21735,2024-05-16,Starter,SaaS,92.1,0,202.59,0
ACC-21736,2024-05-16,Professional,Healthcare,74.5,1,1195.29,0
ACC-21737,2024-05-16,Professional,Fintech,58.0,0,1212.52,0
ACC-21738,2024-05-16,Starter,Fintech,95.3,2,208.1,0
ACC-21739,2024-05-16,Starter,E-Commerce,69.0,0,140.51,0
ACC-21740,2024-05-16,Enterprise,E-Commerce,82.9,0,4500.16,0
ACC-21741,2024-05-16,Starter,Healthcare,105.5,1,180.28,0
ACC-21742,2024-05-16,Starter,Healthcare,101.4,2,212.51,0
ACC-21743,2024-05-16,Enterprise,Fintech,70.9,0,4430.59,0
ACC-21744,2024-05-16,Professional,Healthcare,87.1,0,1239.12,0
ACC-21745,2024-05-16,Professional,Healthcare,95.0,1,1178.95,0
ACC-21746,2024-05-16,Professional,Fintech,102.5,1,1185.7,0
ACC-21747,2024-05-16,Enterprise,Fintech,86.7,2,4512.05,0
ACC-21748,2024-05-16,Starter,Fintech,74.9,2,283.5,0
ACC-21749,2024-05-16,Starter,Fintech,66.4,2,226.41,0
ACC-21750,2024-05-16,Starter,E-Commerce,104.0,2,180.69,0
ACC-21751,2024-05-16,Enterprise,Fintech,76.1,0,4500.96,0
ACC-21752,2024-05-16,Professional,Fintech,82.3,2,1239.85,0
ACC-21753,2024-05-16,Starter,Fintech,97.7,0,174.2,0
ACC-21754,2024-05-16,Enterprise,SaaS,75.8,1,4459.38,0
ACC-21755,2024-05-16,Starter,SaaS,75.6,4,213.49,0
ACC-21756,2024-05-16,Starter,Fintech,100.9,0,274.72,0
ACC-21757,2024-05-16,Starter,Healthcare,51.7,1,242.56,0
ACC-21758,2024-05-16,Starter,Fintech,76.6,0,190.99,0
ACC-21759,2024-05-16,Enterprise,Healthcare,92.4,0,4484.8,0
ACC-21760,2024-05-16,Starter,Fintech,71.5,0,186.46,0
ACC-21761,2024-05-16,Professional,E-Commerce,105.1,1,1186.47,0
ACC-21762,2024-05-16,Professional,Healthcare,99.4,2,1178.3,0
ACC-21763,2024-05-16,Starter,SaaS,68.1,1,136.42,0
ACC-21764,2024-05-16,Enterprise,Fintech,87.3,2,4465.7,0
ACC-21765,2024-05-16,Starter,SaaS,61.5,1,238.28,0
ACC-21766,2024-05-16,Starter,E-Commerce,44.4,1,174.26,0
ACC-21767,2024-05-16,Starter,Fintech,75.1,3,161.03,0
ACC-21768,2024-05-16,Enterprise,Healthcare,59.7,2,4459.43,0
ACC-21769,2024-05-16,Starter,Fintech,77.7,1,217.95,0
ACC-21770,2024-05-16,Starter,Fintech,84.9,1,236.78,0
ACC-21771,2024-05-16,Starter,Fintech,79.7,0,131.68,0
ACC-21772,2024-05-16,Starter,E-Commerce,96.0,1,265.02,0
ACC-21773,2024-05-16,Professional,Healthcare,106.0,0,1222.8,0
ACC-21774,2024-05-16,Starter,SaaS,72.9,1,337.66,0
ACC-21775,2024-05-16,Starter,Fintech,77.6,0,269.78,0
ACC-21776,2024-05-16,Starter,SaaS,85.8,1,169.9,0
ACC-21777,2024-05-16,Starter,Fintech,68.0,0,263.79,0
ACC-21778,2024-05-16,Enterprise,E-Commerce,72.9,8,4525.18,1
ACC-21779,2024-05-16,Starter,Healthcare,67.8,1,166.06,0
ACC-21780,2024-05-16,Enterprise,Fintech,99.7,2,4482.9,0
ACC-21781,2024-05-16,Starter,SaaS,76.3,1,212.7,0
ACC-21782,2024-05-16,Starter,Healthcare,78.3,1,242.6,0
ACC-21783,2024-05-16,Enterprise,E-Commerce,88.7,0,4486.65,0
ACC-21784,2024-05-16,Starter,E-Commerce,98.8,1,200.08,0
ACC-21785,2024-05-16,Professional,Healthcare,67.7,3,1071.49,0
ACC-21786,2024-05-16,Enterprise,Healthcare,98.1,0,4523.44,0
ACC-21787,2024-05-16,Starter,E-Commerce,90.3,1,195.9,0
ACC-21788,2024-05-16,Starter,Fintech,67.0,0,133.16,0
ACC-21789,2024-05-16,Professional,E-Commerce,91.7,0,1179.68,0
ACC-21790,2024-05-16,Starter,SaaS,107.8,0,263.09,0
ACC-21791,2024-05-16,Starter,Fintech,97.8,1,230.1,0
ACC-21792,2024-05-16,Starter,Fintech,92.9,0,162.78,0
ACC-21793,2024-05-16,Starter,E-Commerce,118.1,0,164.34,0
ACC-21794,2024-05-16,Professional,Healthcare,108.5,1,1117.38,0
ACC-21795,2024-05-16,Starter,Healthcare,71.5,0,184.05,0
ACC-21796,2024-05-16,Starter,Fintech,75.0,1,123.29,0
ACC-21797,2024-05-16,Professional,Healthcare,103.9,2,1361.49,0
ACC-21798,2024-05-16,Starter,Fintech,63.2,3,159.64,0
ACC-21799,2024-05-16,Starter,Healthcare,97.5,2,190.48,0
ACC-21800,2024-05-16,Professional,E-Commerce,99.0,0,1203.62,0
ACC-21801,2024-05-16,Starter,Fintech,95.5,1,62.27,0
ACC-21802,2024-05-16,Professional,Healthcare,104.2,1,1180.03,0
ACC-21803,2024-05-16,Enterprise,SaaS,72.9,2,4537.94,0
ACC-21804,2024-05-16,Starter,E-Commerce,46.5,1,129.01,0
ACC-21805,2024-05-16,Starter,SaaS,91.3,4,183.71,0
ACC-21806,2024-05-16,Starter,Healthcare,79.3,2,138.02,0
ACC-21807,2024-05-16,Starter,E-Commerce,85.6,3,284.99,0
ACC-21808,2024-05-16,Enterprise,Fintech,73.9,1,4489.0,0
ACC-21809,2024-05-16,Enterprise,Fintech,92.1,0,4554.86,0
ACC-21810,2024-05-16,Starter,Fintech,88.7,2,158.17,0
ACC-21811,2024-05-16,Professional,Healthcare,111.8,1,1180.45,0
ACC-21812,2024-05-16,Enterprise,SaaS,92.8,0,4466.35,0
ACC-21813,2024-05-16,Enterprise,Healthcare,107.8,1,4500.56,0
ACC-21814,2024-05-16,Starter,E-Commerce,93.0,3,265.03,0
ACC-21815,2024-05-16,Starter,E-Commerce,98.4,1,281.01,0
ACC-21816,2024-05-16,Starter,E-Commerce,89.7,2,111.06,0
ACC-21817,2024-05-16,Enterprise,Healthcare,81.9,0,4566.35,0
ACC-21818,2024-05-16,Starter,E-Commerce,70.7,1,182.22,0
ACC-21819,2024-05-16,Professional,Healthcare,63.1,0,1191.93,0
ACC-21820,2024-05-16,Starter,Fintech,85.5,0,255.93,0
ACC-21821,2024-05-16,Starter,SaaS,86.5,1,251.44,0
ACC-21822,2024-05-16,Starter,Fintech,59.4,2,151.33,0
ACC-21823,2024-05-16,Enterprise,Fintech,79.4,3,4534.54,0
ACC-21824,2024-05-16,Starter,SaaS,62.1,1,209.02,0
ACC-21825,2024-05-16,Professional,Healthcare,89.6,2,1081.6,0
ACC-21826,2024-05-16,Starter,E-Commerce,53.4,0,121.21,0
ACC-21827,2024-05-16,Starter,Healthcare,116.9,0,207.32,0
ACC-21828,2024-05-16,Starter,Healthcare,82.3,1,201.79,0
ACC-21829,2024-05-16,Starter,Fintech,100.2,2,126.65,0
ACC-21830,2024-05-16,Starter,Healthcare,81.4,1,246.55,0
ACC-21831,2024-05-16,Starter,Healthcare,82.7,1,212.5,0
ACC-21832,2024-05-16,Starter,E-Commerce,85.3,0,123.39,0
ACC-21833,2024-05-16,Starter,Healthcare,111.8,3,220.14,0
ACC-21834,2024-05-16,Enterprise,SaaS,90.1,1,4468.82,0
ACC-21835,2024-05-16,Enterprise,Fintech,121.4,2,4496.04,0
ACC-21836,2024-05-16,Starter,Healthcare,87.2,0,216.5,0
ACC-21837,2024-05-16,Professional,E-Commerce,77.9,0,1195.11,0
ACC-21838,2024-05-16,Enterprise,SaaS,102.8,1,4590.87,0
ACC-21839,2024-05-16,Starter,Fintech,80.8,0,160.44,0
ACC-21840,2024-05-16,Professional,E-Commerce,101.7,3,1224.82,0
ACC-21841,2024-05-16,Enterprise,SaaS,74.6,3,4452.95,0
ACC-21842,2024-05-16,Starter,Fintech,82.8,1,218.16,0
ACC-21843,2024-05-16,Starter,SaaS,85.2,0,233.81,0
ACC-21844,2024-05-16,Enterprise,Fintech,82.8,2,4591.17,0
ACC-21845,2024-05-17,Starter,E-Commerce,90.3,1,189.32,0
ACC-21846,2024-05-17,Starter,SaaS,80.6,2,227.53,0
ACC-21847,2024-05-17,Starter,E-Commerce,88.0,2,206.45,0
ACC-21848,2024-05-17,Starter,Healthcare,113.9,1,196.52,0
ACC-21849,2024-05-17,Professional,Fintech,67.4,0,1192.47,0
ACC-21850,2024-05-17,Professional,SaaS,51.4,2,1127.84,0
ACC-21851,2024-05-17,Enterprise,Healthcare,88.4,0,4432.42,0
ACC-21852,2024-05-17,Starter,Fintech,67.0,0,283.65,0
ACC-21853,2024-05-17,Starter,E-Commerce,75.7,1,152.85,0
ACC-21854,2024-05-17,Starter,Healthcare,82.5,1,222.84,0
ACC-21855,2024-05-17,Starter,Fintech,90.0,1,218.23,0
ACC-21856,2024-05-17,Starter,Fintech,68.3,0,255.46,0
ACC-21857,2024-05-17,Enterprise,Fintech,85.6,1,4430.67,0
ACC-21858,2024-05-17,Enterprise,E-Commerce,94.6,3,4584.41,0
ACC-21859,2024-05-17,Starter,E-Commerce,85.5,1,178.92,0
ACC-21860,2024-05-17,Professional,Healthcare,106.8,2,1308.2,0
ACC-21861,2024-05-17,Starter,SaaS,66.8,1,72.85,0
ACC-21862,2024-05-17,Starter,SaaS,112.7,0,254.35,0
ACC-21863,2024-05-17,Professional,E-Commerce,70.2,0,1214.96,0
ACC-21864,2024-05-17,Starter,Fintech,84.2,2,195.32,1
ACC-21865,2024-05-17,Enterprise,E-Commerce,97.6,0,4493.59,0
ACC-21866,2024-05-17,Professional,Healthcare,81.7,3,1227.6,0
ACC-21867,2024-05-17,Starter,E-Commerce,69.4,2,229.17,0
ACC-21868,2024-05-17,Professional,E-Commerce,118.5,0,1182.38,0
ACC-21869,2024-05-17,Starter,Healthcare,111.0,0,116.01,0
ACC-21870,2024-05-17,Starter,SaaS,89.1,2,304.36,0
ACC-21871,2024-05-17,Starter,Fintech,75.7,3,210.34,1
ACC-21872,2024-05-17,Starter,E-Commerce,66.2,2,288.64,0
ACC-21873,2024-05-17,Professional,Fintech,78.4,0,1246.97,0
ACC-21874,2024-05-17,Starter,SaaS,84.5,1,185.82,0
ACC-21875,2024-05-17,Professional,Fintech,86.2,0,1216.34,0
ACC-21876,2024-05-17,Professional,Fintech,88.4,1,1145.48,0
ACC-21877,2024-05-17,Starter,Healthcare,99.0,2,147.57,0
ACC-21878,2024-05-17,Professional,Healthcare,121.4,1,1268.26,0
ACC-21879,2024-05-17,Starter,Fintech,75.9,0,220.33,0
ACC-21880,2024-05-17,Starter,E-Commerce,62.9,2,188.96,0
ACC-21881,2024-05-17,Starter,Healthcare,84.6,1,198.39,0
ACC-21882,2024-05-17,Starter,Fintech,74.3,0,282.77,0
ACC-21883,2024-05-17,Starter,Healthcare,69.8,1,144.99,0
ACC-21884,2024-05-17,Professional,SaaS,90.9,0,1190.97,0
ACC-21885,2024-05-17,Starter,E-Commerce,124.0,0,143.51,0
ACC-21886,2024-05-17,Starter,E-Commerce,90.4,0,226.04,0
ACC-21887,2024-05-17,Enterprise,E-Commerce,85.9,1,4484.39,0
ACC-21888,2024-05-17,Professional,Healthcare,89.0,0,1172.57,0
ACC-21889,2024-05-17,Enterprise,Fintech,83.9,2,4480.49,0
ACC-21890,2024-05-17,Starter,Fintech,90.0,2,164.79,0
ACC-21891,2024-05-17,Professional,SaaS,94.4,0,1222.32,0
ACC-21892,2024-05-17,Enterprise,SaaS,84.0,0,4530.0,0
ACC-21893,2024-05-17,Professional,Healthcare,72.5,3,1298.3,0
ACC-21894,2024-05-17,Professional,Fintech,72.5,1,1119.49,0
ACC-21895,2024-05-17,Starter,Fintech,84.8,1,89.56,0
ACC-21896,2024-05-17,Starter,Healthcare,78.7,0,180.51,0
ACC-21897,2024-05-17,Starter,E-Commerce,86.6,0,146.58,0
ACC-21898,2024-05-17,Starter,Fintech,64.7,1,158.08,0
ACC-21899,2024-05-17,Enterprise,SaaS,94.3,1,4490.86,0
ACC-21900,2024-05-17,Starter,Healthcare,88.8,1,175.61,0
ACC-21901,2024-05-17,Enterprise,SaaS,92.3,1,4442.93,0
ACC-21902,2024-05-17,Enterprise,E-Commerce,118.2,0,4556.75,0
ACC-21903,2024-05-17,Starter,E-Commerce,99.3,1,149.45,0
ACC-21904,2024-05-17,Starter,E-Commerce,88.2,0,217.94,0
ACC-21905,2024-05-17,Enterprise,E-Commerce,68.6,1,4438.87,0
ACC-21906,2024-05-17,Enterprise,E-Commerce,71.7,1,4412.21,0
ACC-21907,2024-05-17,Starter,E-Commerce,92.1,0,223.21,0
ACC-21908,2024-05-17,Starter,E-Commerce,80.7,5,211.26,0
ACC-21909,2024-05-17,Starter,SaaS,106.0,0,231.04,0
ACC-21910,2024-05-17,Professional,E-Commerce,74.1,0,1260.88,0
ACC-21911,2024-05-17,Starter,E-Commerce,89.8,3,195.14,0
ACC-21912,2024-05-17,Professional,SaaS,82.1,0,1241.52,0
ACC-21913,2024-05-17,Starter,Fintech,85.2,1,306.07,0
ACC-21914,2024-05-17,Starter,Fintech,85.7,1,166.67,0
ACC-21915,2024-05-17,Starter,Healthcare,59.7,4,236.55,0
ACC-21916,2024-05-17,Starter,Healthcare,91.4,0,208.89,0
ACC-21917,2024-05-17,Starter,SaaS,91.8,0,166.18,0
ACC-21918,2024-05-17,Starter,Healthcare,87.4,0,251.94,0
ACC-21919,2024-05-17,Starter,E-Commerce,79.3,2,109.99,0
ACC-21920,2024-05-17,Starter,Healthcare,88.9,0,107.13,0
ACC-21921,2024-05-17,Starter,Fintech,86.6,0,160.16,0
ACC-21922,2024-05-17,Enterprise,E-Commerce,96.5,0,4564.28,0
ACC-21923,2024-05-17,Starter,SaaS,80.7,1,208.6,0
ACC-21924,2024-05-17,Starter,Fintech,62.5,0,205.36,0
ACC-21925,2024-05-17,Professional,E-Commerce,90.0,0,1216.33,0
ACC-21926,2024-05-17,Enterprise,E-Commerce,92.1,1,4536.75,0
ACC-21927,2024-05-17,Starter,Fintech,57.4,3,212.64,0
ACC-21928,2024-05-17,Professional,Fintech,80.6,1,1233.55,0
ACC-21929,2024-05-17,Professional,SaaS,106.6,1,1210.63,0
ACC-21930,2024-05-17,Professional,Healthcare,91.8,0,1172.2,0
ACC-21931,2024-05-17,Starter,Fintech,53.8,2,267.67,0
ACC-21932,2024-05-17,Professional,Fintech,67.3,1,1155.78,0
ACC-21933,2024-05-17,Starter,E-Commerce,83.4,1,131.28,0
ACC-21934,2024-05-17,Professional,E-Commerce,56.3,0,1198.26,0
ACC-21935,2024-05-17,Professional,E-Commerce,80.3,1,1247.33,0
ACC-21936,2024-05-17,Starter,Fintech,92.6,0,246.29,0
ACC-21937,2024-05-17,Professional,SaaS,106.4,2,1259.38,0
ACC-21938,2024-05-17,Starter,Healthcare,61.2,0,224.88,0
ACC-21939,2024-05-17,Professional,Healthcare,105.7,0,1159.86,0
ACC-21940,2024-05-17,Starter,Healthcare,87.9,1,172.24,0
ACC-21941,2024-05-17,Starter,Healthcare,68.0,2,157.75,1
ACC-21942,2024-05-17,Starter,SaaS,88.7,2,176.73,0
ACC-21943,2024-05-17,Enterprise,SaaS,77.5,4,4515.51,0
ACC-21944,2024-05-17,Starter,Healthcare,89.2,1,192.07,0
ACC-21945,2024-05-17,Starter,SaaS,87.3,5,191.4,1
ACC-21946,2024-05-17,Starter,E-Commerce,78.6,1,145.0,0
ACC-21947,2024-05-17,Professional,SaaS,87.8,2,1152.94,0
ACC-21948,2024-05-17,Starter,Fintech,78.3,0,263.48,0
ACC-21949,2024-05-17,Starter,E-Commerce,87.0,2,254.61,0
ACC-21950,2024-05-17,Starter,Fintech,102.2,4,198.22,0
ACC-21951,2024-05-17,Starter,SaaS,94.8,1,294.14,0
ACC-21952,2024-05-17,Starter,Fintech,59.3,0,176.66,0
ACC-21953,2024-05-17,Starter,E-Commerce,79.8,0,251.63,0
ACC-21954,2024-05-17,Professional,Healthcare,70.5,2,1190.53,0
ACC-21955,2024-05-18,Starter,Healthcare,108.0,0,177.13,0
ACC-21956,2024-05-18,Starter,E-Commerce,111.4,1,212.15,0
ACC-21957,2024-05-18,Starter,SaaS,121.5,0,200.54,0
ACC-21958,2024-05-18,Enterprise,E-Commerce,441.1,1,4590.37,1
ACC-21959,2024-05-18,Enterprise,SaaS,507.8,7,4498.08,0
ACC-21960,2024-05-18,Professional,Fintech,95.7,2,1248.0,0
ACC-21961,2024-05-18,Starter,Healthcare,120.4,0,154.2,0
ACC-21962,2024-05-18,Starter,Healthcare,120.5,1,181.52,0
ACC-21963,2024-05-18,Starter,Fintech,113.8,4,187.46,0
ACC-21964,2024-05-18,Starter,E-Commerce,101.9,1,223.55,0
ACC-21965,2024-05-18,Starter,E-Commerce,109.6,1,201.57,0
ACC-21966,2024-05-18,Professional,E-Commerce,116.1,0,1170.31,0
ACC-21967,2024-05-18,Enterprise,E-Commerce,390.3,0,4477.54,0
ACC-21968,2024-05-18,Professional,E-Commerce,121.8,3,1169.84,0
ACC-21969,2024-05-18,Starter,Fintech,54.6,2,276.13,0
ACC-21970,2024-05-18,Professional,Fintech,113.7,1,1184.06,0
ACC-21971,2024-05-18,Starter,E-Commerce,83.9,2,206.02,0
ACC-21972,2024-05-18,Starter,Fintech,89.4,3,126.82,0
ACC-21973,2024-05-18,Professional,Fintech,94.4,1,1255.45,0
ACC-21974,2024-05-18,Starter,Healthcare,97.2,0,267.14,0
ACC-21975,2024-05-18,Starter,E-Commerce,125.7,1,338.32,0
ACC-21976,2024-05-18,Starter,Healthcare,85.2,1,174.27,0
ACC-21977,2024-05-18,Professional,E-Commerce,116.2,0,1224.66,0
ACC-21978,2024-05-18,Professional,E-Commerce,63.1,1,1309.82,0
ACC-21979,2024-05-18,Starter,Healthcare,70.9,0,153.56,0
ACC-21980,2024-05-18,Professional,E-Commerce,149.6,1,1218.76,0
ACC-21981,2024-05-18,Starter,E-Commerce,123.8,0,194.06,0
ACC-21982,2024-05-18,Starter,E-Commerce,55.6,3,219.71,0
ACC-21983,2024-05-18,Professional,E-Commerce,107.8,1,1200.65,0
ACC-21984,2024-05-18,Professional,Fintech,110.4,0,1217.74,0
ACC-21985,2024-05-18,Enterprise,E-Commerce,366.3,3,4591.36,0
ACC-21986,2024-05-18,Starter,Healthcare,154.6,0,157.2,0
ACC-21987,2024-05-18,Professional,SaaS,111.0,1,1130.77,0
ACC-21988,2024-05-18,Professional,SaaS,135.0,0,1195.51,0
ACC-21989,2024-05-18,Enterprise,E-Commerce,349.6,2,4562.76,1
ACC-21990,2024-05-18,Starter,Fintech,115.0,1,157.72,0
ACC-21991,2024-05-18,Professional,Fintech,138.9,0,1213.08,0
ACC-21992,2024-05-18,Professional,Healthcare,140.3,0,1239.24,0
ACC-21993,2024-05-18,Starter,Healthcare,74.8,3,187.36,0
ACC-21994,2024-05-18,Starter,Fintech,140.3,0,184.68,0
ACC-21995,2024-05-18,Starter,Healthcare,120.1,1,169.7,0
ACC-21996,2024-05-18,Professional,Fintech,112.1,2,1182.55,0
ACC-21997,2024-05-18,Enterprise,SaaS,487.0,7,4433.26,1
ACC-21998,2024-05-18,Professional,Fintech,150.9,0,1241.14,0
ACC-21999,2024-05-18,Professional,SaaS,108.4,2,1324.21,0
ACC-22000,2024-05-18,Starter,SaaS,115.1,1,233.86,0
ACC-22001,2024-05-18,Starter,Healthcare,120.4,1,262.05,0
ACC-22002,2024-05-18,Starter,E-Commerce,73.4,1,212.18,0
ACC-22003,2024-05-18,Starter,Healthcare,138.0,0,219.38,0
ACC-22004,2024-05-18,Starter,E-Commerce,128.4,1,171.41,0
ACC-22005,2024-05-18,Starter,Healthcare,114.0,1,191.17,0
ACC-22006,2024-05-18,Starter,Healthcare,114.9,0,181.08,0
ACC-22007,2024-05-18,Starter,E-Commerce,133.2,2,253.4,0
ACC-22008,2024-05-18,Starter,Healthcare,108.7,2,126.3,0
ACC-22009,2024-05-18,Starter,E-Commerce,126.2,1,204.33,0
ACC-22010,2024-05-18,Starter,Fintech,148.2,3,255.88,0
ACC-22011,2024-05-18,Enterprise,Healthcare,443.5,0,4424.4,0
ACC-22012,2024-05-18,Enterprise,Fintech,450.3,1,4524.91,0
ACC-22013,2024-05-18,Professional,Fintech,124.0,4,1168.24,0
ACC-22014,2024-05-18,Starter,Fintech,101.6,1,135.06,0
ACC-22015,2024-05-18,Professional,Fintech,59.9,1,1110.64,0
ACC-22016,2024-05-18,Professional,Fintech,103.8,2,1121.98,0
ACC-22017,2024-05-18,Professional,SaaS,107.2,1,1207.07,0
ACC-22018,2024-05-18,Starter,Fintech,125.3,5,285.75,1
ACC-22019,2024-05-18,Professional,E-Commerce,148.7,1,1202.32,0
ACC-22020,2024-05-18,Professional,Fintech,145.7,0,1206.93,0
ACC-22021,2024-05-18,Professional,SaaS,131.4,2,1181.27,0
ACC-22022,2024-05-18,Professional,Healthcare,150.0,1,1230.23,0
ACC-22023,2024-05-18,Starter,Healthcare,121.0,0,169.14,0
ACC-22024,2024-05-18,Starter,Healthcare,131.2,0,196.78,0
ACC-22025,2024-05-18,Starter,Healthcare,104.6,1,135.04,0
ACC-22026,2024-05-18,Professional,E-Commerce,138.4,3,1248.38,0
ACC-22027,2024-05-18,Starter,Fintech,99.4,0,181.05,0
ACC-22028,2024-05-18,Starter,SaaS,76.4,0,92.86,0
ACC-22029,2024-05-18,Starter,Healthcare,131.4,0,232.69,0
ACC-22030,2024-05-18,Starter,Healthcare,131.6,1,194.42,0
ACC-22031,2024-05-18,Starter,E-Commerce,144.7,2,275.28,0
ACC-22032,2024-05-18,Professional,Healthcare,103.1,0,1211.6,0
ACC-22033,2024-05-18,Professional,SaaS,105.8,1,1231.44,0
ACC-22034,2024-05-18,Starter,Healthcare,144.2,2,186.98,0
ACC-22035,2024-05-18,Starter,E-Commerce,112.1,2,108.64,0
ACC-22036,2024-05-18,Starter,Fintech,76.6,0,147.87,0
ACC-22037,2024-05-18,Enterprise,SaaS,393.3,0,4515.91,0
ACC-22038,2024-05-18,Starter,E-Commerce,108.5,2,209.52,0
ACC-22039,2024-05-18,Starter,Fintech,131.3,0,226.84,0
ACC-22040,2024-05-18,Starter,Fintech,157.9,0,193.55,0
ACC-22041,2024-05-18,Professional,Healthcare,70.8,1,1143.82,0
ACC-22042,2024-05-18,Enterprise,SaaS,265.7,0,4517.72,0
ACC-22043,2024-05-18,Professional,Fintech,140.6,1,1198.09,0
ACC-22044,2024-05-18,Professional,Healthcare,140.8,1,1159.3,0
ACC-22045,2024-05-18,Starter,Fintech,106.9,0,171.86,0
ACC-22046,2024-05-18,Starter,Healthcare,88.3,0,162.03,0
ACC-22047,2024-05-18,Starter,E-Commerce,75.1,0,223.23,0
ACC-22048,2024-05-18,Starter,SaaS,106.0,1,168.15,0
ACC-22049,2024-05-18,Starter,Healthcare,105.0,3,244.26,0
ACC-22050,2024-05-18,Starter,SaaS,73.9,1,263.46,0
ACC-22051,2024-05-18,Starter,Healthcare,111.7,0,219.11,0
ACC-22052,2024-05-18,Enterprise,Fintech,347.3,0,4524.65,0
ACC-22053,2024-05-18,Professional,Healthcare,120.9,0,1262.05,0
ACC-22054,2024-05-18,Professional,E-Commerce,148.5,0,1245.56,0
ACC-22055,2024-05-18,Professional,SaaS,142.3,3,1301.59,0
ACC-22056,2024-05-18,Starter,SaaS,103.1,2,265.37,0
ACC-22057,2024-05-18,Professional,Fintech,125.4,1,1097.64,0
ACC-22058,2024-05-18,Starter,Fintech,108.9,4,250.13,0
ACC-22059,2024-05-18,Professional,Fintech,109.9,0,1241.8,0
ACC-22060,2024-05-18,Starter,SaaS,121.5,2,180.33,0
ACC-22061,2024-05-18,Enterprise,SaaS,308.3,0,4502.18,0
ACC-22062,2024-05-18,Starter,E-Commerce,159.2,2,148.08,0
ACC-22063,2024-05-18,Starter,Healthcare,152.1,0,219.65,0
ACC-22064,2024-05-18,Enterprise,Healthcare,411.2,1,4442.0,0
ACC-22065,2024-05-18,Starter,Healthcare,110.0,1,271.59,0
ACC-22066,2024-05-18,Professional,Fintech,75.5,1,1119.41,0
ACC-22067,2024-05-19,Professional,Healthcare,98.2,0,1211.73,0
ACC-22068,2024-05-19,Professional,Fintech,106.3,1,1152.77,0
ACC-22069,2024-05-19,Enterprise,Fintech,405.7,2,4459.39,0
ACC-22070,2024-05-19,Enterprise,SaaS,386.9,5,4550.44,1
ACC-22071,2024-05-19,Starter,E-Commerce,101.2,1,169.75,0
ACC-22072,2024-05-19,Professional,Healthcare,80.0,0,1237.48,0
ACC-22073,2024-05-19,Professional,Healthcare,104.6,0,1068.67,0
ACC-22074,2024-05-19,Professional,Healthcare,111.6,0,1212.1,0
ACC-22075,2024-05-19,Starter,E-Commerce,115.6,0,235.9,0
ACC-22076,2024-05-19,Professional,E-Commerce,111.3,0,1159.15,0
ACC-22077,2024-05-19,Enterprise,E-Commerce,436.3,0,4531.05,0
ACC-22078,2024-05-19,Enterprise,E-Commerce,337.1,1,4512.61,1
ACC-22079,2024-05-19,Starter,Fintech,170.8,1,235.19,0
ACC-22080,2024-05-19,Starter,Healthcare,84.8,2,310.94,0
ACC-22081,2024-05-19,Starter,Healthcare,87.5,1,107.39,0
ACC-22082,2024-05-19,Professional,Healthcare,120.5,0,1227.16,0
ACC-22083,2024-05-19,Professional,E-Commerce,122.9,3,1261.52,0
ACC-22084,2024-05-19,Starter,Healthcare,148.3,2,218.24,0
ACC-22085,2024-05-19,Starter,Fintech,73.1,0,152.73,0
ACC-22086,2024-05-19,Starter,Healthcare,139.7,3,266.67,0
ACC-22087,2024-05-19,Starter,SaaS,100.1,1,193.69,0
ACC-22088,2024-05-19,Enterprise,Fintech,323.9,1,4490.62,0
ACC-22089,2024-05-19,Professional,E-Commerce,137.7,0,1175.63,0
ACC-22090,2024-05-19,Starter,Healthcare,108.1,0,263.04,0
ACC-22091,2024-05-19,Starter,Fintech,127.2,1,166.75,0
ACC-22092,2024-05-19,Starter,Healthcare,105.4,2,205.32,0
ACC-22093,2024-05-19,Enterprise,E-Commerce,306.3,2,4562.02,0
ACC-22094,2024-05-19,Starter,Healthcare,101.8,4,221.47,0
ACC-22095,2024-05-19,Starter,SaaS,150.2,1,268.19,0
ACC-22096,2024-05-19,Starter,Fintech,85.6,3,300.07,0
ACC-22097,2024-05-19,Professional,Fintech,118.2,0,1193.87,1
ACC-22098,2024-05-19,Professional,SaaS,160.6,0,1226.33,0
ACC-22099,2024-05-19,Professional,Healthcare,84.1,1,1188.09,0
ACC-22100,2024-05-19,Starter,E-Commerce,118.4,0,273.32,0
ACC-22101,2024-05-19,Starter,E-Commerce,98.0,2,202.02,0
ACC-22102,2024-05-19,Starter,Healthcare,124.4,2,240.57,0
ACC-22103,2024-05-19,Professional,E-Commerce,145.3,3,1292.83,0
ACC-22104,2024-05-19,Starter,Fintech,70.1,0,201.51,0
ACC-22105,2024-05-19,Professional,Fintech,131.6,1,1312.2,0
ACC-22106,2024-05-19,Enterprise,Fintech,452.5,7,4445.16,1
ACC-22107,2024-05-19,Enterprise,SaaS,358.7,1,4533.53,0
ACC-22108,2024-05-19,Starter,Fintech,93.1,2,195.0,0
ACC-22109,2024-05-19,Starter,E-Commerce,101.3,3,179.71,0
ACC-22110,2024-05-19,Starter,SaaS,122.3,0,216.39,0
ACC-22111,2024-05-19,Professional,Healthcare,67.3,1,1247.06,0
ACC-22112,2024-05-19,Professional,Healthcare,120.6,1,1215.78,0
ACC-22113,2024-05-19,Starter,Healthcare,106.0,0,195.11,0
ACC-22114,2024-05-19,Starter,Healthcare,119.2,1,213.99,0
ACC-22115,2024-05-19,Professional,Healthcare,127.0,0,1249.47,0
ACC-22116,2024-05-19,Enterprise,E-Commerce,440.9,0,4395.86,0
ACC-22117,2024-05-19,Starter,SaaS,92.0,2,193.16,0
ACC-22118,2024-05-19,Professional,SaaS,100.0,1,1187.9,0
ACC-22119,2024-05-19,Starter,SaaS,123.6,1,187.57,0
ACC-22120,2024-05-19,Starter,SaaS,107.5,1,143.91,0
ACC-22121,2024-05-19,Enterprise,Healthcare,392.4,3,4471.84,1
ACC-22122,2024-05-19,Professional,E-Commerce,133.7,1,1190.11,0
ACC-22123,2024-05-19,Professional,SaaS,112.1,5,1267.64,0
ACC-22124,2024-05-19,Starter,Healthcare,104.8,3,200.8,1
ACC-22125,2024-05-19,Professional,SaaS,126.8,2,1239.62,0
ACC-22126,2024-05-19,Starter,Healthcare,92.6,0,184.96,0
ACC-22127,2024-05-19,Starter,E-Commerce,87.8,4,112.91,0
ACC-22128,2024-05-19,Starter,E-Commerce,104.2,0,198.87,0
ACC-22129,2024-05-19,Starter,SaaS,114.7,1,149.08,0
ACC-22130,2024-05-19,Professional,Fintech,104.0,0,1270.23,0
ACC-22131,2024-05-19,Professional,E-Commerce,62.4,1,1245.39,0
ACC-22132,2024-05-19,Starter,Healthcare,122.1,1,156.42,0
ACC-22133,2024-05-19,Starter,Fintech,124.3,0,241.92,0
ACC-22134,2024-05-19,Starter,E-Commerce,69.4,0,128.31,0
ACC-22135,2024-05-19,Starter,E-Commerce,83.6,5,182.0,0
ACC-22136,2024-05-19,Professional,E-Commerce,144.9,0,1096.14,0
ACC-22137,2024-05-19,Professional,Healthcare,71.5,2,1218.21,0
ACC-22138,2024-05-19,Starter,Healthcare,78.7,0,190.63,0
ACC-22139,2024-05-19,Starter,E-Commerce,85.9,2,300.9,0
ACC-22140,2024-05-19,Professional,Healthcare,139.8,1,1253.54,0
ACC-22141,2024-05-19,Professional,Fintech,133.6,2,1226.65,0
ACC-22142,2024-05-19,Starter,SaaS,115.0,1,181.42,0
ACC-22143,2024-05-19,Starter,Healthcare,134.6,0,142.53,0
ACC-22144,2024-05-19,Professional,E-Commerce,118.0,1,1160.93,0
ACC-22145,2024-05-19,Starter,Healthcare,137.8,1,113.95,0
ACC-22146,2024-05-19,Starter,Healthcare,99.2,3,268.41,0
ACC-22147,2024-05-19,Professional,Healthcare,123.4,0,1146.81,0
ACC-22148,2024-05-19,Professional,Healthcare,79.2,1,1187.8,0
ACC-22149,2024-05-19,Professional,Healthcare,114.9,3,1185.45,0
ACC-22150,2024-05-19,Professional,Healthcare,67.4,0,1155.54,0
ACC-22151,2024-05-19,Professional,Healthcare,145.3,1,1246.44,0
ACC-22152,2024-05-19,Starter,Fintech,128.0,0,85.75,0
ACC-22153,2024-05-19,Starter,Healthcare,63.4,0,191.7,0
ACC-22154,2024-05-19,Starter,Fintech,114.5,1,196.53,0
ACC-22155,2024-05-19,Starter,Fintech,121.8,2,278.78,0
ACC-22156,2024-05-19,Professional,SaaS,133.9,3,1148.96,0
ACC-22157,2024-05-19,Enterprise,E-Commerce,369.5,0,4560.52,0
ACC-22158,2024-05-19,Enterprise,E-Commerce,402.2,1,4459.8,1
ACC-22159,2024-05-19,Professional,Healthcare,124.0,1,1206.63,0
ACC-22160,2024-05-19,Starter,SaaS,99.0,4,212.78,0
ACC-22161,2024-05-19,Starter,E-Commerce,93.1,0,183.39,0
ACC-22162,2024-05-19,Professional,E-Commerce,124.3,0,1143.45,0
ACC-22163,2024-05-19,Professional,Healthcare,91.9,2,1163.33,0
ACC-22164,2024-05-19,Professional,SaaS,103.1,2,1145.57,0
ACC-22165,2024-05-19,Professional,SaaS,122.2,0,1286.13,0
ACC-22166,2024-05-19,Professional,SaaS,127.2,0,1192.03,0
ACC-22167,2024-05-19,Professional,Fintech,129.4,0,1207.23,0
ACC-22168,2024-05-19,Starter,Fintech,100.3,1,185.48,0
ACC-22169,2024-05-19,Professional,Fintech,114.7,1,1149.94,0
ACC-22170,2024-05-19,Enterprise,Fintech,464.6,1,4473.32,0
ACC-22171,2024-05-19,Starter,SaaS,122.9,3,159.19,0
ACC-22172,2024-05-19,Professional,Fintech,82.3,2,1110.96,0
ACC-22173,2024-05-19,Starter,Fintech,108.0,0,287.35,0
ACC-22174,2024-05-19,Enterprise,Fintech,264.9,0,4390.89,0
ACC-22175,2024-05-19,Starter,Fintech,121.5,3,156.52,0
ACC-22176,2024-05-19,Professional,Fintech,121.1,1,1182.72,0
ACC-22177,2024-05-19,Starter,E-Commerce,123.1,2,174.91,0
ACC-22178,2024-05-19,Professional,E-Commerce,103.2,2,1168.9,0
ACC-22179,2024-05-19,Starter,Fintech,101.8,1,182.9,0
ACC-22180,2024-05-19,Starter,Healthcare,103.1,3,222.95,0
ACC-22181,2024-05-19,Starter,Healthcare,75.6,2,75.69,0
ACC-22182,2024-05-19,Enterprise,Fintech,427.5,1,4522.84,0
ACC-22183,2024-05-19,Starter,E-Commerce,94.6,4,264.73,0
ACC-22184,2024-05-19,Starter,E-Commerce,133.2,1,155.94,0
ACC-22185,2024-05-19,Professional,E-Commerce,136.9,1,1141.66,0
ACC-22186,2024-05-19,Starter,E-Commerce,136.2,1,217.75,1
ACC-22187,2024-05-19,Enterprise,Fintech,409.2,0,4431.36,0
ACC-22188,2024-05-19,Starter,SaaS,142.8,0,157.7,0
ACC-22189,2024-05-19,Professional,SaaS,165.7,0,1247.19,0
ACC-22190,2024-05-19,Starter,SaaS,115.8,1,191.94,0
ACC-22191,2024-05-19,Starter,Fintech,71.6,1,189.76,0
ACC-22192,2024-05-19,Professional,SaaS,64.2,0,1154.94,0
ACC-22193,2024-05-19,Professional,SaaS,108.0,0,1137.02,0
ACC-22194,2024-05-19,Professional,SaaS,52.0,0,1198.71,0
ACC-22195,2024-05-19,Starter,Fintech,101.7,2,226.04,0
ACC-22196,2024-05-19,Starter,E-Commerce,127.2,2,213.71,0
ACC-22197,2024-05-19,Starter,SaaS,132.6,1,195.15,0
ACC-22198,2024-05-19,Enterprise,E-Commerce,414.0,1,4463.06,1
ACC-22199,2024-05-20,Starter,E-Commerce,113.7,0,268.95,0
ACC-22200,2024-05-20,Starter,SaaS,124.8,1,162.39,0
ACC-22201,2024-05-20,Starter,Healthcare,108.3,2,232.46,0
ACC-22202,2024-05-20,Professional,E-Commerce,136.5,3,1188.13,0
ACC-22203,2024-05-20,Starter,Healthcare,86.1,0,159.83,0
ACC-22204,2024-05-20,Enterprise,SaaS,510.3,2,4482.31,1
ACC-22205,2024-05-20,Starter,Fintech,142.6,0,134.66,0
ACC-22206,2024-05-20,Enterprise,Healthcare,406.4,4,4458.83,1
ACC-22207,2024-05-20,Starter,E-Commerce,88.1,3,208.82,0
ACC-22208,2024-05-20,Professional,E-Commerce,93.0,3,1200.9,0
ACC-22209,2024-05-20,Enterprise,E-Commerce,340.1,1,4405.7,0
ACC-22210,2024-05-20,Starter,SaaS,96.8,0,186.08,0
ACC-22211,2024-05-20,Enterprise,SaaS,403.1,0,4486.96,1
ACC-22212,2024-05-20,Starter,Fintech,90.3,0,224.04,0
ACC-22213,2024-05-20,Enterprise,Healthcare,467.1,5,4419.72,1
ACC-22214,2024-05-20,Professional,Fintech,91.0,2,1243.49,0
ACC-22215,2024-05-20,Starter,Healthcare,66.6,0,233.76,0
ACC-22216,2024-05-20,Starter,Healthcare,143.1,0,206.56,0
ACC-22217,2024-05-20,Starter,SaaS,125.0,1,233.74,0
ACC-22218,2024-05-20,Starter,SaaS,113.8,3,241.59,0
ACC-22219,2024-05-20,Starter,Fintech,106.4,3,151.18,0
ACC-22220,2024-05-20,Starter,Fintech,110.9,1,198.6,0
ACC-22221,2024-05-20,Starter,E-Commerce,89.0,0,209.36,0
ACC-22222,2024-05-20,Professional,Healthcare,116.0,1,1255.18,0
ACC-22223,2024-05-20,Starter,Fintech,83.7,0,233.79,0
ACC-22224,2024-05-20,Starter,SaaS,95.2,1,170.83,0
ACC-22225,2024-05-20,Professional,SaaS,122.5,2,1247.56,0
ACC-22226,2024-05-20,Starter,Healthcare,97.1,1,188.34,0
ACC-22227,2024-05-20,Starter,SaaS,149.3,0,177.04,0
ACC-22228,2024-05-20,Starter,Healthcare,142.9,3,160.11,0
ACC-22229,2024-05-20,Enterprise,E-Commerce,488.3,2,4543.71,0
ACC-22230,2024-05-20,Professional,Healthcare,59.7,2,1246.46,1
ACC-22231,2024-05-20,Starter,Fintech,77.4,0,243.59,0
ACC-22232,2024-05-20,Professional,SaaS,138.8,0,1195.68,0
ACC-22233,2024-05-20,Starter,Healthcare,87.1,1,161.43,0
ACC-22234,2024-05-20,Professional,E-Commerce,132.7,0,1217.14,0
ACC-22235,2024-05-20,Professional,Healthcare,67.4,3,1146.21,0
ACC-22236,2024-05-20,Professional,Fintech,125.3,0,1143.36,0
ACC-22237,2024-05-20,Starter,Fintech,77.5,1,187.62,0
ACC-22238,2024-05-20,Starter,Healthcare,114.2,1,203.06,0
ACC-22239,2024-05-20,Starter,E-Commerce,69.8,3,284.82,0
ACC-22240,2024-05-20,Enterprise,Healthcare,324.8,1,4502.05,0
ACC-22241,2024-05-20,Professional,E-Commerce,115.4,2,1294.57,0
ACC-22242,2024-05-20,Professional,E-Commerce,97.1,1,1190.51,0
ACC-22243,2024-05-20,Enterprise,E-Commerce,376.2,1,4532.73,0
ACC-22244,2024-05-20,Starter,Healthcare,109.6,2,141.48,0
ACC-22245,2024-05-20,Professional,SaaS,117.1,1,1094.96,0
ACC-22246,2024-05-20,Professional,Healthcare,121.8,0,1222.6,0
ACC-22247,2024-05-20,Enterprise,Healthcare,344.7,2,4532.19,0
ACC-22248,2024-05-20,Enterprise,Fintech,372.1,1,4441.01,0
ACC-22249,2024-05-20,Professional,Healthcare,119.5,0,1192.58,0
ACC-22250,2024-05-20,Starter,Fintech,108.9,2,180.56,0
ACC-22251,2024-05-20,Professional,E-Commerce,104.3,0,1315.87,0
ACC-22252,2024-05-20,Starter,Fintech,142.1,1,202.73,0
ACC-22253,2024-05-20,Professional,Healthcare,127.4,5,1275.61,1
ACC-22254,2024-05-20,Enterprise,E-Commerce,215.5,2,4519.41,0
ACC-22255,2024-05-20,Starter,Healthcare,134.4,0,198.22,0
ACC-22256,2024-05-20,Professional,Fintech,112.5,0,1189.86,0
ACC-22257,2024-05-20,Starter,Fintech,111.0,2,191.7,0
ACC-22258,2024-05-20,Starter,E-Commerce,99.2,0,238.88,0
ACC-22259,2024-05-20,Starter,Fintech,109.5,3,163.77,0
ACC-22260,2024-05-20,Professional,Healthcare,116.7,0,1162.75,0
ACC-22261,2024-05-20,Enterprise,Healthcare,424.2,1,4441.39,0
ACC-22262,2024-05-20,Enterprise,E-Commerce,361.5,4,4534.7,0
ACC-22263,2024-05-20,Starter,E-Commerce,101.2,0,149.31,0
ACC-22264,2024-05-20,Enterprise,SaaS,361.9,6,4483.05,1
ACC-22265,2024-05-20,Professional,Fintech,108.0,0,1160.83,0
ACC-22266,2024-05-20,Starter,Fintech,129.4,1,145.84,0
ACC-22267,2024-05-20,Starter,Fintech,95.7,1,143.16,0
ACC-22268,2024-05-20,Starter,Fintech,85.0,2,265.87,0
ACC-22269,2024-05-20,Enterprise,Fintech,426.6,2,4505.9,0
ACC-22270,2024-05-20,Professional,Healthcare,103.7,1,1139.82,0
ACC-22271,2024-05-20,Professional,Healthcare,134.6,2,1122.92,0
ACC-22272,2024-05-20,Starter,E-Commerce,67.5,1,248.16,0
ACC-22273,2024-05-20,Professional,Healthcare,92.3,1,1163.81,0
ACC-22274,2024-05-20,Starter,E-Commerce,106.1,2,222.09,0
ACC-22275,2024-05-20,Starter,Healthcare,118.2,0,225.48,0
ACC-22276,2024-05-20,Professional,Fintech,138.9,1,1237.69,0
ACC-22277,2024-05-20,Starter,Healthcare,108.7,1,247.22,0
ACC-22278,2024-05-20,Professional,Fintech,132.1,2,1191.2,0
ACC-22279,2024-05-20,Starter,Fintech,82.7,1,147.5,0
ACC-22280,2024-05-20,Professional,Healthcare,111.1,3,1199.87,0
ACC-22281,2024-05-20,Starter,SaaS,143.3,1,188.77,0
ACC-22282,2024-05-20,Professional,E-Commerce,104.1,2,1179.46,0
ACC-22283,2024-05-20,Starter,Fintech,151.6,2,276.64,0
ACC-22284,2024-05-20,Starter,SaaS,134.2,1,184.87,0
ACC-22285,2024-05-20,Enterprise,E-Commerce,321.6,1,4438.43,0
ACC-22286,2024-05-20,Starter,E-Commerce,97.6,3,135.78,0
ACC-22287,2024-05-20,Professional,SaaS,100.2,1,1278.13,0
ACC-22288,2024-05-20,Enterprise,Healthcare,359.7,0,4460.09,0
ACC-22289,2024-05-20,Starter,Fintech,155.2,2,244.65,0
ACC-22290,2024-05-20,Starter,Healthcare,56.2,0,214.36,0
ACC-22291,2024-05-20,Professional,Healthcare,97.5,1,1233.7,0
ACC-22292,2024-05-20,Enterprise,Healthcare,283.9,2,4466.74,0
ACC-22293,2024-05-20,Enterprise,E-Commerce,473.9,4,4503.58,0
ACC-22294,2024-05-20,Starter,SaaS,171.5,1,202.31,0
ACC-22295,2024-05-20,Professional,SaaS,125.6,0,1198.28,0
ACC-22296,2024-05-20,Starter,SaaS,83.1,1,233.17,0
ACC-22297,2024-05-20,Enterprise,SaaS,433.4,0,4500.7,0
ACC-22298,2024-05-20,Enterprise,SaaS,456.6,0,4459.24,0
ACC-22299,2024-05-20,Starter,Fintech,90.0,0,149.87,0
ACC-22300,2024-05-20,Starter,Fintech,77.7,0,180.73,0
ACC-22301,2024-05-20,Starter,Healthcare,130.6,0,271.14,0
ACC-22302,2024-05-20,Starter,SaaS,93.1,2,197.53,0
ACC-22303,2024-05-20,Professional,Healthcare,96.6,2,1248.85,0
ACC-22304,2024-05-20,Starter,E-Commerce,94.9,0,173.05,0
ACC-22305,2024-05-20,Starter,Fintech,80.2,2,230.53,0
ACC-22306,2024-05-20,Starter,Fintech,104.7,1,185.98,0
ACC-22307,2024-05-20,Enterprise,E-Commerce,313.9,2,4529.6,1
ACC-22308,2024-05-20,Professional,Fintech,62.6,1,1151.65,0
ACC-22309,2024-05-20,Starter,Healthcare,98.5,1,175.58,0
ACC-22310,2024-05-20,Starter,Fintech,92.4,2,200.69,0
ACC-22311,2024-05-20,Enterprise,Healthcare,390.1,2,4511.93,0
ACC-22312,2024-05-20,Professional,E-Commerce,100.3,2,1156.11,0
ACC-22313,2024-05-20,Starter,Healthcare,109.1,0,172.53,0
ACC-22314,2024-05-20,Starter,E-Commerce,93.0,0,225.17,0
ACC-22315,2024-05-20,Starter,Fintech,99.3,0,213.07,0
ACC-22316,2024-05-20,Starter,SaaS,138.2,1,151.31,0
ACC-22317,2024-05-20,Professional,Healthcare,103.1,2,1230.23,0
ACC-22318,2024-05-20,Enterprise,E-Commerce,350.9,1,4506.49,0
ACC-22319,2024-05-20,Starter,E-Commerce,143.8,5,165.94,1
ACC-22320,2024-05-20,Professional,Fintech,125.5,0,1204.04,0
ACC-22321,2024-05-20,Starter,SaaS,146.9,0,149.68,0
ACC-22322,2024-05-20,Professional,E-Commerce,110.8,0,1181.49,0
ACC-22323,2024-05-20,Professional,Healthcare,118.4,1,1227.76,0
ACC-22324,2024-05-20,Starter,Fintech,130.0,0,209.06,0
ACC-22325,2024-05-20,Starter,SaaS,81.7,0,125.69,0
ACC-22326,2024-05-20,Professional,E-Commerce,118.1,0,1141.63,0
ACC-22327,2024-05-20,Starter,Fintech,114.3,0,157.19,0
ACC-22328,2024-05-20,Starter,Healthcare,114.2,1,211.51,0
ACC-22329,2024-05-20,Starter,SaaS,120.0,2,92.21,0
ACC-22330,2024-05-21,Enterprise,E-Commerce,332.4,2,4602.39,1
ACC-22331,2024-05-21,Starter,E-Commerce,122.2,2,293.87,0
ACC-22332,2024-05-21,Professional,Healthcare,93.2,1,1202.36,0
ACC-22333,2024-05-21,Starter,E-Commerce,95.4,1,307.08,0
ACC-22334,2024-05-21,Professional,Healthcare,119.5,2,1231.49,0
ACC-22335,2024-05-21,Professional,Fintech,104.6,2,1198.25,0
ACC-22336,2024-05-21,Enterprise,E-Commerce,408.7,0,4452.31,0
ACC-22337,2024-05-21,Starter,SaaS,101.3,2,215.51,0
ACC-22338,2024-05-21,Professional,Healthcare,94.1,1,1304.26,0
ACC-22339,2024-05-21,Professional,Healthcare,51.4,1,1229.83,0
ACC-22340,2024-05-21,Starter,E-Commerce,107.3,2,221.58,0
ACC-22341,2024-05-21,Starter,Healthcare,86.4,1,195.43,0
ACC-22342,2024-05-21,Starter,SaaS,110.8,0,208.25,0
ACC-22343,2024-05-21,Starter,E-Commerce,111.0,0,278.43,0
ACC-22344,2024-05-21,Enterprise,Fintech,305.8,0,4492.43,0
ACC-22345,2024-05-21,Starter,SaaS,92.2,0,123.34,0
ACC-22346,2024-05-21,Starter,E-Commerce,126.8,1,103.46,0
ACC-22347,2024-05-21,Professional,SaaS,82.8,0,1219.17,0
ACC-22348,2024-05-21,Starter,E-Commerce,161.6,3,186.07,0
ACC-22349,2024-05-21,Starter,SaaS,113.9,2,193.74,0
ACC-22350,2024-05-21,Starter,Fintech,66.5,0,173.89,0
ACC-22351,2024-05-21,Enterprise,Healthcare,398.9,3,4567.64,1
ACC-22352,2024-05-21,Enterprise,SaaS,399.9,3,4531.96,1
ACC-22353,2024-05-21,Enterprise,Fintech,452.2,1,4602.95,0
ACC-22354,2024-05-21,Starter,Fintech,140.0,1,228.1,0
ACC-22355,2024-05-21,Professional,E-Commerce,159.5,0,1239.31,0
ACC-22356,2024-05-21,Starter,SaaS,98.4,2,220.25,0
ACC-22357,2024-05-21,Starter,Fintech,169.9,2,181.01,0
ACC-22358,2024-05-21,Starter,SaaS,114.4,3,182.38,1
ACC-22359,2024-05-21,Professional,E-Commerce,114.5,1,1226.52,0
ACC-22360,2024-05-21,Starter,Healthcare,162.1,5,85.54,0
ACC-22361,2024-05-21,Starter,SaaS,141.4,0,143.19,0
ACC-22362,2024-05-21,Starter,Healthcare,107.9,4,192.82,0
ACC-22363,2024-05-21,Starter,Fintech,90.0,2,203.21,0
ACC-22364,2024-05-21,Professional,Fintech,126.4,4,1204.75,0
ACC-22365,2024-05-21,Starter,Healthcare,95.2,1,151.38,0
ACC-22366,2024-05-21,Professional,Healthcare,112.9,0,1138.83,0
ACC-22367,2024-05-21,Starter,SaaS,87.9,1,186.83,0
ACC-22368,2024-05-21,Professional,E-Commerce,103.2,0,1267.95,0
ACC-22369,2024-05-21,Professional,E-Commerce,93.9,0,1261.36,0
ACC-22370,2024-05-21,Starter,E-Commerce,112.1,0,184.6,0
ACC-22371,2024-05-21,Starter,Fintech,134.5,0,83.31,0
ACC-22372,2024-05-21,Professional,Fintech,127.6,2,1284.26,0
ACC-22373,2024-05-21,Professional,SaaS,98.8,1,1194.56,0
ACC-22374,2024-05-21,Starter,Fintech,91.1,1,133.76,0
ACC-22375,2024-05-21,Starter,Fintech,125.3,1,228.73,0
ACC-22376,2024-05-21,Enterprise,E-Commerce,465.0,5,4550.05,1
ACC-22377,2024-05-21,Professional,Healthcare,117.2,0,1133.98,0
ACC-22378,2024-05-21,Starter,SaaS,108.2,3,119.66,0
ACC-22379,2024-05-21,Starter,Fintech,138.2,3,197.88,0
ACC-22380,2024-05-21,Starter,Fintech,107.2,0,257.83,0
ACC-22381,2024-05-21,Professional,Healthcare,70.6,0,1167.11,0
ACC-22382,2024-05-21,Starter,E-Commerce,80.7,1,250.91,0
ACC-22383,2024-05-21,Enterprise,Healthcare,437.1,0,4483.89,0
ACC-22384,2024-05-21,Starter,Healthcare,108.1,1,263.25,0
ACC-22385,2024-05-21,Starter,SaaS,120.6,0,166.15,0
ACC-22386,2024-05-21,Professional,SaaS,161.6,0,1148.77,0
ACC-22387,2024-05-21,Enterprise,Fintech,344.5,4,4503.63,1
ACC-22388,2024-05-21,Professional,Healthcare,102.1,2,1258.37,0
ACC-22389,2024-05-21,Starter,Healthcare,153.6,1,184.34,0
ACC-22390,2024-05-21,Professional,SaaS,136.2,1,1202.48,0
ACC-22391,2024-05-21,Professional,SaaS,163.1,1,1312.31,0
ACC-22392,2024-05-21,Starter,Fintech,137.5,0,290.21,0
ACC-22393,2024-05-21,Starter,E-Commerce,63.6,1,198.62,0
ACC-22394,2024-05-21,Starter,Healthcare,109.4,1,192.94,0
ACC-22395,2024-05-21,Starter,Fintech,61.8,2,232.95,0
ACC-22396,2024-05-21,Enterprise,Fintech,440.8,0,4479.54,0
ACC-22397,2024-05-21,Starter,Healthcare,117.0,0,220.27,0
ACC-22398,2024-05-21,Enterprise,Healthcare,304.1,1,4512.41,0
ACC-22399,2024-05-21,Starter,Fintech,85.5,2,200.02,0
ACC-22400,2024-05-21,Professional,E-Commerce,86.0,0,1271.62,0
ACC-22401,2024-05-21,Starter,Fintech,38.7,0,171.19,0
ACC-22402,2024-05-21,Starter,E-Commerce,136.5,0,236.19,0
ACC-22403,2024-05-21,Starter,Healthcare,94.4,2,177.07,0
ACC-22404,2024-05-21,Starter,Fintech,70.2,1,234.3,0
ACC-22405,2024-05-21,Professional,Healthcare,143.6,0,1222.28,0
ACC-22406,2024-05-21,Starter,Fintech,88.0,2,291.03,0
ACC-22407,2024-05-21,Professional,Healthcare,106.5,0,1191.54,0
ACC-22408,2024-05-21,Starter,Fintech,140.1,0,177.15,0
ACC-22409,2024-05-21,Starter,Healthcare,103.3,2,242.76,0
ACC-22410,2024-05-21,Starter,Fintech,95.1,0,202.04,0
ACC-22411,2024-05-21,Enterprise,E-Commerce,490.7,1,4474.28,0
ACC-22412,2024-05-21,Professional,E-Commerce,130.0,0,1253.67,0
ACC-22413,2024-05-21,Starter,Fintech,141.6,1,142.82,0
ACC-22414,2024-05-21,Starter,Healthcare,134.0,0,251.49,0
ACC-22415,2024-05-21,Starter,Fintech,80.1,1,189.84,0
ACC-22416,2024-05-21,Enterprise,E-Commerce,315.8,0,4567.64,0
ACC-22417,2024-05-21,Professional,Fintech,104.1,0,1253.41,0
ACC-22418,2024-05-21,Starter,Healthcare,159.2,2,178.15,0
ACC-22419,2024-05-21,Professional,Healthcare,89.2,1,1147.24,0
ACC-22420,2024-05-21,Starter,SaaS,90.1,1,165.32,0
ACC-22421,2024-05-21,Enterprise,Healthcare,368.0,2,4511.47,0
ACC-22422,2024-05-21,Starter,E-Commerce,90.4,0,135.05,0
ACC-22423,2024-05-21,Professional,Healthcare,141.4,3,1075.49,0
ACC-22424,2024-05-21,Starter,SaaS,90.9,0,185.89,0
ACC-22425,2024-05-21,Professional,E-Commerce,138.3,0,1200.19,0
ACC-22426,2024-05-21,Professional,Fintech,110.9,2,1178.64,0
ACC-22427,2024-05-21,Professional,SaaS,127.6,1,1226.44,0
ACC-22428,2024-05-21,Professional,Healthcare,133.4,0,1180.77,1
ACC-22429,2024-05-21,Enterprise,SaaS,365.6,1,4441.48,0
ACC-22430,2024-05-21,Starter,SaaS,167.0,1,189.28,0
ACC-22431,2024-05-21,Starter,Fintech,129.4,2,184.21,0
ACC-22432,2024-05-21,Starter,E-Commerce,113.0,1,198.42,0
ACC-22433,2024-05-21,Enterprise,Fintech,417.8,2,4504.15,1
ACC-22434,2024-05-21,Starter,Fintech,132.5,1,265.25,0
ACC-22435,2024-05-21,Professional,Fintech,61.1,0,1180.2,0
ACC-22436,2024-05-21,Professional,E-Commerce,107.9,1,1115.96,0
ACC-22437,2024-05-21,Starter,Fintech,158.7,2,198.5,0
ACC-22438,2024-05-21,Starter,Fintech,111.1,1,179.79,0
ACC-22439,2024-05-21,Starter,E-Commerce,71.2,0,127.64,0
ACC-22440,2024-05-21,Starter,Fintech,124.2,0,240.46,0
ACC-22441,2024-05-21,Starter,Fintech,79.2,0,195.58,0
ACC-22442,2024-05-21,Starter,Fintech,148.4,2,145.33,0
ACC-22443,2024-05-21,Enterprise,Healthcare,508.8,1,4462.5,0
ACC-22444,2024-05-21,Enterprise,Healthcare,291.1,0,4453.15,0
ACC-22445,2024-05-21,Starter,Fintech,92.2,1,247.97,0
ACC-22446,2024-05-21,Starter,SaaS,57.4,1,201.53,0
ACC-22447,2024-05-21,Starter,E-Commerce,114.8,0,193.44,0
ACC-22448,2024-05-21,Professional,Healthcare,118.8,1,1209.48,0
ACC-22449,2024-05-21,Professional,Healthcare,94.4,1,1164.28,0
ACC-22450,2024-05-21,Starter,Healthcare,101.6,1,194.03,0
ACC-22451,2024-05-21,Starter,E-Commerce,115.2,2,229.36,0
ACC-22452,2024-05-21,Professional,Fintech,65.9,2,1176.18,0
ACC-22453,2024-05-21,Professional,Fintech,65.8,3,1187.46,0
ACC-22454,2024-05-22,Starter,SaaS,131.7,1,224.84,0
ACC-22455,2024-05-22,Professional,Fintech,84.5,1,1111.1,0
ACC-22456,2024-05-22,Starter,Healthcare,105.8,0,219.59,0
ACC-22457,2024-05-22,Starter,SaaS,91.6,0,115.17,0
ACC-22458,2024-05-22,Professional,E-Commerce,129.9,1,1189.07,0
ACC-22459,2024-05-22,Professional,Healthcare,96.3,1,1264.61,0
ACC-22460,2024-05-22,Starter,E-Commerce,135.2,2,240.95,0
ACC-22461,2024-05-22,Enterprise,Fintech,514.7,1,4489.24,0
ACC-22462,2024-05-22,Starter,E-Commerce,109.8,2,126.64,0
ACC-22463,2024-05-22,Professional,Healthcare,131.1,2,1239.95,1
ACC-22464,2024-05-22,Starter,SaaS,56.6,0,182.49,0
ACC-22465,2024-05-22,Enterprise,SaaS,263.0,0,4503.22,0
ACC-22466,2024-05-22,Enterprise,SaaS,283.8,4,4466.39,1
ACC-22467,2024-05-22,Starter,SaaS,81.3,0,270.69,0
ACC-22468,2024-05-22,Enterprise,Healthcare,345.9,0,4468.6,0
ACC-22469,2024-05-22,Professional,Healthcare,96.4,4,1213.16,0
ACC-22470,2024-05-22,Professional,Healthcare,87.4,1,1287.95,0
ACC-22471,2024-05-22,Starter,E-Commerce,123.9,0,139.94,0
ACC-22472,2024-05-22,Professional,SaaS,107.1,3,1172.33,0
ACC-22473,2024-05-22,Enterprise,Fintech,409.2,2,4600.59,0
ACC-22474,2024-05-22,Starter,SaaS,88.9,2,266.71,0
ACC-22475,2024-05-22,Enterprise,SaaS,319.0,0,4554.96,0
ACC-22476,2024-05-22,Starter,SaaS,109.4,1,272.05,0
ACC-22477,2024-05-22,Starter,SaaS,110.4,0,255.76,0
ACC-22478,2024-05-22,Starter,Fintech,128.0,0,133.23,0
ACC-22479,2024-05-22,Professional,Fintech,128.1,3,1219.11,0
ACC-22480,2024-05-22,Professional,Fintech,109.5,2,1222.15,0
ACC-22481,2024-05-22,Starter,Fintech,101.1,2,152.25,0
ACC-22482,2024-05-22,Enterprise,E-Commerce,472.3,0,4459.21,0
ACC-22483,2024-05-22,Starter,SaaS,105.3,1,163.32,0
ACC-22484,2024-05-22,Starter,SaaS,139.7,3,144.31,0
ACC-22485,2024-05-22,Starter,E-Commerce,170.6,0,284.15,0
ACC-22486,2024-05-22,Professional,Fintech,111.7,0,1176.1,0
ACC-22487,2024-05-22,Enterprise,Fintech,438.4,0,4478.41,0
ACC-22488,2024-05-22,Professional,Fintech,107.5,0,1215.82,0
ACC-22489,2024-05-22,Professional,Healthcare,122.3,1,1250.56,0
ACC-22490,2024-05-22,Starter,Healthcare,93.4,3,120.57,1
ACC-22491,2024-05-22,Starter,Fintech,95.6,0,235.67,0
ACC-22492,2024-05-22,Starter,Healthcare,133.3,1,195.44,0
ACC-22493,2024-05-22,Starter,Fintech,117.5,2,223.25,0
ACC-22494,2024-05-22,Starter,E-Commerce,77.9,0,215.63,0
ACC-22495,2024-05-22,Professional,Healthcare,86.0,0,1143.23,0
ACC-22496,2024-05-22,Starter,Healthcare,153.7,0,227.79,0
ACC-22497,2024-05-22,Professional,Healthcare,93.3,4,1235.79,1
ACC-22498,2024-05-22,Starter,SaaS,126.1,1,207.92,0
ACC-22499,2024-05-22,Starter,Fintech,127.6,1,162.86,0
ACC-22500,2024-05-22,Professional,Healthcare,127.8,2,1216.4,0
ACC-22501,2024-05-22,Starter,E-Commerce,87.0,0,301.83,0
ACC-22502,2024-05-22,Enterprise,E-Commerce,454.0,2,4476.57,0
ACC-22503,2024-05-22,Professional,SaaS,119.7,1,1169.37,0
ACC-22504,2024-05-22,Starter,Healthcare,119.9,0,237.73,0
ACC-22505,2024-05-22,Enterprise,Healthcare,440.7,1,4488.42,0
ACC-22506,2024-05-22,Starter,Fintech,130.1,0,222.4,0
ACC-22507,2024-05-22,Starter,E-Commerce,108.2,1,229.01,0
ACC-22508,2024-05-22,Professional,Fintech,110.8,0,1248.6,0
ACC-22509,2024-05-22,Starter,Fintech,135.7,0,192.81,0
ACC-22510,2024-05-22,Professional,Healthcare,103.7,1,1204.14,0
ACC-22511,2024-05-22,Professional,Healthcare,121.7,5,1191.94,0
ACC-22512,2024-05-22,Enterprise,Fintech,298.4,3,4584.07,1
ACC-22513,2024-05-22,Starter,E-Commerce,89.5,1,142.51,0
ACC-22514,2024-05-22,Starter,E-Commerce,117.0,2,196.2,0
ACC-22515,2024-05-22,Professional,Fintech,151.8,0,1234.52,0
ACC-22516,2024-05-22,Starter,Healthcare,102.4,2,137.59,0
ACC-22517,2024-05-22,Starter,E-Commerce,119.2,0,257.54,0
ACC-22518,2024-05-22,Starter,Healthcare,91.6,0,110.62,0
ACC-22519,2024-05-22,Starter,Healthcare,130.2,1,213.74,1
ACC-22520,2024-05-22,Starter,Healthcare,37.6,1,259.64,0
ACC-22521,2024-05-22,Enterprise,E-Commerce,372.4,1,4529.98,0
ACC-22522,2024-05-22,Enterprise,SaaS,321.9,0,4591.92,0
ACC-22523,2024-05-22,Starter,E-Commerce,127.7,0,104.52,0
ACC-22524,2024-05-22,Starter,Fintech,149.0,0,241.57,0
ACC-22525,2024-05-22,Starter,Healthcare,122.9,2,177.13,0
ACC-22526,2024-05-22,Enterprise,SaaS,397.9,3,4489.34,1
ACC-22527,2024-05-22,Starter,Fintech,87.8,2,312.62,0
ACC-22528,2024-05-22,Professional,SaaS,136.6,0,1265.44,0
ACC-22529,2024-05-22,Starter,SaaS,89.4,2,187.45,0
ACC-22530,2024-05-22,Professional,Fintech,139.1,1,1157.2,0
ACC-22531,2024-05-22,Starter,SaaS,81.0,1,97.0,0
ACC-22532,2024-05-22,Professional,Healthcare,126.4,0,1274.66,0
ACC-22533,2024-05-22,Starter,SaaS,97.1,2,195.79,0
ACC-22534,2024-05-22,Professional,Healthcare,139.0,0,1268.87,0
ACC-22535,2024-05-22,Starter,Healthcare,103.3,3,193.38,0
ACC-22536,2024-05-22,Professional,E-Commerce,115.7,0,1188.09,0
ACC-22537,2024-05-22,Enterprise,E-Commerce,322.4,0,4544.91,0
ACC-22538,2024-05-22,Starter,Fintech,113.9,1,238.36,0
ACC-22539,2024-05-22,Enterprise,E-Commerce,263.0,2,4494.76,1
ACC-22540,2024-05-22,Professional,Fintech,128.8,1,1225.99,0
ACC-22541,2024-05-22,Starter,Healthcare,101.6,1,153.91,0
ACC-22542,2024-05-22,Starter,Healthcare,37.5,4,226.69,0
ACC-22543,2024-05-22,Starter,Healthcare,68.8,3,196.95,0
ACC-22544,2024-05-22,Professional,Healthcare,146.6,4,1188.02,0
ACC-22545,2024-05-22,Professional,Fintech,102.3,0,1195.24,0
ACC-22546,2024-05-22,Starter,Fintech,91.9,0,50.0,0
ACC-22547,2024-05-22,Starter,Fintech,159.5,1,204.03,0
ACC-22548,2024-05-22,Professional,Healthcare,108.9,0,1219.7,0
ACC-22549,2024-05-22,Enterprise,SaaS,307.6,1,4492.85,0
ACC-22550,2024-05-22,Starter,Fintech,109.9,1,258.37,0
ACC-22551,2024-05-22,Enterprise,SaaS,322.7,2,4383.3,0
ACC-22552,2024-05-22,Starter,E-Commerce,166.9,1,237.97,0
ACC-22553,2024-05-22,Starter,E-Commerce,103.6,0,241.27,0
ACC-22554,2024-05-22,Professional,E-Commerce,100.4,1,1132.54,0
ACC-22555,2024-05-22,Starter,SaaS,94.8,1,161.65,0
ACC-22556,2024-05-22,Starter,Fintech,116.5,1,183.68,0
ACC-22557,2024-05-22,Starter,Healthcare,119.0,1,251.78,0
ACC-22558,2024-05-22,Professional,E-Commerce,104.3,1,1168.46,0
ACC-22559,2024-05-22,Professional,E-Commerce,112.3,1,1217.17,0
ACC-22560,2024-05-22,Starter,SaaS,80.9,1,175.59,0
ACC-22561,2024-05-22,Starter,Fintech,104.6,0,189.46,0
ACC-22562,2024-05-22,Starter,E-Commerce,81.6,0,170.82,0
ACC-22563,2024-05-22,Professional,Healthcare,117.8,5,1181.35,1
ACC-22564,2024-05-22,Starter,Healthcare,97.6,1,227.25,0
ACC-22565,2024-05-22,Professional,Healthcare,141.8,1,1228.02,0
ACC-22566,2024-05-22,Starter,E-Commerce,109.7,1,270.22,0
ACC-22567,2024-05-22,Starter,SaaS,82.8,2,235.31,0
ACC-22568,2024-05-22,Starter,Healthcare,148.8,2,160.82,0
ACC-22569,2024-05-22,Starter,SaaS,108.7,4,188.57,1
ACC-22570,2024-05-22,Enterprise,Healthcare,410.5,1,4510.44,1
ACC-22571,2024-05-22,Starter,Fintech,149.2,0,206.1,0
ACC-22572,2024-05-22,Starter,Fintech,149.6,0,204.24,0
ACC-22573,2024-05-22,Starter,Fintech,68.6,1,270.69,0
ACC-22574,2024-05-22,Starter,Healthcare,129.1,1,190.25,0
ACC-22575,2024-05-22,Starter,Healthcare,98.6,3,221.38,0
ACC-22576,2024-05-23,Starter,E-Commerce,123.7,1,239.01,0
ACC-22577,2024-05-23,Starter,E-Commerce,126.4,2,300.67,0
ACC-22578,2024-05-23,Professional,Fintech,84.0,2,1143.29,0
ACC-22579,2024-05-23,Starter,Fintech,115.4,3,178.41,1
ACC-22580,2024-05-23,Starter,Fintech,133.9,4,178.79,1
ACC-22581,2024-05-23,Enterprise,Healthcare,306.7,5,4541.74,1
ACC-22582,2024-05-23,Starter,Fintech,102.1,0,189.55,0
ACC-22583,2024-05-23,Starter,Fintech,62.8,1,152.33,0
ACC-22584,2024-05-23,Starter,SaaS,147.4,0,235.39,0
ACC-22585,2024-05-23,Starter,SaaS,165.7,1,226.62,0
ACC-22586,2024-05-23,Professional,Fintech,121.3,1,1213.15,0
ACC-22587,2024-05-23,Starter,Healthcare,117.8,0,158.89,0
ACC-22588,2024-05-23,Professional,Healthcare,139.2,2,1202.45,0
ACC-22589,2024-05-23,Starter,E-Commerce,105.8,0,164.61,0
ACC-22590,2024-05-23,Starter,Healthcare,107.3,0,229.9,0
ACC-22591,2024-05-23,Professional,Fintech,69.4,3,1099.01,0
ACC-22592,2024-05-23,Starter,E-Commerce,84.5,0,159.2,0
ACC-22593,2024-05-23,Professional,Healthcare,135.0,1,1221.57,0
ACC-22594,2024-05-23,Starter,Fintech,136.0,0,240.62,0
ACC-22595,2024-05-23,Professional,Healthcare,73.9,1,1256.96,0
ACC-22596,2024-05-23,Starter,Healthcare,114.4,0,143.16,0
ACC-22597,2024-05-23,Enterprise,Healthcare,381.6,0,4562.86,0
ACC-22598,2024-05-23,Starter,Fintech,102.1,3,117.01,0
ACC-22599,2024-05-23,Enterprise,Healthcare,327.3,0,4486.6,0
ACC-22600,2024-05-23,Starter,Fintech,71.1,0,155.34,0
ACC-22601,2024-05-23,Professional,E-Commerce,148.9,1,1207.06,0
ACC-22602,2024-05-23,Starter,Fintech,108.6,0,180.66,0
ACC-22603,2024-05-23,Enterprise,Fintech,337.1,4,4522.04,1
ACC-22604,2024-05-23,Starter,E-Commerce,118.8,0,221.45,0
ACC-22605,2024-05-23,Starter,E-Commerce,116.7,1,219.42,0
ACC-22606,2024-05-23,Starter,SaaS,145.3,3,164.54,1
ACC-22607,2024-05-23,Starter,Healthcare,117.8,2,250.04,0
ACC-22608,2024-05-23,Starter,Fintech,124.9,1,201.66,0
ACC-22609,2024-05-23,Enterprise,E-Commerce,416.2,0,4499.65,0
ACC-22610,2024-05-23,Enterprise,E-Commerce,418.0,0,4395.68,1
ACC-22611,2024-05-23,Starter,Fintech,71.7,2,186.79,0
ACC-22612,2024-05-23,Enterprise,SaaS,293.7,1,4487.19,0
ACC-22613,2024-05-23,Starter,Fintech,144.3,0,262.3,0
ACC-22614,2024-05-23,Starter,SaaS,82.1,0,120.89,0
ACC-22615,2024-05-23,Professional,SaaS,83.9,2,1124.56,0
ACC-22616,2024-05-23,Professional,E-Commerce,122.8,0,1217.74,0
ACC-22617,2024-05-23,Enterprise,SaaS,363.3,2,4471.48,0
ACC-22618,2024-05-23,Starter,E-Commerce,98.7,0,176.05,0
ACC-22619,2024-05-23,Professional,Fintech,113.2,0,1185.5,0
ACC-22620,2024-05-23,Starter,Healthcare,80.2,0,156.63,0
ACC-22621,2024-05-23,Starter,Fintech,89.3,0,229.57,0
ACC-22622,2024-05-23,Starter,Healthcare,144.3,0,177.31,0
ACC-22623,2024-05-23,Enterprise,E-Commerce,405.0,2,4453.91,0
ACC-22624,2024-05-23,Professional,Healthcare,71.9,1,1221.25,0
ACC-22625,2024-05-23,Professional,Healthcare,113.6,0,1217.1,0
ACC-22626,2024-05-23,Starter,E-Commerce,128.0,0,209.36,0
ACC-22627,2024-05-23,Starter,SaaS,112.2,1,258.61,0
ACC-22628,2024-05-23,Starter,Fintech,124.0,1,154.14,0
ACC-22629,2024-05-23,Starter,Healthcare,75.5,1,173.08,0
ACC-22630,2024-05-23,Starter,Fintech,141.1,0,246.04,0
ACC-22631,2024-05-23,Professional,E-Commerce,127.4,0,1213.37,0
ACC-22632,2024-05-23,Starter,Fintech,128.9,2,124.66,1
ACC-22633,2024-05-23,Starter,E-Commerce,133.1,1,141.05,1
ACC-22634,2024-05-23,Starter,Fintech,112.9,1,198.23,0
ACC-22635,2024-05-23,Starter,Fintech,119.1,1,151.74,0
ACC-22636,2024-05-23,Starter,SaaS,80.1,0,206.68,0
ACC-22637,2024-05-23,Enterprise,Fintech,338.3,5,4492.09,1
ACC-22638,2024-05-23,Professional,Healthcare,46.3,1,1158.05,0
ACC-22639,2024-05-23,Professional,Fintech,121.3,1,1258.1,0
ACC-22640,2024-05-23,Starter,Healthcare,161.0,0,263.34,0
ACC-22641,2024-05-23,Starter,Healthcare,160.7,1,173.73,0
ACC-22642,2024-05-23,Starter,Healthcare,90.2,1,216.98,0
ACC-22643,2024-05-23,Enterprise,Fintech,427.1,1,4404.07,0
ACC-22644,2024-05-23,Professional,Healthcare,127.8,0,1178.63,0
ACC-22645,2024-05-23,Starter,E-Commerce,122.4,1,187.69,0
ACC-22646,2024-05-23,Starter,E-Commerce,143.6,0,204.42,0
ACC-22647,2024-05-23,Starter,Healthcare,117.4,2,162.34,0
ACC-22648,2024-05-23,Professional,E-Commerce,144.4,2,1300.4,0
ACC-22649,2024-05-23,Enterprise,Fintech,308.6,2,4549.12,0
ACC-22650,2024-05-23,Professional,Fintech,99.2,1,1228.36,0
ACC-22651,2024-05-23,Starter,Fintech,61.8,0,276.33,0
ACC-22652,2024-05-23,Starter,Fintech,116.3,0,279.91,0
ACC-22653,2024-05-23,Starter,Fintech,68.1,1,278.87,0
ACC-22654,2024-05-23,Starter,Healthcare,82.8,1,232.6,0
ACC-22655,2024-05-23,Starter,E-Commerce,174.0,1,249.52,0
ACC-22656,2024-05-23,Professional,SaaS,144.8,2,1241.53,0
ACC-22657,2024-05-23,Professional,Fintech,104.2,1,1168.03,0
ACC-22658,2024-05-23,Starter,E-Commerce,88.5,2,157.91,0
ACC-22659,2024-05-23,Professional,SaaS,100.6,0,1260.32,0
ACC-22660,2024-05-23,Starter,E-Commerce,171.6,1,226.71,0
ACC-22661,2024-05-23,Starter,Fintech,85.2,2,132.94,0
ACC-22662,2024-05-23,Starter,Fintech,129.3,0,270.67,0
ACC-22663,2024-05-23,Starter,Fintech,83.2,0,198.6,0
ACC-22664,2024-05-23,Starter,Healthcare,89.1,1,163.65,0
ACC-22665,2024-05-23,Starter,E-Commerce,103.6,1,159.45,0
ACC-22666,2024-05-23,Starter,Fintech,126.0,3,210.87,0
ACC-22667,2024-05-23,Enterprise,Fintech,292.4,2,4511.34,0
ACC-22668,2024-05-23,Starter,E-Commerce,92.7,2,190.37,0
ACC-22669,2024-05-23,Starter,E-Commerce,104.2,1,203.33,0
ACC-22670,2024-05-23,Starter,Healthcare,73.0,1,207.88,0
ACC-22671,2024-05-23,Professional,E-Commerce,127.2,0,1240.36,0
ACC-22672,2024-05-23,Starter,Healthcare,137.4,4,282.83,1
ACC-22673,2024-05-23,Professional,Fintech,107.0,2,1188.33,0
ACC-22674,2024-05-23,Starter,Healthcare,138.3,1,158.62,0
ACC-22675,2024-05-23,Starter,E-Commerce,143.2,2,183.97,0
ACC-22676,2024-05-23,Professional,SaaS,83.5,1,1273.72,0
ACC-22677,2024-05-23,Starter,Fintech,124.9,2,228.49,0
ACC-22678,2024-05-23,Starter,Healthcare,110.8,0,67.1,0
ACC-22679,2024-05-23,Starter,Healthcare,119.3,1,187.3,0
ACC-22680,2024-05-23,Professional,Healthcare,103.5,0,1278.2,0
ACC-22681,2024-05-23,Starter,Fintech,103.0,0,245.92,0
ACC-22682,2024-05-23,Starter,Healthcare,107.3,1,207.01,0
ACC-22683,2024-05-23,Enterprise,SaaS,288.5,1,4496.66,0
ACC-22684,2024-05-23,Starter,E-Commerce,83.0,2,213.0,0
ACC-22685,2024-05-23,Professional,Healthcare,139.8,1,1260.1,0
ACC-22686,2024-05-23,Professional,Fintech,124.1,1,1176.2,0
ACC-22687,2024-05-24,Starter,Fintech,127.3,0,162.34,1
ACC-22688,2024-05-24,Starter,Healthcare,146.5,2,258.1,0
ACC-22689,2024-05-24,Starter,SaaS,54.1,3,237.1,0
ACC-22690,2024-05-24,Professional,SaaS,96.1,1,1240.02,0
ACC-22691,2024-05-24,Professional,Healthcare,105.7,0,1251.55,0
ACC-22692,2024-05-24,Professional,Healthcare,103.5,0,1218.06,0
ACC-22693,2024-05-24,Enterprise,SaaS,444.3,2,4445.54,0
ACC-22694,2024-05-24,Professional,Healthcare,103.4,1,1205.21,0
ACC-22695,2024-05-24,Starter,E-Commerce,123.0,3,269.49,0
ACC-22696,2024-05-24,Starter,Fintech,97.6,0,204.2,0
ACC-22697,2024-05-24,Professional,E-Commerce,93.7,0,1141.5,0
ACC-22698,2024-05-24,Starter,Healthcare,108.7,0,184.58,0
ACC-22699,2024-05-24,Starter,SaaS,94.3,2,234.2,0
ACC-22700,2024-05-24,Professional,E-Commerce,109.3,3,1142.54,0
ACC-22701,2024-05-24,Starter,Fintech,95.0,1,218.91,0
ACC-22702,2024-05-24,Enterprise,E-Commerce,321.1,2,4621.13,0
ACC-22703,2024-05-24,Professional,SaaS,118.1,2,1283.68,0
ACC-22704,2024-05-24,Starter,Healthcare,148.1,1,199.74,0
ACC-22705,2024-05-24,Enterprise,Fintech,328.6,0,4538.41,0
ACC-22706,2024-05-24,Starter,Fintech,146.9,1,130.93,0
ACC-22707,2024-05-24,Starter,Healthcare,163.5,1,248.03,0
ACC-22708,2024-05-24,Starter,Healthcare,77.8,2,259.96,0
ACC-22709,2024-05-24,Starter,E-Commerce,167.9,0,292.74,0
ACC-22710,2024-05-24,Starter,Fintech,155.0,2,210.03,1
ACC-22711,2024-05-24,Starter,SaaS,121.2,2,144.27,0
ACC-22712,2024-05-24,Starter,Fintech,103.3,1,118.1,0
ACC-22713,2024-05-24,Starter,Fintech,122.3,2,195.92,0
ACC-22714,2024-05-24,Professional,Healthcare,114.0,0,1170.82,0
ACC-22715,2024-05-24,Professional,Healthcare,115.7,1,1243.04,0
ACC-22716,2024-05-24,Starter,Fintech,141.5,0,229.55,0
ACC-22717,2024-05-24,Starter,Fintech,101.0,0,185.99,0
ACC-22718,2024-05-24,Starter,Fintech,109.1,1,160.17,0
ACC-22719,2024-05-24,Starter,E-Commerce,80.4,1,258.37,0
ACC-22720,2024-05-24,Professional,E-Commerce,73.7,3,1225.76,1
ACC-22721,2024-05-24,Professional,Healthcare,118.2,0,1260.46,0
ACC-22722,2024-05-24,Starter,E-Commerce,113.0,2,172.3,0
ACC-22723,2024-05-24,Starter,E-Commerce,97.5,0,271.55,0
ACC-22724,2024-05-24,Starter,Fintech,123.5,0,128.44,0
ACC-22725,2024-05-24,Professional,SaaS,108.0,1,1167.9,0
ACC-22726,2024-05-24,Starter,SaaS,128.6,0,159.0,0
ACC-22727,2024-05-24,Enterprise,Fintech,334.3,0,4550.64,0
ACC-22728,2024-05-24,Professional,Fintech,115.1,2,1253.55,0
ACC-22729,2024-05-24,Starter,Fintech,107.0,1,153.35,0
ACC-22730,2024-05-24,Professional,Fintech,82.1,0,1201.23,0
ACC-22731,2024-05-24,Enterprise,E-Commerce,318.3,0,4474.78,0
ACC-22732,2024-05-24,Professional,Healthcare,116.2,2,1175.04,0
ACC-22733,2024-05-24,Starter,E-Commerce,92.9,1,218.81,0
ACC-22734,2024-05-24,Starter,E-Commerce,124.2,0,289.65,0
ACC-22735,2024-05-24,Professional,E-Commerce,144.5,1,1203.13,0
ACC-22736,2024-05-24,Professional,E-Commerce,103.6,0,1149.42,0
ACC-22737,2024-05-24,Professional,Fintech,81.6,0,1282.42,0
ACC-22738,2024-05-24,Enterprise,Healthcare,458.4,1,4548.71,0
ACC-22739,2024-05-24,Enterprise,E-Commerce,377.3,0,4520.89,0
ACC-22740,2024-05-24,Enterprise,Fintech,403.5,4,4544.05,1
ACC-22741,2024-05-24,Starter,Fintech,124.4,1,186.81,0
ACC-22742,2024-05-24,Starter,SaaS,82.3,3,201.24,0
ACC-22743,2024-05-24,Professional,E-Commerce,61.2,1,1279.8,0
ACC-22744,2024-05-24,Professional,Fintech,85.0,4,1137.89,1
ACC-22745,2024-05-24,Professional,E-Commerce,84.0,1,1165.25,0
ACC-22746,2024-05-24,Starter,E-Commerce,114.6,2,126.51,0
ACC-22747,2024-05-24,Professional,Healthcare,96.8,1,1164.68,0
ACC-22748,2024-05-24,Professional,Fintech,101.6,1,1136.56,0
ACC-22749,2024-05-24,Starter,SaaS,145.5,0,261.13,0
ACC-22750,2024-05-24,Starter,Healthcare,154.9,1,196.18,0
ACC-22751,2024-05-24,Starter,Fintech,107.3,1,197.02,0
ACC-22752,2024-05-24,Starter,Healthcare,120.4,0,204.42,0
ACC-22753,2024-05-24,Starter,E-Commerce,110.3,1,225.63,0
ACC-22754,2024-05-24,Starter,Fintech,119.9,1,229.02,0
ACC-22755,2024-05-24,Starter,Fintech,97.3,0,154.5,0
ACC-22756,2024-05-24,Professional,Fintech,117.7,1,1240.45,0
ACC-22757,2024-05-24,Professional,SaaS,149.5,4,1143.24,0
ACC-22758,2024-05-24,Professional,Fintech,138.9,1,1164.09,0
ACC-22759,2024-05-24,Starter,E-Commerce,113.8,3,253.87,0
ACC-22760,2024-05-24,Starter,SaaS,53.5,0,170.04,0
ACC-22761,2024-05-24,Enterprise,Fintech,257.3,3,4603.47,0
ACC-22762,2024-05-24,Starter,SaaS,64.0,3,270.21,0
ACC-22763,2024-05-24,Enterprise,SaaS,317.5,0,4506.66,0
ACC-22764,2024-05-24,Professional,SaaS,149.8,1,1084.5,0
ACC-22765,2024-05-24,Starter,Fintech,119.1,1,203.68,0
ACC-22766,2024-05-24,Enterprise,E-Commerce,405.9,1,4488.43,0
ACC-22767,2024-05-24,Starter,E-Commerce,106.5,1,177.11,0
ACC-22768,2024-05-24,Starter,SaaS,154.6,0,171.86,0
ACC-22769,2024-05-24,Professional,Fintech,157.2,3,1185.31,1
ACC-22770,2024-05-24,Starter,E-Commerce,109.2,0,179.21,0
ACC-22771,2024-05-24,Enterprise,Healthcare,439.4,2,4617.91,0
ACC-22772,2024-05-24,Starter,Fintech,99.7,0,197.09,0
ACC-22773,2024-05-24,Starter,Healthcare,106.3,1,214.06,0
ACC-22774,2024-05-24,Professional,E-Commerce,145.6,2,1180.71,1
ACC-22775,2024-05-24,Professional,Healthcare,135.2,0,1229.88,0
ACC-22776,2024-05-24,Starter,Healthcare,83.0,1,177.68,0
ACC-22777,2024-05-24,Starter,SaaS,99.5,1,174.48,0
ACC-22778,2024-05-24,Professional,Healthcare,111.5,2,1268.71,1
ACC-22779,2024-05-24,Starter,E-Commerce,115.3,1,253.54,0
ACC-22780,2024-05-24,Professional,Healthcare,129.8,0,1222.33,0
ACC-22781,2024-05-24,Professional,Healthcare,113.3,7,1211.73,0
ACC-22782,2024-05-24,Professional,E-Commerce,135.3,0,1167.58,0
ACC-22783,2024-05-24,Professional,SaaS,129.6,0,1267.68,0
ACC-22784,2024-05-24,Starter,Healthcare,111.5,1,161.62,0
ACC-22785,2024-05-24,Professional,E-Commerce,92.4,3,1241.31,1
ACC-22786,2024-05-24,Enterprise,Fintech,468.2,0,4538.88,0
ACC-22787,2024-05-24,Starter,Fintech,68.3,2,225.24,0
ACC-22788,2024-05-24,Enterprise,Healthcare,390.2,0,4474.33,0
ACC-22789,2024-05-24,Starter,Fintech,111.1,1,146.15,0
ACC-22790,2024-05-24,Starter,Fintech,99.2,0,195.59,0
ACC-22791,2024-05-24,Starter,Healthcare,101.1,2,206.09,0
ACC-22792,2024-05-24,Enterprise,Fintech,388.4,1,4483.49,0
ACC-22793,2024-05-24,Starter,Fintech,105.2,1,189.61,0
ACC-22794,2024-05-24,Enterprise,Healthcare,370.2,2,4521.28,0
ACC-22795,2024-05-24,Enterprise,E-Commerce,300.9,1,4497.27,0
ACC-22796,2024-05-24,Starter,SaaS,96.3,2,204.34,0
ACC-22797,2024-05-24,Starter,E-Commerce,147.8,1,102.51,0
ACC-22798,2024-05-24,Professional,Healthcare,174.7,2,1268.02,0
ACC-22799,2024-05-24,Starter,SaaS,96.5,0,179.16,0
ACC-22800,2024-05-24,Professional,E-Commerce,133.2,3,1177.91,0
ACC-22801,2024-05-24,Starter,Fintech,152.4,0,183.72,0
ACC-22802,2024-05-25,Starter,Fintech,122.1,2,252.11,0
ACC-22803,2024-05-25,Professional,E-Commerce,101.2,0,1254.07,0
ACC-22804,2024-05-25,Starter,E-Commerce,83.3,2,226.98,0
ACC-22805,2024-05-25,Starter,E-Commerce,75.9,3,194.68,1
ACC-22806,2024-05-25,Starter,E-Commerce,107.4,2,185.39,0
ACC-22807,2024-05-25,Starter,E-Commerce,145.4,2,169.96,0
ACC-22808,2024-05-25,Starter,SaaS,101.5,3,261.81,0
ACC-22809,2024-05-25,Professional,Healthcare,128.2,2,1265.96,1
ACC-22810,2024-05-25,Starter,Fintech,72.3,1,137.42,0
ACC-22811,2024-05-25,Starter,SaaS,100.3,0,115.52,0
ACC-22812,2024-05-25,Professional,Fintech,104.3,0,1215.69,0
ACC-22813,2024-05-25,Starter,E-Commerce,123.5,1,223.88,0
ACC-22814,2024-05-25,Starter,SaaS,106.7,0,221.33,0
ACC-22815,2024-05-25,Enterprise,E-Commerce,412.3,1,4491.63,0
ACC-22816,2024-05-25,Professional,E-Commerce,97.7,0,1201.21,0
ACC-22817,2024-05-25,Professional,Healthcare,157.6,1,1172.35,0
ACC-22818,2024-05-25,Professional,Healthcare,115.1,1,1287.21,0
ACC-22819,2024-05-25,Starter,Healthcare,77.1,1,316.81,0
ACC-22820,2024-05-25,Professional,E-Commerce,135.0,0,1189.4,0
ACC-22821,2024-05-25,Starter,E-Commerce,72.7,0,180.97,0
ACC-22822,2024-05-25,Starter,E-Commerce,115.9,1,215.65,0
ACC-22823,2024-05-25,Starter,Fintech,124.0,3,249.29,0
ACC-22824,2024-05-25,Starter,Healthcare,116.4,2,285.8,0
ACC-22825,2024-05-25,Starter,E-Commerce,84.4,0,291.69,0
ACC-22826,2024-05-25,Enterprise,Healthcare,411.2,2,4416.9,0
ACC-22827,2024-05-25,Starter,Healthcare,92.9,0,264.51,0
ACC-22828,2024-05-25,Starter,E-Commerce,105.1,0,180.36,0
ACC-22829,2024-05-25,Starter,E-Commerce,94.1,1,225.14,1
ACC-22830,2024-05-25,Starter,Healthcare,126.3,1,174.53,0
ACC-22831,2024-05-25,Professional,SaaS,135.3,0,1172.64,0
ACC-22832,2024-05-25,Starter,Fintech,152.6,0,192.44,0
ACC-22833,2024-05-25,Starter,SaaS,97.4,0,140.95,0
ACC-22834,2024-05-25,Starter,Fintech,113.2,1,234.41,0
ACC-22835,2024-05-25,Professional,Fintech,97.1,0,1156.68,0
ACC-22836,2024-05-25,Starter,SaaS,125.6,3,149.11,0
ACC-22837,2024-05-25,Starter,Fintech,80.3,1,201.56,0
ACC-22838,2024-05-25,Starter,E-Commerce,105.7,3,234.21,1
ACC-22839,2024-05-25,Starter,SaaS,124.4,0,162.92,0
ACC-22840,2024-05-25,Starter,SaaS,114.7,4,229.33,1
ACC-22841,2024-05-25,Professional,SaaS,155.1,2,1264.97,0
ACC-22842,2024-05-25,Professional,Fintech,100.1,0,1153.32,0
ACC-22843,2024-05-25,Professional,E-Commerce,123.5,0,1168.8,0
ACC-22844,2024-05-25,Starter,Fintech,100.3,1,218.47,0
ACC-22845,2024-05-25,Starter,Healthcare,154.6,4,177.71,0
ACC-22846,2024-05-25,Starter,SaaS,115.1,0,209.24,0
ACC-22847,2024-05-25,Enterprise,Healthcare,362.0,0,4611.96,0
ACC-22848,2024-05-25,Professional,E-Commerce,65.9,2,1149.49,0
ACC-22849,2024-05-25,Professional,Healthcare,95.0,1,1079.04,0
ACC-22850,2024-05-25,Starter,E-Commerce,119.1,0,180.87,0
ACC-22851,2024-05-25,Starter,SaaS,156.8,3,278.16,0
ACC-22852,2024-05-25,Starter,Fintech,174.7,0,195.52,0
ACC-22853,2024-05-25,Professional,E-Commerce,94.5,3,1208.07,0
ACC-22854,2024-05-25,Enterprise,SaaS,347.1,0,4466.63,0
ACC-22855,2024-05-25,Enterprise,Healthcare,349.6,0,4578.11,0
ACC-22856,2024-05-25,Starter,Fintech,116.0,1,213.67,0
ACC-22857,2024-05-25,Starter,E-Commerce,100.1,2,218.15,0
ACC-22858,2024-05-25,Enterprise,Healthcare,415.1,0,4532.85,0
ACC-22859,2024-05-25,Professional,Fintech,70.0,2,1264.33,0
ACC-22860,2024-05-25,Starter,SaaS,116.7,0,183.45,0
ACC-22861,2024-05-25,Starter,Healthcare,121.4,0,223.31,0
ACC-22862,2024-05-25,Starter,SaaS,132.8,4,268.37,0
ACC-22863,2024-05-25,Starter,SaaS,153.7,0,224.34,0
ACC-22864,2024-05-25,Starter,E-Commerce,82.6,4,302.43,1
ACC-22865,2024-05-25,Professional,Fintech,118.1,3,1210.38,0
ACC-22866,2024-05-25,Starter,Healthcare,125.6,1,137.24,0
ACC-22867,2024-05-25,Starter,Fintech,105.3,0,293.56,0
ACC-22868,2024-05-25,Starter,SaaS,78.3,0,152.04,0
ACC-22869,2024-05-25,Professional,Fintech,74.6,1,1181.92,0
ACC-22870,2024-05-25,Professional,Fintech,102.0,2,1167.0,0
ACC-22871,2024-05-25,Starter,Healthcare,139.2,2,170.74,0
ACC-22872,2024-05-25,Enterprise,Fintech,417.6,2,4450.26,0
ACC-22873,2024-05-25,Enterprise,Fintech,305.0,0,4432.12,0
ACC-22874,2024-05-25,Starter,E-Commerce,138.8,2,203.43,0
ACC-22875,2024-05-25,Starter,Fintech,131.2,2,153.77,0
ACC-22876,2024-05-25,Professional,Fintech,98.0,1,1199.84,0
ACC-22877,2024-05-25,Professional,Healthcare,93.1,1,1131.19,0
ACC-22878,2024-05-25,Enterprise,E-Commerce,316.1,0,4595.12,1
ACC-22879,2024-05-25,Enterprise,E-Commerce,372.7,1,4501.98,0
ACC-22880,2024-05-25,Professional,Healthcare,127.1,0,1238.77,0
ACC-22881,2024-05-25,Starter,E-Commerce,87.1,1,166.93,0
ACC-22882,2024-05-25,Starter,Healthcare,114.4,2,135.33,0
ACC-22883,2024-05-25,Starter,SaaS,65.9,1,230.67,0
ACC-22884,2024-05-25,Starter,Fintech,117.6,2,175.92,0
ACC-22885,2024-05-25,Professional,E-Commerce,94.0,0,1176.11,0
ACC-22886,2024-05-25,Professional,SaaS,140.7,1,1252.66,0
ACC-22887,2024-05-25,Professional,SaaS,102.6,0,1245.91,0
ACC-22888,2024-05-25,Starter,Fintech,102.4,1,89.12,0
ACC-22889,2024-05-25,Professional,Fintech,76.1,3,1156.49,0
ACC-22890,2024-05-25,Starter,E-Commerce,142.5,1,280.91,0
ACC-22891,2024-05-25,Starter,Fintech,150.5,1,156.44,0
ACC-22892,2024-05-25,Professional,SaaS,123.1,1,1161.89,0
ACC-22893,2024-05-25,Professional,E-Commerce,124.9,2,1150.3,0
ACC-22894,2024-05-25,Enterprise,E-Commerce,387.5,1,4448.02,0
ACC-22895,2024-05-25,Starter,Fintech,86.7,1,280.74,0
ACC-22896,2024-05-25,Starter,E-Commerce,90.8,0,202.22,0
ACC-22897,2024-05-25,Starter,E-Commerce,131.9,0,184.79,0
ACC-22898,2024-05-25,Starter,SaaS,98.1,1,209.81,0
ACC-22899,2024-05-25,Enterprise,Fintech,308.0,0,4405.25,0
ACC-22900,2024-05-25,Professional,Fintech,112.8,1,1143.22,0
ACC-22901,2024-05-25,Enterprise,Healthcare,501.0,0,4559.95,0
ACC-22902,2024-05-25,Starter,Fintech,112.3,0,231.34,0
ACC-22903,2024-05-25,Enterprise,E-Commerce,407.2,1,4449.83,0
ACC-22904,2024-05-25,Starter,SaaS,75.9,3,297.36,1
ACC-22905,2024-05-25,Enterprise,Healthcare,253.0,1,4431.6,0
ACC-22906,2024-05-25,Starter,SaaS,108.6,0,181.08,0
ACC-22907,2024-05-25,Starter,Fintech,117.9,1,112.09,0
ACC-22908,2024-05-25,Starter,Fintech,107.2,0,288.23,0
ACC-22909,2024-05-25,Enterprise,Fintech,427.3,3,4487.46,1
ACC-22910,2024-05-25,Starter,Healthcare,122.1,0,206.21,0
ACC-22911,2024-05-25,Starter,SaaS,99.4,1,246.59,0
ACC-22912,2024-05-25,Enterprise,Fintech,339.4,3,4471.18,1
ACC-22913,2024-05-25,Starter,E-Commerce,76.9,1,157.68,0
ACC-22914,2024-05-25,Starter,Healthcare,116.1,1,199.45,0
ACC-22915,2024-05-25,Starter,SaaS,141.8,1,185.33,0
ACC-22916,2024-05-25,Starter,Fintech,93.0,0,240.99,0
ACC-22917,2024-05-25,Enterprise,Fintech,379.0,0,4442.71,0
ACC-22918,2024-05-25,Professional,Fintech,158.5,1,1130.52,0
ACC-22919,2024-05-25,Starter,Healthcare,74.7,1,154.05,0
ACC-22920,2024-05-25,Enterprise,Fintech,257.0,1,4606.59,0
ACC-22921,2024-05-25,Starter,SaaS,141.8,0,125.24,0
ACC-22922,2024-05-25,Starter,E-Commerce,122.2,0,141.92,0
ACC-22923,2024-05-25,Starter,E-Commerce,106.7,0,94.88,0
ACC-22924,2024-05-25,Starter,Healthcare,78.8,0,191.59,0
ACC-22925,2024-05-26,Starter,Fintech,114.8,0,107.63,0
ACC-22926,2024-05-26,Enterprise,Healthcare,430.2,0,4523.84,0
ACC-22927,2024-05-26,Professional,SaaS,125.0,0,1213.22,0
ACC-22928,2024-05-26,Starter,SaaS,117.8,0,159.44,0
ACC-22929,2024-05-26,Professional,SaaS,54.7,2,1173.38,0
ACC-22930,2024-05-26,Professional,SaaS,71.0,2,1233.84,0
ACC-22931,2024-05-26,Enterprise,Fintech,295.6,4,4480.97,1
ACC-22932,2024-05-26,Enterprise,Fintech,440.4,4,4534.54,1
ACC-22933,2024-05-26,Starter,Fintech,160.6,3,226.61,0
ACC-22934,2024-05-26,Professional,Healthcare,102.6,3,1162.96,0
ACC-22935,2024-05-26,Professional,Fintech,84.9,1,1185.05,0
ACC-22936,2024-05-26,Professional,Healthcare,77.2,1,1294.02,0
ACC-22937,2024-05-26,Starter,E-Commerce,103.6,4,177.49,1
ACC-22938,2024-05-26,Starter,SaaS,91.5,2,169.76,0
ACC-22939,2024-05-26,Starter,E-Commerce,138.9,1,155.06,0
ACC-22940,2024-05-26,Starter,SaaS,80.4,5,132.39,0
ACC-22941,2024-05-26,Starter,Fintech,108.3,0,149.77,0
ACC-22942,2024-05-26,Professional,Fintech,80.9,0,1165.63,0
ACC-22943,2024-05-26,Starter,E-Commerce,126.9,0,208.8,0
ACC-22944,2024-05-26,Professional,Fintech,157.1,0,1108.15,0
ACC-22945,2024-05-26,Starter,Fintech,92.0,0,234.39,0
ACC-22946,2024-05-26,Enterprise,Healthcare,360.0,0,4413.87,0
ACC-22947,2024-05-26,Starter,Fintech,68.1,0,177.75,0
ACC-22948,2024-05-26,Starter,Healthcare,142.0,1,236.74,0
ACC-22949,2024-05-26,Professional,Healthcare,122.9,2,1082.58,0
ACC-22950,2024-05-26,Professional,Healthcare,140.9,3,1219.88,0
ACC-22951,2024-05-26,Enterprise,E-Commerce,376.1,0,4434.77,0
ACC-22952,2024-05-26,Starter,Healthcare,136.6,0,193.95,0
ACC-22953,2024-05-26,Starter,Fintech,135.5,1,181.4,0
ACC-22954,2024-05-26,Enterprise,Fintech,381.3,2,4450.72,0
ACC-22955,2024-05-26,Starter,Healthcare,77.5,1,176.57,0
ACC-22956,2024-05-26,Professional,E-Commerce,97.9,1,1271.6,0
ACC-22957,2024-05-26,Starter,E-Commerce,107.7,1,272.97,0
ACC-22958,2024-05-26,Starter,E-Commerce,121.5,0,129.71,0
ACC-22959,2024-05-26,Starter,Fintech,116.7,1,188.37,0
ACC-22960,2024-05-26,Starter,E-Commerce,109.5,1,271.96,0
ACC-22961,2024-05-26,Professional,E-Commerce,90.7,1,1303.39,0
ACC-22962,2024-05-26,Enterprise,Healthcare,423.6,2,4547.99,1
ACC-22963,2024-05-26,Starter,Healthcare,88.6,1,200.7,0
ACC-22964,2024-05-26,Professional,Healthcare,154.9,1,1228.82,0
ACC-22965,2024-05-26,Starter,E-Commerce,105.5,3,210.07,0
ACC-22966,2024-05-26,Starter,E-Commerce,102.1,0,185.48,0
ACC-22967,2024-05-26,Starter,Fintech,183.3,0,227.33,0
ACC-22968,2024-05-26,Enterprise,E-Commerce,401.5,1,4501.73,0
ACC-22969,2024-05-26,Professional,Fintech,87.3,1,1223.72,0
ACC-22970,2024-05-26,Professional,Fintech,130.1,1,1171.6,0
ACC-22971,2024-05-26,Professional,SaaS,103.2,1,1175.53,0
ACC-22972,2024-05-26,Professional,SaaS,75.8,1,1251.27,0
ACC-22973,2024-05-26,Enterprise,Fintech,457.0,2,4527.56,1
ACC-22974,2024-05-26,Professional,Healthcare,133.2,0,1179.77,0
ACC-22975,2024-05-26,Enterprise,Fintech,470.0,4,4485.6,1
ACC-22976,2024-05-26,Starter,Healthcare,113.8,1,271.41,0
ACC-22977,2024-05-26,Starter,SaaS,133.6,0,136.27,0
ACC-22978,2024-05-26,Starter,SaaS,88.7,2,187.3,0
ACC-22979,2024-05-26,Starter,E-Commerce,118.1,1,258.93,0
ACC-22980,2024-05-26,Professional,Healthcare,149.4,1,1209.15,0
ACC-22981,2024-05-26,Starter,E-Commerce,131.9,1,196.66,0
ACC-22982,2024-05-26,Professional,Healthcare,132.3,2,1214.22,0
ACC-22983,2024-05-26,Starter,SaaS,68.6,0,160.2,0
ACC-22984,2024-05-26,Starter,SaaS,127.4,2,162.79,0
ACC-22985,2024-05-26,Starter,E-Commerce,77.8,1,152.98,0
ACC-22986,2024-05-26,Enterprise,Healthcare,468.4,0,4499.9,0
ACC-22987,2024-05-26,Starter,Fintech,93.3,1,208.47,0
ACC-22988,2024-05-26,Starter,Fintech,96.6,1,237.72,1
ACC-22989,2024-05-26,Professional,SaaS,74.4,4,1158.15,0
ACC-22990,2024-05-26,Professional,Healthcare,90.0,1,1217.64,0
ACC-22991,2024-05-26,Starter,Healthcare,95.7,1,156.25,0
ACC-22992,2024-05-26,Starter,Healthcare,141.4,0,164.07,0
ACC-22993,2024-05-26,Starter,SaaS,98.4,0,249.06,0
ACC-22994,2024-05-26,Enterprise,Fintech,396.4,1,4433.24,0
ACC-22995,2024-05-26,Starter,SaaS,111.1,1,110.19,0
ACC-22996,2024-05-26,Starter,SaaS,123.9,1,138.02,0
ACC-22997,2024-05-26,Starter,SaaS,104.5,2,171.41,0
ACC-22998,2024-05-26,Starter,Healthcare,126.4,1,103.47,0
ACC-22999,2024-05-26,Professional,Fintech,101.9,2,1213.29,0
ACC-23000,2024-05-26,Starter,Healthcare,125.6,1,222.83,0
ACC-23001,2024-05-26,Starter,Healthcare,73.0,2,251.14,0
ACC-23002,2024-05-26,Starter,Fintech,139.1,0,268.28,0
ACC-23003,2024-05-26,Starter,E-Commerce,83.4,3,247.26,0
ACC-23004,2024-05-26,Starter,Healthcare,91.9,5,222.05,1
ACC-23005,2024-05-26,Professional,SaaS,87.4,0,1106.6,0
ACC-23006,2024-05-26,Professional,Fintech,128.8,0,1295.17,0
ACC-23007,2024-05-26,Enterprise,E-Commerce,335.8,0,4609.04,0
ACC-23008,2024-05-26,Enterprise,E-Commerce,385.4,2,4568.97,1
ACC-23009,2024-05-26,Professional,E-Commerce,133.9,1,1235.95,0
ACC-23010,2024-05-26,Starter,SaaS,63.9,1,241.05,0
ACC-23011,2024-05-26,Professional,E-Commerce,142.9,1,1177.02,0
ACC-23012,2024-05-26,Professional,SaaS,87.7,1,1142.07,0
ACC-23013,2024-05-26,Professional,Healthcare,151.6,2,1173.47,0
ACC-23014,2024-05-26,Starter,Healthcare,49.1,3,228.6,0
ACC-23015,2024-05-26,Starter,Fintech,121.0,0,279.38,0
ACC-23016,2024-05-26,Professional,Fintech,82.8,1,1290.67,0
ACC-23017,2024-05-26,Professional,Fintech,124.3,0,1089.73,0
ACC-23018,2024-05-26,Enterprise,Fintech,389.2,3,4403.93,0
ACC-23019,2024-05-26,Starter,Fintech,107.7,1,113.44,0
ACC-23020,2024-05-26,Starter,Fintech,104.7,1,194.53,0
ACC-23021,2024-05-26,Starter,Fintech,115.5,2,186.89,0
ACC-23022,2024-05-26,Professional,SaaS,121.5,1,1285.83,0
ACC-23023,2024-05-26,Starter,Fintech,84.4,1,108.96,0
ACC-23024,2024-05-26,Starter,E-Commerce,150.3,2,240.68,0
ACC-23025,2024-05-26,Enterprise,Fintech,419.8,2,4525.53,1
ACC-23026,2024-05-26,Starter,SaaS,129.9,1,101.85,0
ACC-23027,2024-05-26,Professional,SaaS,142.4,0,1284.04,0
ACC-23028,2024-05-26,Starter,E-Commerce,108.2,0,245.11,0
ACC-23029,2024-05-26,Professional,E-Commerce,108.6,2,1218.43,0
ACC-23030,2024-05-26,Professional,Fintech,80.3,0,1239.75,0
ACC-23031,2024-05-27,Enterprise,SaaS,343.0,4,4604.34,1
ACC-23032,2024-05-27,Enterprise,SaaS,399.7,0,4435.01,0
ACC-23033,2024-05-27,Starter,SaaS,95.8,0,244.55,0
ACC-23034,2024-05-27,Starter,E-Commerce,126.1,0,180.72,0
ACC-23035,2024-05-27,Starter,Healthcare,96.9,1,313.79,0
ACC-23036,2024-05-27,Professional,SaaS,75.2,2,1210.7,0
ACC-23037,2024-05-27,Enterprise,Fintech,376.3,2,4479.17,1
ACC-23038,2024-05-27,Starter,E-Commerce,96.1,2,156.54,0
ACC-23039,2024-05-27,Professional,Fintech,111.6,2,1131.83,0
ACC-23040,2024-05-27,Starter,SaaS,103.0,3,76.82,0
ACC-23041,2024-05-27,Professional,Fintech,163.2,2,1282.93,1
ACC-23042,2024-05-27,Enterprise,Fintech,373.4,1,4520.21,0
ACC-23043,2024-05-27,Starter,E-Commerce,92.1,0,179.19,0
ACC-23044,2024-05-27,Starter,E-Commerce,127.9,0,193.86,0
ACC-23045,2024-05-27,Starter,E-Commerce,126.3,2,210.28,0
ACC-23046,2024-05-27,Professional,Fintech,110.8,1,1255.57,0
ACC-23047,2024-05-27,Starter,Fintech,95.0,0,177.13,0
ACC-23048,2024-05-27,Starter,E-Commerce,95.9,1,181.83,0
ACC-23049,2024-05-27,Starter,SaaS,106.0,0,221.8,0
ACC-23050,2024-05-27,Starter,SaaS,97.8,3,227.22,0
ACC-23051,2024-05-27,Starter,Healthcare,104.6,0,202.07,0
ACC-23052,2024-05-27,Professional,SaaS,131.6,1,1216.35,0
ACC-23053,2024-05-27,Starter,Healthcare,100.1,1,232.56,0
ACC-23054,2024-05-27,Professional,Healthcare,117.4,0,1229.39,0
ACC-23055,2024-05-27,Professional,Healthcare,104.0,0,1141.38,0
ACC-23056,2024-05-27,Starter,Healthcare,169.8,0,122.44,0
ACC-23057,2024-05-27,Starter,E-Commerce,103.2,1,144.63,0
ACC-23058,2024-05-27,Professional,Healthcare,161.1,0,1182.62,0
ACC-23059,2024-05-27,Enterprise,Healthcare,483.2,1,4465.8,0
ACC-23060,2024-05-27,Starter,Fintech,135.6,0,257.56,0
ACC-23061,2024-05-27,Starter,Fintech,101.4,0,194.85,0
ACC-23062,2024-05-27,Starter,E-Commerce,107.7,0,189.25,0
ACC-23063,2024-05-27,Professional,Fintech,106.6,0,1191.03,0
ACC-23064,2024-05-27,Starter,Fintech,123.3,0,94.61,0
ACC-23065,2024-05-27,Starter,E-Commerce,75.9,1,77.06,0
ACC-23066,2024-05-27,Professional,E-Commerce,74.8,0,1195.2,0
ACC-23067,2024-05-27,Professional,E-Commerce,147.6,2,1206.56,0
ACC-23068,2024-05-27,Starter,Healthcare,129.0,0,188.2,1
ACC-23069,2024-05-27,Starter,SaaS,85.2,0,168.35,0
ACC-23070,2024-05-27,Professional,SaaS,147.1,1,1198.25,0
ACC-23071,2024-05-27,Starter,SaaS,114.6,0,257.07,0
ACC-23072,2024-05-27,Starter,E-Commerce,73.9,1,236.14,0
ACC-23073,2024-05-27,Enterprise,Healthcare,308.8,0,4536.88,0
ACC-23074,2024-05-27,Starter,SaaS,114.3,1,169.46,0
ACC-23075,2024-05-27,Professional,Fintech,154.4,2,1161.25,1
ACC-23076,2024-05-27,Enterprise,Fintech,245.2,0,4494.17,0
ACC-23077,2024-05-27,Starter,Healthcare,119.4,1,100.87,0
ACC-23078,2024-05-27,Starter,Fintech,104.2,1,203.5,0
ACC-23079,2024-05-27,Professional,SaaS,112.7,0,1134.33,0
ACC-23080,2024-05-27,Enterprise,E-Commerce,439.2,1,4509.42,0
ACC-23081,2024-05-27,Enterprise,E-Commerce,332.5,0,4475.45,0
ACC-23082,2024-05-27,Professional,E-Commerce,121.1,1,1233.06,0
ACC-23083,2024-05-27,Starter,Healthcare,151.7,2,260.73,0
ACC-23084,2024-05-27,Professional,Fintech,114.3,0,1175.4,0
ACC-23085,2024-05-27,Starter,E-Commerce,112.7,0,155.99,0
ACC-23086,2024-05-27,Starter,E-Commerce,121.0,1,213.46,0
ACC-23087,2024-05-27,Starter,Healthcare,89.2,1,220.01,0
ACC-23088,2024-05-27,Starter,E-Commerce,118.2,1,207.94,0
ACC-23089,2024-05-27,Professional,Fintech,86.3,1,1144.42,0
ACC-23090,2024-05-27,Starter,Fintech,53.2,1,130.46,0
ACC-23091,2024-05-27,Starter,Fintech,91.3,2,182.04,0
ACC-23092,2024-05-27,Starter,Healthcare,112.9,1,189.73,0
ACC-23093,2024-05-27,Enterprise,SaaS,303.8,0,4600.45,0
ACC-23094,2024-05-27,Professional,SaaS,78.2,2,1184.89,1
ACC-23095,2024-05-27,Starter,Healthcare,123.9,1,147.29,0
ACC-23096,2024-05-27,Starter,E-Commerce,155.5,0,157.1,0
ACC-23097,2024-05-27,Starter,E-Commerce,71.7,0,246.74,0
ACC-23098,2024-05-27,Enterprise,Fintech,315.2,0,4570.74,0
ACC-23099,2024-05-27,Professional,Fintech,107.0,2,1155.81,1
ACC-23100,2024-05-27,Starter,SaaS,143.6,1,198.86,0
ACC-23101,2024-05-27,Professional,E-Commerce,130.7,2,1215.01,0
ACC-23102,2024-05-27,Starter,SaaS,138.9,1,188.07,0
ACC-23103,2024-05-27,Professional,Healthcare,76.9,0,1135.91,0
ACC-23104,2024-05-27,Starter,E-Commerce,100.3,1,216.7,0
ACC-23105,2024-05-27,Starter,Fintech,54.7,3,276.47,0
ACC-23106,2024-05-27,Starter,Fintech,64.0,1,205.48,0
ACC-23107,2024-05-27,Starter,Healthcare,120.2,0,219.4,0
ACC-23108,2024-05-27,Enterprise,Healthcare,422.0,1,4504.35,0
ACC-23109,2024-05-27,Starter,Fintech,75.7,2,197.45,0
ACC-23110,2024-05-27,Enterprise,Fintech,328.8,0,4413.42,0
ACC-23111,2024-05-27,Professional,Fintech,76.7,1,1172.62,0
ACC-23112,2024-05-27,Starter,E-Commerce,85.6,2,212.77,0
ACC-23113,2024-05-27,Starter,Healthcare,123.6,1,128.75,0
ACC-23114,2024-05-27,Starter,Fintech,159.1,3,255.59,0
ACC-23115,2024-05-27,Professional,Fintech,109.9,1,1146.66,0
ACC-23116,2024-05-27,Starter,Fintech,119.8,1,195.24,0
ACC-23117,2024-05-27,Starter,E-Commerce,101.1,1,159.4,0
ACC-23118,2024-05-27,Starter,Fintech,94.5,1,189.51,0
ACC-23119,2024-05-27,Professional,E-Commerce,141.2,1,1271.57,0
ACC-23120,2024-05-27,Starter,Fintech,77.2,1,140.69,0
ACC-23121,2024-05-27,Starter,Fintech,134.8,0,290.47,0
ACC-23122,2024-05-27,Starter,SaaS,78.4,0,106.82,0
ACC-23123,2024-05-27,Starter,E-Commerce,126.6,2,176.1,0
ACC-23124,2024-05-27,Professional,Fintech,80.3,1,1221.65,0
ACC-23125,2024-05-27,Starter,SaaS,82.5,0,233.72,0
ACC-23126,2024-05-27,Professional,Healthcare,149.7,0,1136.85,0
ACC-23127,2024-05-27,Professional,SaaS,110.2,1,1158.76,0
ACC-23128,2024-05-27,Professional,E-Commerce,132.1,0,1227.71,0
ACC-23129,2024-05-27,Professional,E-Commerce,67.0,1,1236.59,0
ACC-23130,2024-05-27,Starter,SaaS,88.7,2,136.9,0
ACC-23131,2024-05-27,Starter,Fintech,96.6,1,206.0,0
ACC-23132,2024-05-27,Professional,E-Commerce,110.6,3,1244.65,0
ACC-23133,2024-05-27,Starter,Healthcare,71.0,0,212.52,0
ACC-23134,2024-05-27,Professional,Fintech,157.2,2,1141.15,0
ACC-23135,2024-05-27,Starter,Fintech,113.3,0,167.97,0
ACC-23136,2024-05-27,Enterprise,Fintech,399.4,1,4556.9,0
ACC-23137,2024-05-27,Professional,E-Commerce,84.4,0,1209.08,0
ACC-23138,2024-05-27,Starter,E-Commerce,124.3,0,230.75,1
ACC-23139,2024-05-27,Starter,E-Commerce,110.4,0,219.74,0
ACC-23140,2024-05-27,Professional,Fintech,91.1,1,1213.94,0
ACC-23141,2024-05-27,Professional,Healthcare,123.8,3,1221.2,0
ACC-23142,2024-05-27,Starter,SaaS,145.2,1,222.87,0
ACC-23143,2024-05-27,Enterprise,Healthcare,421.7,3,4549.87,0
ACC-23144,2024-05-27,Starter,E-Commerce,105.1,2,166.77,0
ACC-23145,2024-05-27,Starter,E-Commerce,149.8,2,167.02,0
ACC-23146,2024-05-27,Enterprise,E-Commerce,441.5,1,4423.98,0
ACC-23147,2024-05-27,Enterprise,Healthcare,413.5,2,4493.01,0
ACC-23148,2024-05-27,Professional,SaaS,140.0,1,1242.29,0
ACC-23149,2024-05-27,Enterprise,Healthcare,310.4,1,4430.98,0
ACC-23150,2024-05-27,Starter,SaaS,120.3,1,229.86,0
ACC-23151,2024-05-27,Enterprise,Fintech,293.8,2,4518.57,0
ACC-23152,2024-05-27,Starter,Fintech,134.0,0,146.81,0
ACC-23153,2024-05-27,Starter,Fintech,111.9,1,165.05,0
ACC-23154,2024-05-27,Starter,E-Commerce,119.4,1,225.71,0
ACC-23155,2024-05-27,Starter,Healthcare,105.8,1,188.72,0
ACC-23156,2024-05-27,Starter,Fintech,77.5,0,119.09,0
ACC-23157,2024-05-27,Starter,Fintech,107.3,0,157.32,0
ACC-23158,2024-05-27,Starter,SaaS,90.0,0,181.45,0
ACC-23159,2024-05-27,Starter,SaaS,107.4,0,164.01,0
ACC-23160,2024-05-27,Professional,E-Commerce,161.4,3,1156.26,0
ACC-23161,2024-05-27,Starter,E-Commerce,96.7,1,204.93,0
ACC-23162,2024-05-27,Starter,Healthcare,146.7,1,191.15,0
ACC-23163,2024-05-28,Professional,Healthcare,71.1,2,1236.72,0
ACC-23164,2024-05-28,Enterprise,SaaS,306.3,0,4484.46,0
ACC-23165,2024-05-28,Professional,Fintech,86.5,2,1259.47,0
ACC-23166,2024-05-28,Starter,Healthcare,115.0,1,147.86,0
ACC-23167,2024-05-28,Professional,Healthcare,114.8,0,1219.55,0
ACC-23168,2024-05-28,Starter,Healthcare,126.8,3,195.22,0
ACC-23169,2024-05-28,Starter,Healthcare,105.2,0,257.12,0
ACC-23170,2024-05-28,Starter,Healthcare,138.4,1,212.76,0
ACC-23171,2024-05-28,Professional,Fintech,128.5,0,1255.26,0
ACC-23172,2024-05-28,Starter,Healthcare,132.2,3,255.3,1
ACC-23173,2024-05-28,Starter,Fintech,135.2,0,181.18,0
ACC-23174,2024-05-28,Starter,Fintech,97.9,0,233.71,0
ACC-23175,2024-05-28,Enterprise,Fintech,363.2,0,4436.34,0
ACC-23176,2024-05-28,Professional,E-Commerce,135.7,0,1183.83,0
ACC-23177,2024-05-28,Starter,Healthcare,143.5,1,275.85,0
ACC-23178,2024-05-28,Professional,E-Commerce,72.8,2,1169.63,0
ACC-23179,2024-05-28,Starter,E-Commerce,128.3,1,170.75,0
ACC-23180,2024-05-28,Professional,E-Commerce,89.4,0,1271.72,0
ACC-23181,2024-05-28,Starter,Healthcare,91.8,2,255.34,0
ACC-23182,2024-05-28,Enterprise,Healthcare,290.9,0,4493.66,0
ACC-23183,2024-05-28,Starter,Healthcare,82.4,3,157.96,0
ACC-23184,2024-05-28,Professional,E-Commerce,58.6,1,1207.25,0
ACC-23185,2024-05-28,Starter,Healthcare,146.5,0,202.35,0
ACC-23186,2024-05-28,Starter,SaaS,130.2,2,229.1,0
ACC-23187,2024-05-28,Starter,SaaS,100.1,1,179.01,0
ACC-23188,2024-05-28,Starter,Fintech,115.0,0,202.79,0
ACC-23189,2024-05-28,Starter,Fintech,99.6,0,118.68,0
ACC-23190,2024-05-28,Professional,E-Commerce,68.2,2,1150.58,0
ACC-23191,2024-05-28,Starter,Healthcare,110.3,2,238.89,0
ACC-23192,2024-05-28,Professional,Fintech,131.6,2,1139.54,0
ACC-23193,2024-05-28,Professional,SaaS,131.2,0,1159.84,0
ACC-23194,2024-05-28,Professional,Fintech,108.3,0,1183.96,0
ACC-23195,2024-05-28,Professional,SaaS,116.1,0,1178.05,0
ACC-23196,2024-05-28,Professional,E-Commerce,76.8,0,1141.15,0
ACC-23197,2024-05-28,Starter,E-Commerce,117.7,0,177.89,0
ACC-23198,2024-05-28,Professional,Fintech,105.9,0,1218.78,0
ACC-23199,2024-05-28,Starter,Fintech,130.3,1,281.78,0
ACC-23200,2024-05-28,Professional,Healthcare,136.0,1,1159.12,0
ACC-23201,2024-05-28,Professional,Fintech,88.1,0,1227.59,0
ACC-23202,2024-05-28,Starter,Healthcare,70.3,1,199.67,0
ACC-23203,2024-05-28,Starter,Healthcare,111.1,4,233.58,0
ACC-23204,2024-05-28,Starter,Fintech,109.8,1,235.32,0
ACC-23205,2024-05-28,Professional,Fintech,78.1,1,1173.66,0
ACC-23206,2024-05-28,Enterprise,E-Commerce,396.8,0,4456.17,0
ACC-23207,2024-05-28,Starter,Fintech,93.7,0,224.86,0
ACC-23208,2024-05-28,Professional,Fintech,117.7,2,1240.58,0
ACC-23209,2024-05-28,Enterprise,E-Commerce,388.2,3,4547.22,0
ACC-23210,2024-05-28,Starter,SaaS,122.5,0,149.48,0
ACC-23211,2024-05-28,Starter,Healthcare,61.5,0,156.04,0
ACC-23212,2024-05-28,Professional,Fintech,121.9,0,1279.07,0
ACC-23213,2024-05-28,Professional,E-Commerce,105.7,2,1215.96,0
ACC-23214,2024-05-28,Enterprise,SaaS,381.7,0,4565.6,0
ACC-23215,2024-05-28,Starter,E-Commerce,132.5,2,184.33,1
ACC-23216,2024-05-28,Starter,E-Commerce,119.9,0,150.27,0
ACC-23217,2024-05-28,Starter,Healthcare,156.6,1,125.41,0
ACC-23218,2024-05-28,Starter,Healthcare,159.8,0,165.63,0
ACC-23219,2024-05-28,Starter,Fintech,90.7,2,157.44,0
ACC-23220,2024-05-28,Professional,E-Commerce,105.2,0,1242.27,0
ACC-23221,2024-05-28,Starter,E-Commerce,127.4,0,120.24,0
ACC-23222,2024-05-28,Professional,SaaS,142.5,0,1188.49,0
ACC-23223,2024-05-28,Starter,Fintech,140.4,1,260.91,0
ACC-23224,2024-05-28,Professional,Fintech,79.6,0,1087.04,0
ACC-23225,2024-05-28,Starter,Healthcare,83.7,1,233.35,0
ACC-23226,2024-05-28,Starter,E-Commerce,100.0,0,205.11,0
ACC-23227,2024-05-28,Starter,E-Commerce,62.3,3,222.05,0
ACC-23228,2024-05-28,Enterprise,Fintech,351.1,0,4459.24,0
ACC-23229,2024-05-28,Professional,Fintech,69.9,0,1211.21,0
ACC-23230,2024-05-28,Starter,Healthcare,166.8,3,117.59,0
ACC-23231,2024-05-28,Starter,Healthcare,76.1,1,233.6,0
ACC-23232,2024-05-28,Enterprise,SaaS,421.4,2,4554.48,0
ACC-23233,2024-05-28,Starter,Healthcare,124.3,0,158.05,0
ACC-23234,2024-05-28,Starter,E-Commerce,125.4,2,164.81,0
ACC-23235,2024-05-28,Professional,E-Commerce,137.6,1,1182.97,0
ACC-23236,2024-05-28,Enterprise,E-Commerce,322.3,0,4464.46,0
ACC-23237,2024-05-28,Starter,Healthcare,124.1,2,217.19,0
ACC-23238,2024-05-28,Starter,SaaS,154.2,2,259.87,0
ACC-23239,2024-05-28,Enterprise,Fintech,296.3,0,4532.7,0
ACC-23240,2024-05-28,Starter,Healthcare,118.8,3,154.34,0
ACC-23241,2024-05-28,Starter,Fintech,88.5,3,168.6,0
ACC-23242,2024-05-28,Professional,Healthcare,104.3,0,1215.69,0
ACC-23243,2024-05-28,Enterprise,Healthcare,292.9,0,4445.81,0
ACC-23244,2024-05-28,Starter,Fintech,91.7,2,191.88,0
ACC-23245,2024-05-28,Enterprise,SaaS,400.6,0,4536.62,0
ACC-23246,2024-05-28,Professional,Fintech,123.1,0,1279.69,0
ACC-23247,2024-05-28,Starter,E-Commerce,110.4,0,188.12,0
ACC-23248,2024-05-28,Enterprise,SaaS,385.4,0,4541.33,0
ACC-23249,2024-05-28,Starter,Fintech,82.5,2,255.3,0
ACC-23250,2024-05-28,Starter,E-Commerce,107.3,2,264.13,0
ACC-23251,2024-05-28,Professional,Fintech,149.1,1,1181.49,0
ACC-23252,2024-05-28,Starter,Fintech,72.2,1,144.39,0
ACC-23253,2024-05-28,Starter,Healthcare,72.9,0,128.2,0
ACC-23254,2024-05-28,Starter,SaaS,110.6,2,167.48,0
ACC-23255,2024-05-28,Starter,Fintech,101.7,1,151.48,0
ACC-23256,2024-05-28,Professional,E-Commerce,81.8,1,1218.98,0
ACC-23257,2024-05-28,Professional,Healthcare,110.0,3,1209.71,1
ACC-23258,2024-05-28,Enterprise,SaaS,358.6,1,4539.53,0
ACC-23259,2024-05-28,Starter,Fintech,127.0,2,286.28,0
ACC-23260,2024-05-28,Starter,E-Commerce,96.7,1,222.02,0
ACC-23261,2024-05-28,Starter,E-Commerce,103.7,2,275.68,0
ACC-23262,2024-05-29,Starter,E-Commerce,129.9,0,248.08,0
ACC-23263,2024-05-29,Starter,SaaS,114.5,0,229.38,0
ACC-23264,2024-05-29,Professional,SaaS,126.1,3,1193.59,0
ACC-23265,2024-05-29,Enterprise,Fintech,413.6,0,4461.29,0
ACC-23266,2024-05-29,Enterprise,Healthcare,408.6,2,4524.44,0
ACC-23267,2024-05-29,Starter,Healthcare,93.8,1,209.08,0
ACC-23268,2024-05-29,Enterprise,Healthcare,408.7,0,4548.56,0
ACC-23269,2024-05-29,Starter,Healthcare,121.3,3,217.68,0
ACC-23270,2024-05-29,Starter,Healthcare,112.4,1,131.65,0
ACC-23271,2024-05-29,Enterprise,Healthcare,442.9,1,4544.0,0
ACC-23272,2024-05-29,Professional,SaaS,150.4,0,1259.75,0
ACC-23273,2024-05-29,Starter,Fintech,106.2,0,104.34,0
ACC-23274,2024-05-29,Starter,SaaS,84.4,1,142.6,0
ACC-23275,2024-05-29,Starter,Healthcare,119.4,0,229.68,0
ACC-23276,2024-05-29,Professional,E-Commerce,104.1,0,1186.88,0
ACC-23277,2024-05-29,Starter,SaaS,66.0,4,104.76,1
ACC-23278,2024-05-29,Enterprise,Healthcare,374.5,3,4525.71,0
ACC-23279,2024-05-29,Starter,Healthcare,140.0,0,283.91,0
ACC-23280,2024-05-29,Starter,Healthcare,114.9,0,194.94,0
ACC-23281,2024-05-29,Starter,Healthcare,120.1,1,210.6,0
ACC-23282,2024-05-29,Starter,SaaS,61.3,0,294.09,0
ACC-23283,2024-05-29,Starter,SaaS,123.2,1,226.9,0
ACC-23284,2024-05-29,Professional,Fintech,120.5,1,1275.31,0
ACC-23285,2024-05-29,Enterprise,Fintech,421.8,0,4502.09,0
ACC-23286,2024-05-29,Enterprise,Healthcare,379.1,2,4588.16,0
ACC-23287,2024-05-29,Professional,Fintech,72.5,2,1226.95,0
ACC-23288,2024-05-29,Enterprise,E-Commerce,373.5,1,4483.47,0
ACC-23289,2024-05-29,Professional,Fintech,115.0,1,1130.35,0
ACC-23290,2024-05-29,Professional,Healthcare,108.8,1,1122.44,0
ACC-23291,2024-05-29,Starter,Fintech,60.8,0,232.62,0
ACC-23292,2024-05-29,Starter,Healthcare,89.4,0,171.44,0
ACC-23293,2024-05-29,Starter,E-Commerce,98.8,0,200.42,0
ACC-23294,2024-05-29,Starter,Healthcare,114.7,0,183.17,0
ACC-23295,2024-05-29,Starter,SaaS,152.5,1,194.05,0
ACC-23296,2024-05-29,Enterprise,SaaS,368.4,0,4526.61,0
ACC-23297,2024-05-29,Starter,Healthcare,149.0,1,224.3,0
ACC-23298,2024-05-29,Starter,Fintech,133.3,0,257.25,0
ACC-23299,2024-05-29,Starter,SaaS,123.7,1,212.89,0
ACC-23300,2024-05-29,Starter,SaaS,181.7,2,218.94,0
ACC-23301,2024-05-29,Starter,SaaS,133.2,1,278.62,0
ACC-23302,2024-05-29,Starter,Fintech,116.0,1,181.08,0
ACC-23303,2024-05-29,Starter,SaaS,114.8,1,301.22,0
ACC-23304,2024-05-29,Starter,Fintech,121.9,0,135.3,0
ACC-23305,2024-05-29,Professional,E-Commerce,83.1,0,1210.74,0
ACC-23306,2024-05-29,Professional,SaaS,142.2,1,1142.31,0
ACC-23307,2024-05-29,Starter,Fintech,111.5,2,101.88,0
ACC-23308,2024-05-29,Starter,SaaS,112.4,2,154.87,0
ACC-23309,2024-05-29,Starter,Healthcare,127.6,1,213.57,0
ACC-23310,2024-05-29,Professional,SaaS,115.9,4,1212.38,0
ACC-23311,2024-05-29,Starter,Fintech,117.2,0,254.33,0
ACC-23312,2024-05-29,Starter,SaaS,116.9,1,274.48,0
ACC-23313,2024-05-29,Professional,Fintech,127.4,4,1246.68,0
ACC-23314,2024-05-29,Starter,E-Commerce,91.1,0,90.66,0
ACC-23315,2024-05-29,Starter,Healthcare,57.6,4,251.88,1
ACC-23316,2024-05-29,Starter,Healthcare,125.8,0,232.81,0
ACC-23317,2024-05-29,Enterprise,Fintech,380.6,0,4395.34,0
ACC-23318,2024-05-29,Enterprise,E-Commerce,412.9,3,4444.11,0
ACC-23319,2024-05-29,Professional,Fintech,126.8,0,1229.71,0
ACC-23320,2024-05-29,Starter,E-Commerce,101.1,2,117.06,0
ACC-23321,2024-05-29,Starter,Fintech,128.8,2,187.54,0
ACC-23322,2024-05-29,Enterprise,SaaS,325.2,0,4411.92,0
ACC-23323,2024-05-29,Enterprise,Fintech,420.6,2,4564.33,0
ACC-23324,2024-05-29,Starter,Fintech,114.8,1,166.06,0
ACC-23325,2024-05-29,Professional,Fintech,72.8,1,1265.39,0
ACC-23326,2024-05-29,Starter,Healthcare,121.2,0,227.36,0
ACC-23327,2024-05-29,Starter,Fintech,129.9,1,96.02,0
ACC-23328,2024-05-29,Professional,Healthcare,123.8,0,1260.39,0
ACC-23329,2024-05-29,Starter,SaaS,114.2,1,202.3,0
ACC-23330,2024-05-29,Enterprise,E-Commerce,299.8,1,4511.5,0
ACC-23331,2024-05-29,Starter,E-Commerce,80.8,1,196.2,0
ACC-23332,2024-05-29,Starter,Fintech,125.5,0,205.86,0
ACC-23333,2024-05-29,Enterprise,E-Commerce,446.4,1,4512.52,0
ACC-23334,2024-05-29,Enterprise,Fintech,299.1,2,4510.14,0
ACC-23335,2024-05-29,Starter,E-Commerce,130.1,1,153.99,0
ACC-23336,2024-05-29,Starter,Fintech,68.5,1,169.62,0
ACC-23337,2024-05-29,Professional,Healthcare,120.4,1,1188.77,0
ACC-23338,2024-05-29,Starter,Healthcare,107.3,3,270.52,0
ACC-23339,2024-05-29,Enterprise,SaaS,394.2,3,4462.19,0
ACC-23340,2024-05-29,Enterprise,Fintech,382.5,3,4570.19,0
ACC-23341,2024-05-29,Starter,E-Commerce,149.8,0,225.98,0
ACC-23342,2024-05-29,Starter,Fintech,122.9,3,195.73,0
ACC-23343,2024-05-29,Starter,E-Commerce,132.2,0,244.3,0
ACC-23344,2024-05-29,Enterprise,SaaS,413.7,3,4462.01,1
ACC-23345,2024-05-29,Starter,Healthcare,111.4,0,181.13,0
ACC-23346,2024-05-29,Starter,Healthcare,135.9,2,302.62,0
ACC-23347,2024-05-29,Starter,SaaS,134.7,3,160.88,1
ACC-23348,2024-05-29,Professional,Healthcare,108.7,2,1132.98,0
ACC-23349,2024-05-29,Starter,Healthcare,111.5,1,147.67,0
ACC-23350,2024-05-29,Starter,E-Commerce,139.9,3,219.07,0
ACC-23351,2024-05-29,Enterprise,E-Commerce,431.8,4,4437.02,0
ACC-23352,2024-05-29,Enterprise,Fintech,338.2,2,4675.29,1
ACC-23353,2024-05-29,Professional,SaaS,66.4,0,1151.23,0
ACC-23354,2024-05-29,Starter,Healthcare,130.9,1,190.04,0
ACC-23355,2024-05-29,Starter,Fintech,82.2,1,148.02,0
ACC-23356,2024-05-29,Professional,E-Commerce,105.6,2,1225.13,1
ACC-23357,2024-05-29,Starter,Healthcare,139.9,0,263.48,0
ACC-23358,2024-05-29,Enterprise,Fintech,352.5,3,4468.59,1
ACC-23359,2024-05-29,Professional,E-Commerce,115.5,0,1219.7,0
ACC-23360,2024-05-29,Starter,SaaS,137.2,2,259.27,0
ACC-23361,2024-05-29,Enterprise,SaaS,365.2,0,4427.57,0
ACC-23362,2024-05-29,Enterprise,SaaS,434.3,1,4476.53,0
ACC-23363,2024-05-29,Starter,SaaS,128.6,2,187.2,0
ACC-23364,2024-05-29,Starter,Fintech,115.5,2,126.27,0
ACC-23365,2024-05-29,Starter,Healthcare,89.4,0,213.71,0
ACC-23366,2024-05-29,Starter,SaaS,96.9,0,260.63,0
ACC-23367,2024-05-29,Starter,Healthcare,81.4,2,239.76,0
ACC-23368,2024-05-29,Professional,E-Commerce,103.8,0,1207.15,0
ACC-23369,2024-05-29,Enterprise,E-Commerce,313.3,3,4452.54,1
ACC-23370,2024-05-29,Starter,Healthcare,129.6,0,231.48,0
ACC-23371,2024-05-29,Starter,SaaS,135.3,2,212.2,0
ACC-23372,2024-05-29,Professional,Healthcare,95.4,0,1150.62,0
ACC-23373,2024-05-29,Starter,Healthcare,87.5,3,182.3,0
ACC-23374,2024-05-29,Enterprise,SaaS,443.2,2,4456.37,0
ACC-23375,2024-05-29,Starter,Healthcare,136.3,2,205.61,0
ACC-23376,2024-05-29,Starter,Fintech,102.0,0,217.86,0
ACC-23377,2024-05-29,Starter,Healthcare,110.5,5,209.28,1
ACC-23378,2024-05-29,Professional,SaaS,110.3,2,1203.09,0
ACC-23379,2024-05-29,Starter,E-Commerce,112.4,1,199.74,0
ACC-23380,2024-05-29,Professional,E-Commerce,141.5,0,1199.58,0
ACC-23381,2024-05-29,Starter,E-Commerce,75.2,2,213.29,0
ACC-23382,2024-05-29,Starter,Fintech,109.9,1,253.38,0
ACC-23383,2024-05-29,Starter,SaaS,78.1,0,125.01,0
ACC-23384,2024-05-30,Enterprise,SaaS,234.8,4,4474.09,1
ACC-23385,2024-05-30,Enterprise,Fintech,379.9,0,4457.35,0
ACC-23386,2024-05-30,Starter,Fintech,125.1,2,184.31,0
ACC-23387,2024-05-30,Starter,SaaS,133.3,3,245.7,0
ACC-23388,2024-05-30,Starter,SaaS,109.5,0,302.49,0
ACC-23389,2024-05-30,Starter,SaaS,82.3,2,232.17,0
ACC-23390,2024-05-30,Starter,SaaS,111.6,1,142.37,0
ACC-23391,2024-05-30,Enterprise,Healthcare,301.2,0,4511.7,0
ACC-23392,2024-05-30,Enterprise,E-Commerce,309.7,0,4497.3,0
ACC-23393,2024-05-30,Starter,Healthcare,106.6,1,252.36,0
ACC-23394,2024-05-30,Starter,Fintech,133.0,1,102.89,0
ACC-23395,2024-05-30,Enterprise,E-Commerce,378.6,0,4620.38,0
ACC-23396,2024-05-30,Professional,Healthcare,92.2,0,1282.19,0
ACC-23397,2024-05-30,Starter,E-Commerce,122.2,1,177.16,0
ACC-23398,2024-05-30,Starter,Healthcare,75.3,1,209.14,0
ACC-23399,2024-05-30,Starter,Healthcare,117.6,1,223.26,0
ACC-23400,2024-05-30,Starter,Fintech,61.6,1,229.43,0
ACC-23401,2024-05-30,Starter,Fintech,92.2,1,194.93,0
ACC-23402,2024-05-30,Starter,Fintech,67.4,0,185.71,0
ACC-23403,2024-05-30,Professional,Fintech,94.1,1,1200.99,0
ACC-23404,2024-05-30,Starter,SaaS,108.7,1,221.37,0
ACC-23405,2024-05-30,Starter,Fintech,131.4,1,251.82,0
ACC-23406,2024-05-30,Starter,Fintech,137.9,4,228.43,0
ACC-23407,2024-05-30,Professional,E-Commerce,103.7,1,1186.1,0
ACC-23408,2024-05-30,Enterprise,E-Commerce,406.4,1,4515.8,0
ACC-23409,2024-05-30,Starter,Fintech,77.5,0,197.69,0
ACC-23410,2024-05-30,Starter,E-Commerce,73.9,0,192.84,0
ACC-23411,2024-05-30,Enterprise,E-Commerce,419.8,1,4464.8,0
ACC-23412,2024-05-30,Starter,Fintech,120.9,1,162.17,0
ACC-23413,2024-05-30,Starter,Fintech,103.9,3,239.15,1
ACC-23414,2024-05-30,Starter,SaaS,111.5,1,147.61,0
ACC-23415,2024-05-30,Starter,SaaS,89.7,1,221.63,0
ACC-23416,2024-05-30,Starter,E-Commerce,116.3,2,77.94,0
ACC-23417,2024-05-30,Enterprise,Fintech,448.1,4,4449.86,1
ACC-23418,2024-05-30,Professional,Healthcare,129.7,0,1164.32,0
ACC-23419,2024-05-30,Starter,E-Commerce,98.7,0,175.56,0
ACC-23420,2024-05-30,Enterprise,Fintech,286.2,0,4458.59,0
ACC-23421,2024-05-30,Starter,Healthcare,103.1,0,181.78,0
ACC-23422,2024-05-30,Starter,E-Commerce,111.3,0,152.27,0
ACC-23423,2024-05-30,Professional,Healthcare,90.7,0,1163.26,0
ACC-23424,2024-05-30,Professional,E-Commerce,78.3,0,1107.25,0
ACC-23425,2024-05-30,Starter,SaaS,93.5,0,156.4,0
ACC-23426,2024-05-30,Starter,Healthcare,105.4,1,248.97,0
ACC-23427,2024-05-30,Professional,SaaS,154.7,4,1210.41,0
ACC-23428,2024-05-30,Professional,Fintech,80.1,1,1177.0,0
ACC-23429,2024-05-30,Professional,SaaS,138.1,2,1156.5,0
ACC-23430,2024-05-30,Starter,Fintech,128.3,0,151.05,0
ACC-23431,2024-05-30,Starter,Fintech,119.7,1,251.07,0
ACC-23432,2024-05-30,Starter,E-Commerce,96.2,0,224.3,0
ACC-23433,2024-05-30,Starter,Healthcare,119.5,0,185.13,0
ACC-23434,2024-05-30,Enterprise,SaaS,325.9,0,4548.58,0
ACC-23435,2024-05-30,Starter,Healthcare,111.4,0,213.35,0
ACC-23436,2024-05-30,Starter,Fintech,88.2,2,172.2,0
ACC-23437,2024-05-30,Professional,Healthcare,95.1,0,1320.23,0
ACC-23438,2024-05-30,Starter,Healthcare,133.8,1,195.97,0
ACC-23439,2024-05-30,Starter,Healthcare,116.5,1,215.82,0
ACC-23440,2024-05-30,Professional,E-Commerce,75.9,1,1204.99,0
ACC-23441,2024-05-30,Enterprise,E-Commerce,423.8,1,4598.73,0
ACC-23442,2024-05-30,Professional,SaaS,96.8,1,1161.36,0
ACC-23443,2024-05-30,Starter,SaaS,146.1,1,281.69,0
ACC-23444,2024-05-30,Professional,Fintech,84.0,1,1202.0,0
ACC-23445,2024-05-30,Professional,E-Commerce,117.2,0,1209.72,0
ACC-23446,2024-05-30,Starter,Healthcare,105.6,0,158.47,0
ACC-23447,2024-05-30,Starter,E-Commerce,128.7,1,216.87,0
ACC-23448,2024-05-30,Enterprise,Healthcare,225.7,5,4383.03,1
ACC-23449,2024-05-30,Starter,SaaS,116.9,1,201.29,0
ACC-23450,2024-05-30,Professional,E-Commerce,117.4,0,1238.66,0
ACC-23451,2024-05-30,Starter,SaaS,52.6,1,297.61,0
ACC-23452,2024-05-30,Starter,SaaS,100.8,1,175.82,0
ACC-23453,2024-05-30,Starter,SaaS,112.8,0,196.98,0
ACC-23454,2024-05-30,Professional,SaaS,70.4,1,1171.81,0
ACC-23455,2024-05-30,Starter,Healthcare,98.2,0,158.27,0
ACC-23456,2024-05-30,Starter,Fintech,81.5,0,183.33,0
ACC-23457,2024-05-30,Professional,Healthcare,116.5,1,1211.74,0
ACC-23458,2024-05-30,Professional,Fintech,103.3,4,1127.32,0
ACC-23459,2024-05-30,Enterprise,Healthcare,284.3,0,4403.45,0
ACC-23460,2024-05-30,Starter,Healthcare,146.3,0,303.1,0
ACC-23461,2024-05-30,Starter,Healthcare,103.7,1,219.17,0
ACC-23462,2024-05-30,Enterprise,SaaS,410.9,1,4533.67,0
ACC-23463,2024-05-30,Professional,SaaS,118.8,2,1205.65,0
ACC-23464,2024-05-30,Starter,Fintech,85.9,0,221.12,0
ACC-23465,2024-05-30,Starter,Healthcare,117.6,2,227.39,0
ACC-23466,2024-05-30,Professional,Healthcare,53.3,2,1216.54,0
ACC-23467,2024-05-30,Starter,Healthcare,59.6,1,259.31,0
ACC-23468,2024-05-30,Professional,E-Commerce,113.2,0,1202.87,0
ACC-23469,2024-05-30,Starter,Healthcare,130.7,3,183.52,0
ACC-23470,2024-05-30,Starter,E-Commerce,120.5,1,196.17,0
ACC-23471,2024-05-30,Professional,SaaS,87.3,1,1156.72,0
ACC-23472,2024-05-30,Starter,SaaS,105.0,3,244.49,0
ACC-23473,2024-05-30,Starter,Fintech,83.8,1,204.67,0
ACC-23474,2024-05-30,Starter,E-Commerce,105.5,0,130.65,0
ACC-23475,2024-05-30,Starter,Healthcare,92.7,0,266.21,0
ACC-23476,2024-05-30,Professional,Fintech,101.0,1,1174.72,0
ACC-23477,2024-05-30,Professional,Fintech,102.2,0,1258.1,0
ACC-23478,2024-05-30,Professional,Healthcare,77.4,2,1111.31,0
ACC-23479,2024-05-30,Starter,Healthcare,94.3,3,190.26,0
ACC-23480,2024-05-30,Starter,Fintech,79.1,1,197.41,0
ACC-23481,2024-05-30,Starter,E-Commerce,107.6,1,195.89,0
ACC-23482,2024-05-30,Enterprise,E-Commerce,255.5,0,4471.5,0
ACC-23483,2024-05-30,Professional,Fintech,63.3,1,1212.34,0
ACC-23484,2024-05-30,Professional,Fintech,74.3,0,1181.31,0
ACC-23485,2024-05-30,Starter,SaaS,88.2,5,174.57,1
ACC-23486,2024-05-30,Starter,Fintech,126.8,3,166.07,0
ACC-23487,2024-05-30,Starter,SaaS,120.1,1,315.02,0
ACC-23488,2024-05-30,Starter,E-Commerce,128.8,1,73.28,0
ACC-23489,2024-05-30,Starter,Healthcare,139.7,0,166.67,0
ACC-23490,2024-05-30,Enterprise,Fintech,394.8,2,4467.77,0
ACC-23491,2024-05-30,Starter,Fintech,146.0,1,148.85,0
ACC-23492,2024-05-30,Starter,Fintech,130.3,1,196.44,0
ACC-23493,2024-05-30,Starter,Fintech,87.6,1,245.31,0
ACC-23494,2024-05-30,Enterprise,E-Commerce,370.5,0,4538.14,0
ACC-23495,2024-05-30,Professional,Fintech,99.2,0,1243.41,0
ACC-23496,2024-05-30,Professional,Healthcare,34.5,1,1233.98,0
ACC-23497,2024-05-30,Enterprise,E-Commerce,392.6,2,4527.21,1
ACC-23498,2024-05-30,Starter,Fintech,194.6,1,214.53,0
ACC-23499,2024-05-30,Professional,Fintech,76.7,0,1170.23,0
