session_id,date,device,region,channel,app_version,checkout_latency_ms,cart_items,converted,order_value
SES-100000,2024-10-01,iOS,North America,Paid Search,v2.3,283.8,2,0,0.0
SES-100001,2024-10-01,Android,Europe,Direct,v2.3,346.4,3,0,0.0
SES-100002,2024-10-01,Desktop,Europe,Paid Search,v2.3,276.1,1,0,0.0
SES-100003,2024-10-01,iOS,North America,Organic Search,v2.3,354.1,1,0,0.0
SES-100004,2024-10-01,Desktop,North America,Organic Search,v2.3,352.6,5,0,0.0
SES-100005,2024-10-01,iOS,Asia-Pacific,Organic Search,v2.3,307.1,1,0,0.0
SES-100006,2024-10-01,Desktop,Europe,Organic Search,v2.3,265.7,2,0,0.0
SES-100007,2024-10-01,Desktop,North America,Paid Search,v2.3,268.1,1,0,0.0
SES-100008,2024-10-01,iOS,Asia-Pacific,Paid Search,v2.3,306.3,1,0,0.0
SES-100009,2024-10-01,Android,Asia-Pacific,Organic Search,v2.3,310.2,1,0,0.0
SES-100010,2024-10-01,iOS,Asia-Pacific,Organic Search,v2.3,253.6,1,0,0.0
SES-100011,2024-10-01,Android,Asia-Pacific,Organic Search,v2.3,340.0,3,0,0.0
SES-100012,2024-10-01,Android,Latin America,Social Media,v2.3,273.9,4,0,0.0
SES-100013,2024-10-01,Android,Europe,Paid Search,v2.3,365.8,1,0,0.0
SES-100014,2024-10-01,iOS,North America,Social Media,v2.3,359.9,3,1,68.1
SES-100015,2024-10-01,iOS,Europe,Direct,v2.3,390.6,1,0,0.0
SES-100016,2024-10-01,iOS,Europe,Paid Search,v2.3,298.4,4,0,0.0
SES-100017,2024-10-01,iOS,Europe,Direct,v2.3,288.7,3,0,0.0
SES-100018,2024-10-01,Android,Europe,Organic Search,v2.3,405.4,4,0,0.0
SES-100019,2024-10-01,Desktop,Europe,Direct,v2.3,243.0,1,0,0.0
SES-100020,2024-10-01,Android,Europe,Organic Search,v2.3,292.7,1,0,0.0
SES-100021,2024-10-01,Android,Europe,Direct,v2.3,315.3,3,0,0.0
SES-100022,2024-10-01,Desktop,Latin America,Organic Search,v2.3,266.1,1,0,0.0
SES-100023,2024-10-01,Android,Europe,Direct,v2.3,381.9,2,0,0.0
SES-100024,2024-10-01,Desktop,Asia-Pacific,Organic Search,v2.3,301.6,1,0,0.0
SES-100025,2024-10-01,Android,Europe,Social Media,v2.3,254.3,2,0,0.0
SES-100026,2024-10-01,iOS,Latin America,Organic Search,v2.3,325.6,3,0,0.0
SES-100027,2024-10-01,iOS,Asia-Pacific,Direct,v2.3,358.9,2,0,0.0
SES-100028,2024-10-01,Android,North America,Paid Search,v2.3,361.8,1,0,0.0
SES-100029,2024-10-01,iOS,North America,Paid Search,v2.3,346.2,4,0,0.0
SES-100030,2024-10-01,iOS,Europe,Paid Search,v2.3,325.7,1,0,0.0
SES-100031,2024-10-01,Android,Latin America,Social Media,v2.3,358.8,4,0,0.0
SES-100032,2024-10-01,Android,Asia-Pacific,Organic Search,v2.3,255.0,2,0,0.0
SES-100033,2024-10-01,Android,Asia-Pacific,Social Media,v2.3,353.4,2,0,0.0
SES-100034,2024-10-01,iOS,North America,Paid Search,v2.3,316.8,2,0,0.0
SES-100035,2024-10-01,iOS,Europe,Direct,v2.3,241.6,1,0,0.0
SES-100036,2024-10-01,Android,Asia-Pacific,Paid Search,v2.3,360.8,2,0,0.0
SES-100037,2024-10-01,Desktop,Europe,Paid Search,v2.3,415.2,2,0,0.0
SES-100038,2024-10-01,Android,North America,Social Media,v2.3,369.8,1,0,0.0
SES-100039,2024-10-01,Desktop,Europe,Paid Search,v2.3,264.5,3,0,0.0
SES-100040,2024-10-01,Desktop,Latin America,Paid Search,v2.3,369.2,1,0,0.0
SES-100041,2024-10-01,Android,Europe,Organic Search,v2.3,314.4,3,0,0.0
SES-100042,2024-10-01,iOS,Europe,Organic Search,v2.3,310.4,3,0,0.0
SES-100043,2024-10-01,Android,North America,Paid Search,v2.3,318.7,2,0,0.0
SES-100044,2024-10-01,Android,Asia-Pacific,Direct,v2.3,261.2,4,0,0.0
SES-100045,2024-10-01,Android,North America,Paid Search,v2.3,318.4,1,0,0.0
SES-100046,2024-10-01,Android,Europe,Organic Search,v2.3,249.7,1,0,0.0
SES-100047,2024-10-01,Android,Europe,Paid Search,v2.3,259.0,2,0,0.0
SES-100048,2024-10-01,iOS,Asia-Pacific,Paid Search,v2.3,353.8,1,0,0.0
SES-100049,2024-10-01,Android,Latin America,Paid Search,v2.3,359.3,2,0,0.0
SES-100050,2024-10-01,iOS,Asia-Pacific,Social Media,v2.3,251.0,1,0,0.0
SES-100051,2024-10-01,Desktop,North America,Direct,v2.3,304.5,2,0,0.0
SES-100052,2024-10-01,iOS,Latin America,Organic Search,v2.3,242.7,5,0,0.0
SES-100053,2024-10-01,iOS,North America,Social Media,v2.3,304.5,4,0,0.0
SES-100054,2024-10-01,Android,North America,Paid Search,v2.3,272.9,1,1,95.74
SES-100055,2024-10-01,Android,North America,Direct,v2.3,331.6,1,0,0.0
SES-100056,2024-10-01,Android,North America,Organic Search,v2.3,293.6,1,0,0.0
SES-100057,2024-10-01,iOS,Asia-Pacific,Direct,v2.3,290.8,2,0,0.0
SES-100058,2024-10-01,Android,North America,Organic Search,v2.3,382.2,3,0,0.0
SES-100059,2024-10-01,iOS,Europe,Paid Search,v2.3,373.5,1,0,0.0
SES-100060,2024-10-01,Desktop,Europe,Organic Search,v2.3,313.2,1,0,0.0
SES-100061,2024-10-01,Desktop,Europe,Organic Search,v2.3,292.6,1,0,0.0
SES-100062,2024-10-01,Android,North America,Organic Search,v2.3,349.9,1,0,0.0
SES-100063,2024-10-01,iOS,Europe,Organic Search,v2.3,369.5,1,0,0.0
SES-100064,2024-10-01,Android,Europe,Organic Search,v2.3,287.3,1,0,0.0
SES-100065,2024-10-01,iOS,North America,Direct,v2.3,265.1,1,0,0.0
SES-100066,2024-10-01,Android,North America,Organic Search,v2.3,344.7,3,0,0.0
SES-100067,2024-10-01,iOS,Asia-Pacific,Paid Search,v2.3,302.3,1,0,0.0
SES-100068,2024-10-01,Desktop,North America,Organic Search,v2.3,331.7,1,0,0.0
SES-100069,2024-10-01,iOS,Asia-Pacific,Social Media,v2.3,320.8,3,0,0.0
SES-100070,2024-10-01,Android,Latin America,Social Media,v2.3,297.2,3,0,0.0
SES-100071,2024-10-01,Android,Asia-Pacific,Organic Search,v2.3,357.5,3,0,0.0
SES-100072,2024-10-01,Android,North America,Paid Search,v2.3,256.2,1,0,0.0
SES-100073,2024-10-01,iOS,Europe,Organic Search,v2.3,346.2,1,0,0.0
SES-100074,2024-10-01,Desktop,Latin America,Social Media,v2.3,302.3,1,0,0.0
SES-100075,2024-10-01,Android,Europe,Paid Search,v2.3,369.8,2,0,0.0
SES-100076,2024-10-01,Android,Europe,Organic Search,v2.3,333.1,4,0,0.0
SES-100077,2024-10-01,iOS,North America,Organic Search,v2.3,443.7,4,0,0.0
SES-100078,2024-10-01,Android,Europe,Organic Search,v2.3,243.2,1,0,0.0
SES-100079,2024-10-01,Android,Latin America,Paid Search,v2.3,371.0,3,0,0.0
SES-100080,2024-10-01,iOS,North America,Direct,v2.3,288.8,1,0,0.0
SES-100081,2024-10-01,iOS,North America,Paid Search,v2.3,359.6,1,0,0.0
SES-100082,2024-10-01,Desktop,North America,Paid Search,v2.3,332.4,1,0,0.0
SES-100083,2024-10-01,iOS,North America,Organic Search,v2.3,311.8,4,0,0.0
SES-100084,2024-10-01,iOS,Europe,Organic Search,v2.3,306.9,3,0,0.0
SES-100085,2024-10-01,Android,North America,Organic Search,v2.3,341.2,3,0,0.0
SES-100086,2024-10-01,Desktop,Asia-Pacific,Direct,v2.3,359.6,1,0,0.0
SES-100087,2024-10-01,iOS,North America,Organic Search,v2.3,321.8,2,0,0.0
SES-100088,2024-10-01,Android,Asia-Pacific,Paid Search,v2.3,298.2,1,0,0.0
SES-100089,2024-10-01,iOS,Europe,Organic Search,v2.3,356.2,3,0,0.0
SES-100090,2024-10-01,iOS,Europe,Organic Search,v2.3,264.1,3,0,0.0
SES-100091,2024-10-01,iOS,Europe,Paid Search,v2.3,294.2,1,0,0.0
SES-100092,2024-10-01,Desktop,North America,Paid Search,v2.3,351.7,5,0,0.0
SES-100093,2024-10-01,iOS,Asia-Pacific,Paid Search,v2.3,364.7,2,0,0.0
SES-100094,2024-10-01,iOS,Asia-Pacific,Paid Search,v2.3,357.1,1,0,0.0
SES-100095,2024-10-01,Android,North America,Paid Search,v2.3,309.0,3,0,0.0
SES-100096,2024-10-01,Desktop,North America,Organic Search,v2.3,395.3,2,0,0.0
SES-100097,2024-10-01,iOS,Asia-Pacific,Paid Search,v2.3,386.0,1,0,0.0
SES-100098,2024-10-01,Android,Europe,Direct,v2.3,294.7,1,0,0.0
SES-100099,2024-10-01,iOS,Europe,Organic Search,v2.3,370.5,5,0,0.0
SES-100100,2024-10-01,Android,Latin America,Paid Search,v2.3,288.4,2,0,0.0
SES-100101,2024-10-01,Android,North America,Organic Search,v2.3,315.8,1,0,0.0
SES-100102,2024-10-01,Android,Latin America,Organic Search,v2.3,322.0,1,0,0.0
SES-100103,2024-10-01,iOS,Europe,Paid Search,v2.3,349.8,2,0,0.0
SES-100104,2024-10-01,iOS,Asia-Pacific,Social Media,v2.3,377.8,1,0,0.0
SES-100105,2024-10-01,iOS,Europe,Social Media,v2.3,313.0,1,0,0.0
SES-100106,2024-10-01,iOS,Europe,Organic Search,v2.3,337.1,2,0,0.0
SES-100107,2024-10-01,iOS,North America,Paid Search,v2.3,296.0,1,1,58.75
SES-100108,2024-10-01,Desktop,Europe,Paid Search,v2.3,277.8,1,0,0.0
SES-100109,2024-10-01,Desktop,Europe,Organic Search,v2.3,413.9,1,0,0.0
SES-100110,2024-10-01,Desktop,Europe,Direct,v2.3,385.3,2,0,0.0
SES-100111,2024-10-01,Desktop,Europe,Direct,v2.3,271.8,2,0,0.0
SES-100112,2024-10-01,Android,Asia-Pacific,Social Media,v2.3,273.1,4,0,0.0
SES-100113,2024-10-01,Android,North America,Organic Search,v2.3,355.3,1,1,72.54
SES-100114,2024-10-01,iOS,Europe,Organic Search,v2.3,350.1,1,1,50.92
SES-100115,2024-10-01,Android,Europe,Direct,v2.3,372.4,3,0,0.0
SES-100116,2024-10-01,Android,Europe,Direct,v2.3,307.1,4,0,0.0
SES-100117,2024-10-01,Android,North America,Social Media,v2.3,291.7,4,0,0.0
SES-100118,2024-10-01,Desktop,Europe,Organic Search,v2.3,395.7,3,0,0.0
SES-100119,2024-10-01,iOS,Asia-Pacific,Paid Search,v2.3,256.1,2,0,0.0
SES-100120,2024-10-01,iOS,Europe,Paid Search,v2.3,300.8,2,0,0.0
SES-100121,2024-10-01,Desktop,Europe,Organic Search,v2.3,347.7,4,0,0.0
SES-100122,2024-10-01,iOS,Asia-Pacific,Paid Search,v2.3,292.5,1,0,0.0
SES-100123,2024-10-01,Android,Asia-Pacific,Paid Search,v2.3,337.5,4,0,0.0
SES-100124,2024-10-01,Desktop,Europe,Organic Search,v2.3,376.9,2,0,0.0
SES-100125,2024-10-01,Android,Asia-Pacific,Organic Search,v2.3,282.6,2,0,0.0
SES-100126,2024-10-01,Android,North America,Paid Search,v2.3,210.9,1,0,0.0
SES-100127,2024-10-01,iOS,Asia-Pacific,Paid Search,v2.3,304.8,1,0,0.0
SES-100128,2024-10-01,iOS,North America,Social Media,v2.3,335.2,1,0,0.0
SES-100129,2024-10-01,Desktop,North America,Organic Search,v2.3,270.3,1,0,0.0
SES-100130,2024-10-01,Android,Latin America,Organic Search,v2.3,350.0,2,0,0.0
SES-100131,2024-10-01,Android,Europe,Social Media,v2.3,323.4,2,0,0.0
SES-100132,2024-10-01,iOS,North America,Social Media,v2.3,330.7,1,0,0.0
SES-100133,2024-10-01,iOS,North America,Organic Search,v2.3,220.2,2,0,0.0
SES-100134,2024-10-01,Desktop,Europe,Direct,v2.3,358.3,1,0,0.0
SES-100135,2024-10-01,iOS,Europe,Organic Search,v2.3,304.6,2,0,0.0
SES-100136,2024-10-01,Android,Europe,Organic Search,v2.3,295.7,1,0,0.0
SES-100137,2024-10-01,iOS,North America,Organic Search,v2.3,311.1,1,0,0.0
SES-100138,2024-10-01,Android,North America,Organic Search,v2.3,308.6,2,0,0.0
SES-100139,2024-10-01,Desktop,North America,Direct,v2.3,262.9,3,0,0.0
SES-100140,2024-10-01,Android,Europe,Direct,v2.3,340.3,4,0,0.0
SES-100141,2024-10-01,iOS,North America,Social Media,v2.3,376.3,1,0,0.0
SES-100142,2024-10-01,Android,Latin America,Direct,v2.3,317.3,3,0,0.0
SES-100143,2024-10-01,Desktop,North America,Paid Search,v2.3,390.4,1,0,0.0
SES-100144,2024-10-01,Android,North America,Direct,v2.3,350.2,2,1,46.66
SES-100145,2024-10-01,Desktop,Asia-Pacific,Social Media,v2.3,242.5,2,0,0.0
SES-100146,2024-10-01,Android,Asia-Pacific,Direct,v2.3,396.0,1,0,0.0
SES-100147,2024-10-01,Desktop,North America,Direct,v2.3,293.7,1,0,0.0
SES-100148,2024-10-01,Android,Asia-Pacific,Social Media,v2.3,342.9,2,0,0.0
SES-100149,2024-10-01,iOS,North America,Organic Search,v2.3,273.2,1,0,0.0
SES-100150,2024-10-01,iOS,Asia-Pacific,Direct,v2.3,346.1,2,0,0.0
SES-100151,2024-10-01,iOS,Europe,Social Media,v2.3,308.1,3,0,0.0
SES-100152,2024-10-01,Desktop,Europe,Social Media,v2.3,336.5,1,0,0.0
SES-100153,2024-10-01,Desktop,Europe,Organic Search,v2.3,297.2,5,0,0.0
SES-100154,2024-10-01,Android,Asia-Pacific,Paid Search,v2.3,319.7,2,0,0.0
SES-100155,2024-10-01,iOS,North America,Direct,v2.3,353.1,1,0,0.0
SES-100156,2024-10-01,iOS,Europe,Organic Search,v2.3,402.3,1,0,0.0
SES-100157,2024-10-01,Desktop,Europe,Paid Search,v2.3,281.7,3,1,46.51
SES-100158,2024-10-01,Android,Latin America,Organic Search,v2.3,328.0,2,1,98.73
SES-100159,2024-10-01,iOS,Asia-Pacific,Organic Search,v2.3,349.6,4,0,0.0
SES-100160,2024-10-01,Android,North America,Paid Search,v2.3,283.8,2,1,254.07
SES-100161,2024-10-01,iOS,North America,Paid Search,v2.3,297.9,1,0,0.0
SES-100162,2024-10-01,iOS,North America,Paid Search,v2.3,382.8,1,0,0.0
SES-100163,2024-10-01,Android,North America,Paid Search,v2.3,322.5,2,0,0.0
SES-100164,2024-10-01,iOS,Latin America,Organic Search,v2.3,292.9,2,0,0.0
SES-100165,2024-10-01,Desktop,Europe,Organic Search,v2.3,265.5,3,0,0.0
SES-100166,2024-10-01,iOS,North America,Organic Search,v2.3,256.7,1,0,0.0
SES-100167,2024-10-01,iOS,Europe,Organic Search,v2.3,347.7,3,0,0.0
SES-100168,2024-10-01,iOS,North America,Paid Search,v2.3,326.0,2,0,0.0
SES-100169,2024-10-01,Desktop,North America,Direct,v2.3,357.0,1,0,0.0
SES-100170,2024-10-01,Android,North America,Organic Search,v2.3,345.0,2,0,0.0
SES-100171,2024-10-01,Android,Europe,Organic Search,v2.3,305.5,4,0,0.0
SES-100172,2024-10-01,iOS,North America,Direct,v2.3,356.0,2,0,0.0
SES-100173,2024-10-01,iOS,Europe,Organic Search,v2.3,318.7,1,0,0.0
SES-100174,2024-10-01,Android,Europe,Social Media,v2.3,371.4,1,0,0.0
SES-100175,2024-10-01,Desktop,Europe,Direct,v2.3,344.0,4,0,0.0
SES-100176,2024-10-01,Desktop,Asia-Pacific,Organic Search,v2.3,319.7,5,0,0.0
SES-100177,2024-10-01,iOS,North America,Organic Search,v2.3,279.6,1,0,0.0
SES-100178,2024-10-01,Android,North America,Paid Search,v2.3,391.5,3,0,0.0
SES-100179,2024-10-01,Desktop,Asia-Pacific,Organic Search,v2.3,261.1,4,0,0.0
SES-100180,2024-10-01,iOS,North America,Organic Search,v2.3,383.2,1,0,0.0
SES-100181,2024-10-01,Desktop,North America,Organic Search,v2.3,303.6,1,0,0.0
SES-100182,2024-10-01,iOS,North America,Direct,v2.3,289.8,2,0,0.0
SES-100183,2024-10-01,Desktop,North America,Paid Search,v2.3,331.2,1,0,0.0
SES-100184,2024-10-01,Desktop,North America,Organic Search,v2.3,361.5,4,1,109.14
SES-100185,2024-10-01,Desktop,North America,Direct,v2.3,341.1,1,0,0.0
SES-100186,2024-10-01,Android,Asia-Pacific,Paid Search,v2.3,317.1,1,0,0.0
SES-100187,2024-10-01,iOS,Asia-Pacific,Paid Search,v2.3,329.2,1,0,0.0
SES-100188,2024-10-01,Desktop,Europe,Organic Search,v2.3,340.1,1,0,0.0
SES-100189,2024-10-01,iOS,Europe,Paid Search,v2.3,301.7,2,1,150.01
SES-100190,2024-10-01,iOS,North America,Social Media,v2.3,376.8,3,0,0.0
SES-100191,2024-10-01,Android,Europe,Organic Search,v2.3,305.2,1,0,0.0
SES-100192,2024-10-01,Desktop,Europe,Organic Search,v2.3,332.8,3,0,0.0
SES-100193,2024-10-01,Desktop,Asia-Pacific,Organic Search,v2.3,253.4,5,0,0.0
SES-100194,2024-10-01,iOS,Europe,Organic Search,v2.3,328.9,4,0,0.0
SES-100195,2024-10-01,Desktop,Latin America,Paid Search,v2.3,419.4,1,0,0.0
SES-100196,2024-10-01,Android,Asia-Pacific,Direct,v2.3,287.9,2,0,0.0
SES-100197,2024-10-01,iOS,Asia-Pacific,Social Media,v2.3,354.6,1,0,0.0
SES-100198,2024-10-01,iOS,Europe,Organic Search,v2.3,298.8,1,0,0.0
SES-100199,2024-10-01,iOS,Europe,Paid Search,v2.3,295.6,1,0,0.0
SES-100200,2024-10-01,iOS,North America,Paid Search,v2.3,209.1,2,0,0.0
SES-100201,2024-10-01,Desktop,Europe,Paid Search,v2.3,361.6,1,0,0.0
SES-100202,2024-10-01,Android,Europe,Paid Search,v2.3,296.8,3,0,0.0
SES-100203,2024-10-01,Android,Europe,Organic Search,v2.3,254.6,5,0,0.0
SES-100204,2024-10-01,Desktop,Europe,Paid Search,v2.3,283.7,4,0,0.0
SES-100205,2024-10-01,iOS,Europe,Paid Search,v2.3,278.2,3,0,0.0
SES-100206,2024-10-01,Desktop,Asia-Pacific,Direct,v2.3,243.2,3,0,0.0
SES-100207,2024-10-01,Android,Europe,Direct,v2.3,387.7,2,0,0.0
SES-100208,2024-10-01,Desktop,Europe,Organic Search,v2.3,207.9,1,0,0.0
SES-100209,2024-10-01,iOS,North America,Organic Search,v2.3,278.4,1,0,0.0
SES-100210,2024-10-01,Desktop,Latin America,Social Media,v2.3,321.7,3,0,0.0
SES-100211,2024-10-01,iOS,Europe,Paid Search,v2.3,374.9,5,0,0.0
SES-100212,2024-10-01,iOS,Europe,Social Media,v2.3,314.8,1,0,0.0
SES-100213,2024-10-02,Desktop,North America,Organic Search,v2.3,336.4,5,0,0.0
SES-100214,2024-10-02,iOS,Latin America,Paid Search,v2.3,344.2,5,0,0.0
SES-100215,2024-10-02,Android,Asia-Pacific,Paid Search,v2.3,170.1,1,0,0.0
SES-100216,2024-10-02,Android,North America,Social Media,v2.3,346.8,2,0,0.0
SES-100217,2024-10-02,Android,Europe,Organic Search,v2.3,338.8,3,0,0.0
SES-100218,2024-10-02,iOS,North America,Organic Search,v2.3,305.3,2,0,0.0
SES-100219,2024-10-02,iOS,Europe,Paid Search,v2.3,302.8,4,0,0.0
SES-100220,2024-10-02,iOS,North America,Social Media,v2.3,264.2,1,0,0.0
SES-100221,2024-10-02,Android,Asia-Pacific,Social Media,v2.3,321.8,2,0,0.0
SES-100222,2024-10-02,iOS,Latin America,Social Media,v2.3,396.5,3,0,0.0
SES-100223,2024-10-02,iOS,Europe,Social Media,v2.3,239.4,2,0,0.0
SES-100224,2024-10-02,iOS,Europe,Organic Search,v2.3,376.9,1,0,0.0
SES-100225,2024-10-02,iOS,North America,Organic Search,v2.3,341.2,1,0,0.0
SES-100226,2024-10-02,Android,Asia-Pacific,Organic Search,v2.3,369.4,2,0,0.0
SES-100227,2024-10-02,Desktop,Asia-Pacific,Organic Search,v2.3,400.4,4,0,0.0
SES-100228,2024-10-02,iOS,Europe,Direct,v2.3,302.4,1,0,0.0
SES-100229,2024-10-02,Android,Europe,Social Media,v2.3,356.2,2,0,0.0
SES-100230,2024-10-02,Android,North America,Organic Search,v2.3,368.8,1,0,0.0
SES-100231,2024-10-02,Android,Europe,Paid Search,v2.3,344.0,3,0,0.0
SES-100232,2024-10-02,Android,Asia-Pacific,Social Media,v2.3,378.5,4,0,0.0
SES-100233,2024-10-02,Android,North America,Paid Search,v2.3,385.0,2,0,0.0
SES-100234,2024-10-02,Android,Asia-Pacific,Organic Search,v2.3,273.8,1,0,0.0
SES-100235,2024-10-02,iOS,North America,Paid Search,v2.3,334.1,4,0,0.0
SES-100236,2024-10-02,Android,Asia-Pacific,Paid Search,v2.3,240.0,2,0,0.0
SES-100237,2024-10-02,Android,Europe,Paid Search,v2.3,310.7,1,0,0.0
SES-100238,2024-10-02,iOS,Asia-Pacific,Paid Search,v2.3,379.7,1,0,0.0
SES-100239,2024-10-02,iOS,Europe,Organic Search,v2.3,310.3,2,0,0.0
SES-100240,2024-10-02,Desktop,North America,Social Media,v2.3,407.8,4,0,0.0
SES-100241,2024-10-02,Android,Europe,Paid Search,v2.3,427.2,5,0,0.0
SES-100242,2024-10-02,Android,North America,Paid Search,v2.3,330.2,2,0,0.0
SES-100243,2024-10-02,Desktop,Europe,Social Media,v2.3,331.6,1,0,0.0
SES-100244,2024-10-02,Android,Europe,Organic Search,v2.3,320.9,1,0,0.0
SES-100245,2024-10-02,Android,Latin America,Organic Search,v2.3,374.5,1,0,0.0
SES-100246,2024-10-02,Desktop,Europe,Direct,v2.3,287.3,1,0,0.0
SES-100247,2024-10-02,Desktop,Asia-Pacific,Organic Search,v2.3,327.9,1,0,0.0
SES-100248,2024-10-02,Android,Latin America,Direct,v2.3,252.2,1,0,0.0
SES-100249,2024-10-02,Android,Europe,Organic Search,v2.3,333.8,4,0,0.0
SES-100250,2024-10-02,iOS,North America,Organic Search,v2.3,213.4,1,0,0.0
SES-100251,2024-10-02,Desktop,Europe,Paid Search,v2.3,225.2,1,0,0.0
SES-100252,2024-10-02,Android,Europe,Organic Search,v2.3,249.1,4,0,0.0
SES-100253,2024-10-02,iOS,North America,Direct,v2.3,415.8,1,0,0.0
SES-100254,2024-10-02,Desktop,Latin America,Paid Search,v2.3,326.6,1,0,0.0
SES-100255,2024-10-02,Android,Europe,Social Media,v2.3,342.0,4,0,0.0
SES-100256,2024-10-02,iOS,North America,Direct,v2.3,311.1,1,0,0.0
SES-100257,2024-10-02,Android,North America,Organic Search,v2.3,379.4,4,0,0.0
SES-100258,2024-10-02,Android,Asia-Pacific,Direct,v2.3,349.1,4,1,76.31
SES-100259,2024-10-02,Desktop,Europe,Paid Search,v2.3,312.0,2,0,0.0
SES-100260,2024-10-02,iOS,North America,Direct,v2.3,283.6,1,0,0.0
SES-100261,2024-10-02,Desktop,North America,Direct,v2.3,283.8,2,0,0.0
SES-100262,2024-10-02,Android,North America,Paid Search,v2.3,307.9,3,0,0.0
SES-100263,2024-10-02,iOS,Latin America,Paid Search,v2.3,331.4,4,0,0.0
SES-100264,2024-10-02,Desktop,Asia-Pacific,Paid Search,v2.3,348.1,1,0,0.0
SES-100265,2024-10-02,Android,Europe,Organic Search,v2.3,372.4,5,0,0.0
SES-100266,2024-10-02,iOS,North America,Organic Search,v2.3,429.1,3,0,0.0
SES-100267,2024-10-02,Android,North America,Paid Search,v2.3,316.4,1,0,0.0
SES-100268,2024-10-02,Desktop,Europe,Organic Search,v2.3,326.6,1,0,0.0
SES-100269,2024-10-02,iOS,North America,Organic Search,v2.3,334.8,4,0,0.0
SES-100270,2024-10-02,iOS,North America,Organic Search,v2.3,298.6,1,0,0.0
SES-100271,2024-10-02,iOS,North America,Paid Search,v2.3,315.6,2,0,0.0
SES-100272,2024-10-02,iOS,Latin America,Paid Search,v2.3,382.8,1,1,108.31
SES-100273,2024-10-02,Desktop,Europe,Direct,v2.3,370.0,3,0,0.0
SES-100274,2024-10-02,Android,Latin America,Paid Search,v2.3,342.3,3,0,0.0
SES-100275,2024-10-02,iOS,North America,Paid Search,v2.3,296.0,5,0,0.0
SES-100276,2024-10-02,iOS,North America,Paid Search,v2.3,293.3,3,0,0.0
SES-100277,2024-10-02,iOS,Asia-Pacific,Direct,v2.3,336.0,2,0,0.0
SES-100278,2024-10-02,Desktop,North America,Paid Search,v2.3,423.0,1,0,0.0
SES-100279,2024-10-02,iOS,North America,Social Media,v2.3,360.3,4,0,0.0
SES-100280,2024-10-02,Desktop,North America,Social Media,v2.3,301.1,4,0,0.0
SES-100281,2024-10-02,Android,North America,Direct,v2.3,376.2,2,0,0.0
SES-100282,2024-10-02,iOS,Latin America,Social Media,v2.3,277.5,5,0,0.0
SES-100283,2024-10-02,Desktop,Asia-Pacific,Paid Search,v2.3,271.5,1,0,0.0
SES-100284,2024-10-02,Android,Europe,Paid Search,v2.3,357.5,1,0,0.0
SES-100285,2024-10-02,Android,Europe,Direct,v2.3,306.7,4,0,0.0
SES-100286,2024-10-02,Desktop,North America,Direct,v2.3,344.8,1,0,0.0
SES-100287,2024-10-02,iOS,Europe,Social Media,v2.3,328.9,3,0,0.0
SES-100288,2024-10-02,iOS,North America,Direct,v2.3,325.8,2,0,0.0
SES-100289,2024-10-02,Android,Europe,Social Media,v2.3,406.6,3,1,63.87
SES-100290,2024-10-02,iOS,North America,Organic Search,v2.3,267.1,1,0,0.0
SES-100291,2024-10-02,iOS,Europe,Direct,v2.3,313.2,1,0,0.0
SES-100292,2024-10-02,iOS,Europe,Direct,v2.3,315.2,1,0,0.0
SES-100293,2024-10-02,iOS,North America,Direct,v2.3,389.8,2,0,0.0
SES-100294,2024-10-02,Desktop,North America,Organic Search,v2.3,266.1,1,0,0.0
SES-100295,2024-10-02,iOS,Latin America,Direct,v2.3,395.3,1,0,0.0
SES-100296,2024-10-02,Android,Asia-Pacific,Social Media,v2.3,386.5,4,0,0.0
SES-100297,2024-10-02,Android,North America,Organic Search,v2.3,365.5,3,0,0.0
SES-100298,2024-10-02,Android,Europe,Paid Search,v2.3,251.4,3,0,0.0
SES-100299,2024-10-02,iOS,Asia-Pacific,Paid Search,v2.3,326.0,2,0,0.0
SES-100300,2024-10-02,Desktop,Latin America,Social Media,v2.3,358.7,3,0,0.0
SES-100301,2024-10-02,iOS,Asia-Pacific,Paid Search,v2.3,270.7,1,0,0.0
SES-100302,2024-10-02,Desktop,Europe,Organic Search,v2.3,283.4,1,0,0.0
SES-100303,2024-10-02,Desktop,Latin America,Paid Search,v2.3,292.6,1,0,0.0
SES-100304,2024-10-02,Android,Europe,Direct,v2.3,348.8,5,0,0.0
SES-100305,2024-10-02,Android,Asia-Pacific,Organic Search,v2.3,396.0,3,0,0.0
SES-100306,2024-10-02,Android,Latin America,Paid Search,v2.3,383.0,1,0,0.0
SES-100307,2024-10-02,iOS,Europe,Social Media,v2.3,291.8,1,0,0.0
SES-100308,2024-10-02,Desktop,Latin America,Social Media,v2.3,256.0,2,0,0.0
SES-100309,2024-10-02,Desktop,Europe,Organic Search,v2.3,430.4,2,0,0.0
SES-100310,2024-10-02,iOS,Latin America,Social Media,v2.3,299.3,2,0,0.0
SES-100311,2024-10-02,Android,Europe,Direct,v2.3,359.7,1,0,0.0
SES-100312,2024-10-02,Desktop,Latin America,Organic Search,v2.3,386.5,1,0,0.0
SES-100313,2024-10-02,Desktop,Europe,Organic Search,v2.3,401.7,2,0,0.0
SES-100314,2024-10-02,Android,Asia-Pacific,Organic Search,v2.3,302.4,1,1,45.68
SES-100315,2024-10-02,Android,North America,Direct,v2.3,297.3,4,0,0.0
SES-100316,2024-10-02,iOS,North America,Organic Search,v2.3,328.0,1,0,0.0
SES-100317,2024-10-02,Desktop,Europe,Organic Search,v2.3,310.0,5,0,0.0
SES-100318,2024-10-02,iOS,Asia-Pacific,Direct,v2.3,344.8,2,0,0.0
SES-100319,2024-10-02,Android,Europe,Paid Search,v2.3,375.5,1,0,0.0
SES-100320,2024-10-02,iOS,North America,Direct,v2.3,373.9,4,0,0.0
SES-100321,2024-10-02,iOS,Europe,Direct,v2.3,318.5,2,0,0.0
SES-100322,2024-10-02,Android,Latin America,Organic Search,v2.3,288.7,1,0,0.0
SES-100323,2024-10-02,Desktop,Europe,Social Media,v2.3,289.0,2,0,0.0
SES-100324,2024-10-02,iOS,Europe,Organic Search,v2.3,326.0,1,0,0.0
SES-100325,2024-10-02,Android,Europe,Paid Search,v2.3,358.9,2,1,69.73
SES-100326,2024-10-02,iOS,North America,Paid Search,v2.3,379.9,2,0,0.0
SES-100327,2024-10-02,iOS,Europe,Organic Search,v2.3,304.7,1,0,0.0
SES-100328,2024-10-02,Android,North America,Social Media,v2.3,384.7,3,0,0.0
SES-100329,2024-10-02,Android,Asia-Pacific,Paid Search,v2.3,323.1,3,0,0.0
SES-100330,2024-10-02,iOS,Asia-Pacific,Organic Search,v2.3,351.0,1,0,0.0
SES-100331,2024-10-02,iOS,North America,Social Media,v2.3,282.6,2,0,0.0
SES-100332,2024-10-02,iOS,Europe,Paid Search,v2.3,280.3,2,0,0.0
SES-100333,2024-10-02,iOS,North America,Direct,v2.3,344.7,1,0,0.0
SES-100334,2024-10-02,Desktop,Europe,Paid Search,v2.3,330.2,2,0,0.0
SES-100335,2024-10-02,Desktop,Asia-Pacific,Direct,v2.3,270.9,3,0,0.0
SES-100336,2024-10-02,iOS,Europe,Organic Search,v2.3,338.7,2,0,0.0
SES-100337,2024-10-02,Android,North America,Organic Search,v2.3,328.9,2,0,0.0
SES-100338,2024-10-02,Desktop,North America,Paid Search,v2.3,400.1,1,0,0.0
SES-100339,2024-10-02,iOS,Asia-Pacific,Organic Search,v2.3,345.0,1,0,0.0
SES-100340,2024-10-02,Desktop,Europe,Direct,v2.3,292.6,1,0,0.0
SES-100341,2024-10-02,Desktop,North America,Paid Search,v2.3,338.3,1,0,0.0
SES-100342,2024-10-02,iOS,Europe,Organic Search,v2.3,331.0,2,0,0.0
SES-100343,2024-10-02,iOS,Asia-Pacific,Organic Search,v2.3,366.7,1,0,0.0
SES-100344,2024-10-02,Desktop,Latin America,Direct,v2.3,323.8,1,0,0.0
SES-100345,2024-10-02,Android,North America,Direct,v2.3,311.5,3,0,0.0
SES-100346,2024-10-02,iOS,North America,Paid Search,v2.3,313.0,1,0,0.0
SES-100347,2024-10-02,iOS,Latin America,Paid Search,v2.3,305.4,1,0,0.0
SES-100348,2024-10-02,Android,North America,Organic Search,v2.3,337.7,1,0,0.0
SES-100349,2024-10-02,Android,North America,Paid Search,v2.3,311.9,2,0,0.0
SES-100350,2024-10-02,Android,North America,Organic Search,v2.3,296.7,3,0,0.0
SES-100351,2024-10-02,Desktop,North America,Paid Search,v2.3,343.3,1,0,0.0
SES-100352,2024-10-02,iOS,Europe,Paid Search,v2.3,322.8,2,0,0.0
SES-100353,2024-10-02,Android,Asia-Pacific,Social Media,v2.3,306.0,1,0,0.0
SES-100354,2024-10-02,Android,North America,Paid Search,v2.3,368.1,1,0,0.0
SES-100355,2024-10-02,Android,Europe,Direct,v2.3,363.3,2,0,0.0
SES-100356,2024-10-02,iOS,Asia-Pacific,Paid Search,v2.3,360.7,1,0,0.0
SES-100357,2024-10-02,Desktop,North America,Social Media,v2.3,347.1,5,0,0.0
SES-100358,2024-10-02,Desktop,Europe,Paid Search,v2.3,367.3,2,0,0.0
SES-100359,2024-10-02,Android,North America,Organic Search,v2.3,282.7,5,0,0.0
SES-100360,2024-10-02,Android,Asia-Pacific,Social Media,v2.3,271.8,2,0,0.0
SES-100361,2024-10-02,iOS,Asia-Pacific,Organic Search,v2.3,313.6,1,0,0.0
SES-100362,2024-10-02,Android,Latin America,Organic Search,v2.3,356.1,1,0,0.0
SES-100363,2024-10-02,Android,Asia-Pacific,Organic Search,v2.3,349.0,1,0,0.0
SES-100364,2024-10-02,Android,Europe,Direct,v2.3,282.4,1,0,0.0
SES-100365,2024-10-02,Desktop,North America,Organic Search,v2.3,247.5,1,1,97.19
SES-100366,2024-10-02,Android,Asia-Pacific,Social Media,v2.3,319.9,1,0,0.0
SES-100367,2024-10-02,iOS,North America,Paid Search,v2.3,340.3,1,1,47.45
SES-100368,2024-10-02,Desktop,North America,Organic Search,v2.3,304.3,1,0,0.0
SES-100369,2024-10-02,iOS,North America,Paid Search,v2.3,310.3,5,0,0.0
SES-100370,2024-10-02,iOS,North America,Organic Search,v2.3,306.1,4,0,0.0
SES-100371,2024-10-02,iOS,Latin America,Paid Search,v2.3,279.0,2,0,0.0
SES-100372,2024-10-02,Android,North America,Direct,v2.3,331.3,2,0,0.0
SES-100373,2024-10-02,Desktop,North America,Paid Search,v2.3,298.0,1,0,0.0
SES-100374,2024-10-02,Android,Latin America,Organic Search,v2.3,373.6,1,0,0.0
SES-100375,2024-10-02,Desktop,North America,Direct,v2.3,399.3,2,0,0.0
SES-100376,2024-10-02,Android,Europe,Direct,v2.3,292.2,3,0,0.0
SES-100377,2024-10-02,iOS,North America,Direct,v2.3,292.1,3,0,0.0
SES-100378,2024-10-02,Desktop,Asia-Pacific,Direct,v2.3,343.3,1,0,0.0
SES-100379,2024-10-02,iOS,Asia-Pacific,Organic Search,v2.3,308.4,1,0,0.0
SES-100380,2024-10-02,iOS,Asia-Pacific,Social Media,v2.3,316.4,1,0,0.0
SES-100381,2024-10-02,Android,Asia-Pacific,Organic Search,v2.3,328.7,1,0,0.0
SES-100382,2024-10-02,iOS,Europe,Organic Search,v2.3,280.1,1,0,0.0
SES-100383,2024-10-02,iOS,Asia-Pacific,Direct,v2.3,241.0,3,0,0.0
SES-100384,2024-10-02,Android,Asia-Pacific,Social Media,v2.3,342.6,3,0,0.0
SES-100385,2024-10-02,Android,Europe,Direct,v2.3,344.1,1,0,0.0
SES-100386,2024-10-02,Android,Europe,Organic Search,v2.3,367.0,2,0,0.0
SES-100387,2024-10-02,Desktop,Latin America,Organic Search,v2.3,326.6,3,0,0.0
SES-100388,2024-10-02,Android,Asia-Pacific,Paid Search,v2.3,292.2,1,0,0.0
SES-100389,2024-10-02,Desktop,Asia-Pacific,Social Media,v2.3,297.6,1,0,0.0
SES-100390,2024-10-02,iOS,Asia-Pacific,Organic Search,v2.3,334.4,2,0,0.0
SES-100391,2024-10-02,Android,North America,Direct,v2.3,315.6,4,0,0.0
SES-100392,2024-10-02,Desktop,North America,Organic Search,v2.3,361.1,1,0,0.0
SES-100393,2024-10-02,Android,North America,Direct,v2.3,321.2,2,0,0.0
SES-100394,2024-10-02,Android,Europe,Social Media,v2.3,416.3,1,0,0.0
SES-100395,2024-10-02,iOS,Asia-Pacific,Paid Search,v2.3,320.6,2,0,0.0
SES-100396,2024-10-02,iOS,North America,Paid Search,v2.3,342.4,2,0,0.0
SES-100397,2024-10-02,Android,North America,Direct,v2.3,267.9,2,0,0.0
SES-100398,2024-10-02,iOS,North America,Paid Search,v2.3,329.2,2,0,0.0
SES-100399,2024-10-02,Desktop,North America,Direct,v2.3,374.4,1,0,0.0
SES-100400,2024-10-02,iOS,Europe,Paid Search,v2.3,290.7,1,0,0.0
SES-100401,2024-10-02,Desktop,Europe,Organic Search,v2.3,299.7,4,0,0.0
SES-100402,2024-10-02,Desktop,Europe,Direct,v2.3,233.6,1,0,0.0
SES-100403,2024-10-02,iOS,Europe,Organic Search,v2.3,349.5,1,0,0.0
SES-100404,2024-10-02,iOS,Latin America,Social Media,v2.3,388.0,1,0,0.0
SES-100405,2024-10-02,Desktop,Europe,Organic Search,v2.3,331.9,3,0,0.0
SES-100406,2024-10-02,Desktop,Europe,Direct,v2.3,411.6,3,0,0.0
SES-100407,2024-10-02,Android,North America,Organic Search,v2.3,357.0,4,0,0.0
SES-100408,2024-10-02,iOS,North America,Organic Search,v2.3,343.4,2,0,0.0
SES-100409,2024-10-02,Android,Europe,Organic Search,v2.3,289.2,1,0,0.0
SES-100410,2024-10-02,Android,Asia-Pacific,Direct,v2.3,252.4,1,0,0.0
SES-100411,2024-10-02,iOS,Asia-Pacific,Paid Search,v2.3,324.8,3,0,0.0
SES-100412,2024-10-02,Android,Europe,Social Media,v2.3,307.3,1,0,0.0
SES-100413,2024-10-02,iOS,Europe,Organic Search,v2.3,332.2,3,0,0.0
SES-100414,2024-10-02,iOS,Latin America,Direct,v2.3,398.0,2,0,0.0
SES-100415,2024-10-02,iOS,Asia-Pacific,Direct,v2.3,330.5,5,0,0.0
SES-100416,2024-10-02,iOS,North America,Organic Search,v2.3,339.6,1,0,0.0
SES-100417,2024-10-02,iOS,Europe,Paid Search,v2.3,350.0,1,0,0.0
SES-100418,2024-10-02,Android,North America,Paid Search,v2.3,361.1,1,1,110.49
SES-100419,2024-10-02,iOS,North America,Paid Search,v2.3,384.9,2,0,0.0
SES-100420,2024-10-02,iOS,Europe,Organic Search,v2.3,329.6,1,0,0.0
SES-100421,2024-10-02,iOS,North America,Direct,v2.3,287.7,2,0,0.0
SES-100422,2024-10-02,Desktop,North America,Organic Search,v2.3,364.8,4,0,0.0
SES-100423,2024-10-02,Android,Europe,Direct,v2.3,317.9,1,0,0.0
SES-100424,2024-10-02,Android,Asia-Pacific,Social Media,v2.3,367.0,2,0,0.0
SES-100425,2024-10-02,Android,Asia-Pacific,Paid Search,v2.3,292.7,2,0,0.0
SES-100426,2024-10-02,Desktop,Europe,Paid Search,v2.3,364.0,3,0,0.0
SES-100427,2024-10-02,iOS,Asia-Pacific,Organic Search,v2.3,288.4,4,0,0.0
SES-100428,2024-10-02,Android,Europe,Social Media,v2.3,480.0,4,0,0.0
SES-100429,2024-10-02,Android,Asia-Pacific,Organic Search,v2.3,360.4,1,0,0.0
SES-100430,2024-10-02,Android,Europe,Paid Search,v2.3,306.9,2,0,0.0
SES-100431,2024-10-02,iOS,Europe,Social Media,v2.3,384.1,3,0,0.0
SES-100432,2024-10-02,Android,North America,Paid Search,v2.3,373.4,3,0,0.0
SES-100433,2024-10-02,iOS,North America,Direct,v2.3,248.7,1,0,0.0
SES-100434,2024-10-02,Android,Latin America,Paid Search,v2.3,342.4,3,0,0.0
SES-100435,2024-10-02,Android,North America,Organic Search,v2.3,302.4,2,0,0.0
SES-100436,2024-10-02,iOS,Europe,Direct,v2.3,317.3,2,0,0.0
SES-100437,2024-10-02,Desktop,North America,Organic Search,v2.3,229.5,1,0,0.0
SES-100438,2024-10-02,iOS,North America,Direct,v2.3,323.4,1,0,0.0
SES-100439,2024-10-02,Desktop,Europe,Organic Search,v2.3,345.4,2,0,0.0
SES-100440,2024-10-02,Android,North America,Social Media,v2.3,334.0,3,0,0.0
SES-100441,2024-10-02,iOS,Asia-Pacific,Organic Search,v2.3,334.5,3,0,0.0
SES-100442,2024-10-02,iOS,Asia-Pacific,Paid Search,v2.3,286.8,3,0,0.0
SES-100443,2024-10-02,Desktop,Latin America,Paid Search,v2.3,271.1,1,0,0.0
SES-100444,2024-10-02,iOS,Europe,Paid Search,v2.3,359.6,1,0,0.0
SES-100445,2024-10-02,iOS,Asia-Pacific,Organic Search,v2.3,326.8,3,1,59.89
SES-100446,2024-10-02,iOS,North America,Paid Search,v2.3,335.6,1,0,0.0
SES-100447,2024-10-02,Android,North America,Organic Search,v2.3,351.4,3,0,0.0
SES-100448,2024-10-02,Android,North America,Paid Search,v2.3,300.8,2,0,0.0
SES-100449,2024-10-03,iOS,Latin America,Paid Search,v2.3,270.5,1,0,0.0
SES-100450,2024-10-03,iOS,Asia-Pacific,Paid Search,v2.3,311.4,1,0,0.0
SES-100451,2024-10-03,iOS,Latin America,Organic Search,v2.3,313.3,4,0,0.0
SES-100452,2024-10-03,iOS,Asia-Pacific,Social Media,v2.3,270.0,4,0,0.0
SES-100453,2024-10-03,Android,Latin America,Paid Search,v2.3,304.5,4,0,0.0
SES-100454,2024-10-03,Android,Asia-Pacific,Organic Search,v2.3,295.2,3,0,0.0
SES-100455,2024-10-03,iOS,North America,Paid Search,v2.3,322.4,2,0,0.0
SES-100456,2024-10-03,iOS,Europe,Social Media,v2.3,359.4,2,0,0.0
SES-100457,2024-10-03,iOS,North America,Organic Search,v2.3,345.8,1,0,0.0
SES-100458,2024-10-03,Desktop,Europe,Direct,v2.3,248.4,1,0,0.0
SES-100459,2024-10-03,Desktop,North America,Paid Search,v2.3,340.3,1,0,0.0
SES-100460,2024-10-03,Desktop,North America,Organic Search,v2.3,304.3,1,0,0.0
SES-100461,2024-10-03,iOS,North America,Direct,v2.3,366.5,1,0,0.0
SES-100462,2024-10-03,iOS,Latin America,Paid Search,v2.3,334.6,1,0,0.0
SES-100463,2024-10-03,iOS,Latin America,Organic Search,v2.3,275.2,4,0,0.0
SES-100464,2024-10-03,iOS,Europe,Direct,v2.3,299.4,2,0,0.0
SES-100465,2024-10-03,Android,North America,Paid Search,v2.3,327.0,1,0,0.0
SES-100466,2024-10-03,Desktop,North America,Social Media,v2.3,282.0,2,0,0.0
SES-100467,2024-10-03,Desktop,North America,Paid Search,v2.3,326.8,2,0,0.0
SES-100468,2024-10-03,Desktop,Asia-Pacific,Direct,v2.3,385.1,1,0,0.0
SES-100469,2024-10-03,iOS,North America,Direct,v2.3,377.2,1,0,0.0
SES-100470,2024-10-03,Android,North America,Organic Search,v2.3,367.4,4,0,0.0
SES-100471,2024-10-03,iOS,Asia-Pacific,Direct,v2.3,415.9,5,0,0.0
SES-100472,2024-10-03,iOS,Asia-Pacific,Paid Search,v2.3,304.7,3,0,0.0
SES-100473,2024-10-03,Android,Europe,Organic Search,v2.3,328.2,3,0,0.0
SES-100474,2024-10-03,iOS,Asia-Pacific,Paid Search,v2.3,280.1,4,0,0.0
SES-100475,2024-10-03,Android,North America,Organic Search,v2.3,247.1,4,0,0.0
SES-100476,2024-10-03,iOS,Europe,Direct,v2.3,290.9,1,0,0.0
SES-100477,2024-10-03,Android,Europe,Paid Search,v2.3,366.2,2,1,76.77
SES-100478,2024-10-03,Desktop,North America,Social Media,v2.3,371.8,3,0,0.0
SES-100479,2024-10-03,iOS,North America,Organic Search,v2.3,323.1,3,0,0.0
SES-100480,2024-10-03,Desktop,Europe,Paid Search,v2.3,369.6,3,0,0.0
SES-100481,2024-10-03,iOS,North America,Organic Search,v2.3,306.3,1,0,0.0
SES-100482,2024-10-03,Android,Asia-Pacific,Paid Search,v2.3,296.5,4,0,0.0
SES-100483,2024-10-03,Android,Europe,Direct,v2.3,255.8,1,0,0.0
SES-100484,2024-10-03,Android,Europe,Direct,v2.3,343.8,3,0,0.0
SES-100485,2024-10-03,Desktop,Asia-Pacific,Direct,v2.3,301.1,2,0,0.0
SES-100486,2024-10-03,iOS,Europe,Social Media,v2.3,330.0,3,0,0.0
SES-100487,2024-10-03,Android,Latin America,Organic Search,v2.3,319.0,5,1,36.98
SES-100488,2024-10-03,Android,North America,Organic Search,v2.3,299.8,3,0,0.0
SES-100489,2024-10-03,Desktop,Europe,Direct,v2.3,276.4,3,0,0.0
SES-100490,2024-10-03,iOS,Europe,Paid Search,v2.3,327.4,1,0,0.0
SES-100491,2024-10-03,Desktop,Europe,Organic Search,v2.3,338.5,2,0,0.0
SES-100492,2024-10-03,Android,Europe,Paid Search,v2.3,348.1,4,0,0.0
SES-100493,2024-10-03,iOS,Europe,Paid Search,v2.3,407.3,2,0,0.0
SES-100494,2024-10-03,Android,North America,Paid Search,v2.3,359.7,1,0,0.0
SES-100495,2024-10-03,iOS,Europe,Direct,v2.3,345.5,1,0,0.0
SES-100496,2024-10-03,Android,North America,Paid Search,v2.3,260.5,3,0,0.0
SES-100497,2024-10-03,Desktop,North America,Organic Search,v2.3,364.4,1,0,0.0
SES-100498,2024-10-03,Android,Europe,Organic Search,v2.3,363.3,4,0,0.0
SES-100499,2024-10-03,Android,Europe,Social Media,v2.3,321.9,5,0,0.0
SES-100500,2024-10-03,Android,Europe,Social Media,v2.3,309.3,3,0,0.0
SES-100501,2024-10-03,iOS,Europe,Direct,v2.3,352.1,1,0,0.0
SES-100502,2024-10-03,iOS,Asia-Pacific,Paid Search,v2.3,369.9,1,0,0.0
SES-100503,2024-10-03,Android,Europe,Social Media,v2.3,315.3,1,0,0.0
SES-100504,2024-10-03,iOS,Asia-Pacific,Direct,v2.3,290.5,2,0,0.0
SES-100505,2024-10-03,iOS,North America,Direct,v2.3,348.3,2,0,0.0
SES-100506,2024-10-03,Android,North America,Direct,v2.3,230.7,3,0,0.0
SES-100507,2024-10-03,iOS,North America,Paid Search,v2.3,343.7,2,0,0.0
SES-100508,2024-10-03,iOS,Asia-Pacific,Paid Search,v2.3,351.8,1,0,0.0
SES-100509,2024-10-03,Android,Europe,Organic Search,v2.3,331.2,5,0,0.0
SES-100510,2024-10-03,iOS,Europe,Organic Search,v2.3,342.2,2,0,0.0
SES-100511,2024-10-03,Desktop,North America,Direct,v2.3,318.7,2,0,0.0
SES-100512,2024-10-03,Desktop,Europe,Social Media,v2.3,304.5,1,1,57.49
SES-100513,2024-10-03,Android,North America,Direct,v2.3,239.5,1,0,0.0
SES-100514,2024-10-03,iOS,North America,Paid Search,v2.3,340.2,1,0,0.0
SES-100515,2024-10-03,Desktop,North America,Organic Search,v2.3,391.2,1,0,0.0
SES-100516,2024-10-03,Desktop,North America,Organic Search,v2.3,336.9,3,1,86.05
SES-100517,2024-10-03,Desktop,North America,Paid Search,v2.3,314.2,1,0,0.0
SES-100518,2024-10-03,iOS,Asia-Pacific,Paid Search,v2.3,333.9,3,0,0.0
SES-100519,2024-10-03,Android,Asia-Pacific,Paid Search,v2.3,322.8,2,0,0.0
SES-100520,2024-10-03,Desktop,North America,Organic Search,v2.3,300.2,2,1,25.56
SES-100521,2024-10-03,Android,North America,Social Media,v2.3,324.4,4,0,0.0
SES-100522,2024-10-03,Android,Asia-Pacific,Paid Search,v2.3,339.1,2,0,0.0
SES-100523,2024-10-03,Android,North America,Direct,v2.3,395.4,1,0,0.0
SES-100524,2024-10-03,Android,North America,Paid Search,v2.3,284.4,3,0,0.0
SES-100525,2024-10-03,iOS,Asia-Pacific,Organic Search,v2.3,335.9,2,0,0.0
SES-100526,2024-10-03,Android,North America,Direct,v2.3,288.0,1,0,0.0
SES-100527,2024-10-03,iOS,Europe,Direct,v2.3,395.1,4,0,0.0
SES-100528,2024-10-03,Android,Asia-Pacific,Paid Search,v2.3,301.9,1,1,48.04
SES-100529,2024-10-03,iOS,Europe,Paid Search,v2.3,324.0,1,0,0.0
SES-100530,2024-10-03,Android,Asia-Pacific,Organic Search,v2.3,302.6,5,0,0.0
SES-100531,2024-10-03,iOS,Asia-Pacific,Direct,v2.3,294.2,1,0,0.0
SES-100532,2024-10-03,Android,Latin America,Social Media,v2.3,372.0,2,0,0.0
SES-100533,2024-10-03,Desktop,Europe,Organic Search,v2.3,374.6,1,0,0.0
SES-100534,2024-10-03,iOS,North America,Organic Search,v2.3,355.3,1,0,0.0
SES-100535,2024-10-03,iOS,North America,Social Media,v2.3,243.6,1,0,0.0
SES-100536,2024-10-03,iOS,Europe,Organic Search,v2.3,255.1,2,0,0.0
SES-100537,2024-10-03,Desktop,Europe,Direct,v2.3,364.4,1,0,0.0
SES-100538,2024-10-03,Android,North America,Paid Search,v2.3,287.0,1,0,0.0
SES-100539,2024-10-03,Android,North America,Paid Search,v2.3,292.7,2,1,68.28
SES-100540,2024-10-03,iOS,Europe,Paid Search,v2.3,340.8,3,0,0.0
SES-100541,2024-10-03,Android,North America,Organic Search,v2.3,332.8,1,0,0.0
SES-100542,2024-10-03,Desktop,Asia-Pacific,Organic Search,v2.3,372.3,4,0,0.0
SES-100543,2024-10-03,Desktop,Asia-Pacific,Direct,v2.3,392.4,5,0,0.0
SES-100544,2024-10-03,Android,Latin America,Direct,v2.3,273.8,1,0,0.0
SES-100545,2024-10-03,iOS,North America,Direct,v2.3,321.1,2,0,0.0
SES-100546,2024-10-03,iOS,Latin America,Paid Search,v2.3,278.5,1,0,0.0
SES-100547,2024-10-03,iOS,Asia-Pacific,Organic Search,v2.3,316.7,3,0,0.0
SES-100548,2024-10-03,iOS,Europe,Organic Search,v2.3,431.8,2,0,0.0
SES-100549,2024-10-03,iOS,Europe,Direct,v2.3,373.7,1,0,0.0
SES-100550,2024-10-03,iOS,North America,Paid Search,v2.3,378.8,1,0,0.0
SES-100551,2024-10-03,iOS,North America,Organic Search,v2.3,365.4,1,0,0.0
SES-100552,2024-10-03,Desktop,North America,Organic Search,v2.3,375.8,1,0,0.0
SES-100553,2024-10-03,Android,North America,Organic Search,v2.3,358.1,1,0,0.0
SES-100554,2024-10-03,Desktop,Asia-Pacific,Organic Search,v2.3,254.2,1,0,0.0
SES-100555,2024-10-03,Android,North America,Direct,v2.3,331.0,2,0,0.0
SES-100556,2024-10-03,iOS,Europe,Social Media,v2.3,269.7,3,0,0.0
SES-100557,2024-10-03,Android,Asia-Pacific,Social Media,v2.3,284.7,1,0,0.0
SES-100558,2024-10-03,iOS,Europe,Social Media,v2.3,295.4,4,0,0.0
SES-100559,2024-10-03,Android,Latin America,Social Media,v2.3,400.5,1,0,0.0
SES-100560,2024-10-03,iOS,Europe,Paid Search,v2.3,336.1,1,0,0.0
SES-100561,2024-10-03,Desktop,Latin America,Organic Search,v2.3,301.6,1,0,0.0
SES-100562,2024-10-03,iOS,Europe,Direct,v2.3,238.6,4,0,0.0
SES-100563,2024-10-03,iOS,Europe,Organic Search,v2.3,313.7,2,1,41.46
SES-100564,2024-10-03,Desktop,Europe,Organic Search,v2.3,349.7,3,0,0.0
SES-100565,2024-10-03,iOS,Asia-Pacific,Organic Search,v2.3,345.0,2,0,0.0
SES-100566,2024-10-03,Android,Asia-Pacific,Paid Search,v2.3,349.1,4,1,197.61
SES-100567,2024-10-03,Android,North America,Organic Search,v2.3,360.3,4,0,0.0
SES-100568,2024-10-03,Desktop,Latin America,Organic Search,v2.3,355.7,1,0,0.0
SES-100569,2024-10-03,Desktop,North America,Paid Search,v2.3,329.6,2,0,0.0
SES-100570,2024-10-03,Desktop,North America,Social Media,v2.3,314.2,2,0,0.0
SES-100571,2024-10-03,iOS,Asia-Pacific,Paid Search,v2.3,285.7,5,0,0.0
SES-100572,2024-10-03,Desktop,Europe,Social Media,v2.3,385.6,2,0,0.0
SES-100573,2024-10-03,Android,North America,Organic Search,v2.3,309.6,2,0,0.0
SES-100574,2024-10-03,Android,Latin America,Organic Search,v2.3,357.1,1,0,0.0
SES-100575,2024-10-03,iOS,Latin America,Paid Search,v2.3,333.6,1,0,0.0
SES-100576,2024-10-03,Android,Latin America,Paid Search,v2.3,305.0,2,0,0.0
SES-100577,2024-10-03,Desktop,Latin America,Direct,v2.3,261.6,4,0,0.0
SES-100578,2024-10-03,Desktop,Europe,Direct,v2.3,311.1,3,0,0.0
SES-100579,2024-10-03,Android,Asia-Pacific,Direct,v2.3,354.1,1,0,0.0
SES-100580,2024-10-03,iOS,North America,Social Media,v2.3,239.6,2,0,0.0
SES-100581,2024-10-03,iOS,Latin America,Paid Search,v2.3,274.6,3,0,0.0
SES-100582,2024-10-03,Desktop,North America,Organic Search,v2.3,294.1,1,0,0.0
SES-100583,2024-10-03,Android,North America,Paid Search,v2.3,377.6,3,0,0.0
SES-100584,2024-10-03,Android,North America,Organic Search,v2.3,299.7,4,0,0.0
SES-100585,2024-10-03,iOS,Europe,Organic Search,v2.3,421.7,3,0,0.0
SES-100586,2024-10-03,Android,Europe,Organic Search,v2.3,297.2,2,0,0.0
SES-100587,2024-10-03,Android,Asia-Pacific,Paid Search,v2.3,323.6,1,0,0.0
SES-100588,2024-10-03,Desktop,Asia-Pacific,Organic Search,v2.3,297.0,3,0,0.0
SES-100589,2024-10-03,Android,Europe,Organic Search,v2.3,389.6,1,0,0.0
SES-100590,2024-10-03,iOS,Asia-Pacific,Direct,v2.3,439.9,5,0,0.0
SES-100591,2024-10-03,Android,North America,Paid Search,v2.3,404.3,2,0,0.0
SES-100592,2024-10-03,iOS,North America,Direct,v2.3,325.3,1,0,0.0
SES-100593,2024-10-03,Desktop,Europe,Direct,v2.3,331.0,2,0,0.0
SES-100594,2024-10-03,iOS,Asia-Pacific,Organic Search,v2.3,357.2,1,0,0.0
SES-100595,2024-10-03,Android,Asia-Pacific,Organic Search,v2.3,381.9,1,0,0.0
SES-100596,2024-10-03,iOS,North America,Organic Search,v2.3,306.2,1,0,0.0
SES-100597,2024-10-03,Android,North America,Direct,v2.3,306.2,1,0,0.0
SES-100598,2024-10-03,Android,Europe,Direct,v2.3,358.2,1,0,0.0
SES-100599,2024-10-03,Android,North America,Organic Search,v2.3,317.1,4,0,0.0
SES-100600,2024-10-03,iOS,Europe,Organic Search,v2.3,404.0,1,0,0.0
SES-100601,2024-10-03,iOS,Europe,Social Media,v2.3,249.6,2,0,0.0
SES-100602,2024-10-03,iOS,North America,Paid Search,v2.3,275.9,4,0,0.0
SES-100603,2024-10-03,Android,Latin America,Direct,v2.3,362.8,1,0,0.0
SES-100604,2024-10-03,iOS,North America,Organic Search,v2.3,355.2,1,0,0.0
SES-100605,2024-10-03,Android,Europe,Organic Search,v2.3,300.9,1,0,0.0
SES-100606,2024-10-03,Desktop,North America,Direct,v2.3,259.5,1,0,0.0
SES-100607,2024-10-03,Desktop,Asia-Pacific,Direct,v2.3,223.6,2,0,0.0
SES-100608,2024-10-03,Android,Asia-Pacific,Direct,v2.3,229.3,2,0,0.0
SES-100609,2024-10-03,Android,Asia-Pacific,Paid Search,v2.3,334.2,4,0,0.0
SES-100610,2024-10-03,iOS,North America,Paid Search,v2.3,458.2,3,0,0.0
SES-100611,2024-10-03,Android,Asia-Pacific,Direct,v2.3,222.0,1,0,0.0
SES-100612,2024-10-03,Desktop,Europe,Organic Search,v2.3,332.5,2,0,0.0
SES-100613,2024-10-03,iOS,Europe,Paid Search,v2.3,366.7,1,0,0.0
SES-100614,2024-10-03,Android,North America,Social Media,v2.3,337.6,1,0,0.0
SES-100615,2024-10-03,Desktop,North America,Organic Search,v2.3,290.5,2,0,0.0
SES-100616,2024-10-03,Desktop,Latin America,Paid Search,v2.3,273.7,4,0,0.0
SES-100617,2024-10-03,iOS,Asia-Pacific,Direct,v2.3,341.6,3,0,0.0
SES-100618,2024-10-03,Android,Europe,Social Media,v2.3,306.4,3,0,0.0
SES-100619,2024-10-03,iOS,Europe,Paid Search,v2.3,349.7,1,0,0.0
SES-100620,2024-10-03,iOS,North America,Paid Search,v2.3,314.0,5,0,0.0
SES-100621,2024-10-03,Desktop,Europe,Direct,v2.3,323.8,1,0,0.0
SES-100622,2024-10-03,Desktop,North America,Direct,v2.3,237.8,1,0,0.0
SES-100623,2024-10-03,Desktop,Latin America,Direct,v2.3,265.1,1,0,0.0
SES-100624,2024-10-03,iOS,Latin America,Paid Search,v2.3,349.9,1,0,0.0
SES-100625,2024-10-03,Desktop,North America,Organic Search,v2.3,330.0,3,0,0.0
SES-100626,2024-10-03,Android,Asia-Pacific,Paid Search,v2.3,317.3,2,0,0.0
SES-100627,2024-10-03,iOS,North America,Social Media,v2.3,328.6,2,0,0.0
SES-100628,2024-10-03,Android,Europe,Social Media,v2.3,383.7,1,0,0.0
SES-100629,2024-10-03,iOS,North America,Organic Search,v2.3,358.3,1,0,0.0
SES-100630,2024-10-03,Desktop,North America,Paid Search,v2.3,344.2,2,0,0.0
SES-100631,2024-10-03,Android,Asia-Pacific,Paid Search,v2.3,394.5,1,0,0.0
SES-100632,2024-10-03,iOS,Europe,Social Media,v2.3,459.4,4,0,0.0
SES-100633,2024-10-03,iOS,North America,Direct,v2.3,249.4,1,0,0.0
SES-100634,2024-10-03,iOS,North America,Paid Search,v2.3,325.6,2,0,0.0
SES-100635,2024-10-03,iOS,Latin America,Organic Search,v2.3,265.9,1,0,0.0
SES-100636,2024-10-03,Android,North America,Paid Search,v2.3,347.8,1,0,0.0
SES-100637,2024-10-03,Desktop,Asia-Pacific,Organic Search,v2.3,375.0,1,0,0.0
SES-100638,2024-10-03,iOS,Asia-Pacific,Direct,v2.3,318.3,3,0,0.0
SES-100639,2024-10-03,iOS,Europe,Direct,v2.3,354.6,1,0,0.0
SES-100640,2024-10-03,Android,North America,Paid Search,v2.3,256.0,2,0,0.0
SES-100641,2024-10-03,Desktop,Asia-Pacific,Paid Search,v2.3,231.3,1,0,0.0
SES-100642,2024-10-03,iOS,North America,Social Media,v2.3,285.8,2,0,0.0
SES-100643,2024-10-03,iOS,Latin America,Organic Search,v2.3,281.0,1,0,0.0
SES-100644,2024-10-03,Android,Europe,Organic Search,v2.3,254.5,1,0,0.0
SES-100645,2024-10-03,iOS,Europe,Social Media,v2.3,359.2,3,0,0.0
SES-100646,2024-10-03,iOS,Asia-Pacific,Direct,v2.3,296.6,1,0,0.0
SES-100647,2024-10-03,Android,Asia-Pacific,Direct,v2.3,328.5,2,0,0.0
SES-100648,2024-10-03,Android,Latin America,Organic Search,v2.3,231.1,3,0,0.0
SES-100649,2024-10-03,Android,North America,Organic Search,v2.3,311.0,4,0,0.0
SES-100650,2024-10-03,Android,Latin America,Organic Search,v2.3,358.2,2,0,0.0
SES-100651,2024-10-03,Android,Asia-Pacific,Organic Search,v2.3,281.0,3,0,0.0
SES-100652,2024-10-03,iOS,Asia-Pacific,Direct,v2.3,304.2,1,0,0.0
SES-100653,2024-10-03,iOS,North America,Organic Search,v2.3,362.6,1,0,0.0
SES-100654,2024-10-03,iOS,North America,Direct,v2.3,337.2,4,0,0.0
SES-100655,2024-10-04,iOS,Latin America,Organic Search,v2.3,275.4,1,0,0.0
SES-100656,2024-10-04,Android,North America,Paid Search,v2.3,293.9,3,0,0.0
SES-100657,2024-10-04,Desktop,North America,Social Media,v2.3,357.0,1,0,0.0
SES-100658,2024-10-04,Desktop,North America,Organic Search,v2.3,375.8,1,0,0.0
SES-100659,2024-10-04,Android,North America,Paid Search,v2.3,334.4,1,0,0.0
SES-100660,2024-10-04,iOS,North America,Organic Search,v2.3,389.2,1,0,0.0
SES-100661,2024-10-04,iOS,Europe,Organic Search,v2.3,361.0,1,0,0.0
SES-100662,2024-10-04,Desktop,Asia-Pacific,Paid Search,v2.3,331.9,2,0,0.0
SES-100663,2024-10-04,Android,North America,Paid Search,v2.3,302.2,1,0,0.0
SES-100664,2024-10-04,Android,North America,Direct,v2.3,340.5,3,0,0.0
SES-100665,2024-10-04,Desktop,Europe,Direct,v2.3,402.0,1,0,0.0
SES-100666,2024-10-04,Android,Europe,Paid Search,v2.3,323.2,4,0,0.0
SES-100667,2024-10-04,Desktop,Europe,Organic Search,v2.3,351.3,2,0,0.0
SES-100668,2024-10-04,iOS,Asia-Pacific,Paid Search,v2.3,281.4,1,0,0.0
SES-100669,2024-10-04,Android,Europe,Organic Search,v2.3,396.3,2,0,0.0
SES-100670,2024-10-04,Desktop,Latin America,Paid Search,v2.3,336.4,3,0,0.0
SES-100671,2024-10-04,iOS,Europe,Direct,v2.3,335.6,1,0,0.0
SES-100672,2024-10-04,Android,Europe,Organic Search,v2.3,271.2,1,0,0.0
SES-100673,2024-10-04,iOS,Europe,Direct,v2.3,319.8,3,0,0.0
SES-100674,2024-10-04,Desktop,Europe,Social Media,v2.3,340.7,3,0,0.0
SES-100675,2024-10-04,iOS,Asia-Pacific,Direct,v2.3,302.3,3,0,0.0
SES-100676,2024-10-04,Android,Asia-Pacific,Organic Search,v2.3,250.7,1,0,0.0
SES-100677,2024-10-04,iOS,North America,Paid Search,v2.3,266.2,2,0,0.0
SES-100678,2024-10-04,Android,Europe,Social Media,v2.3,408.6,2,0,0.0
SES-100679,2024-10-04,iOS,Europe,Organic Search,v2.3,273.3,1,0,0.0
SES-100680,2024-10-04,iOS,North America,Direct,v2.3,297.8,1,0,0.0
SES-100681,2024-10-04,Android,Latin America,Organic Search,v2.3,395.8,5,0,0.0
SES-100682,2024-10-04,Desktop,Europe,Organic Search,v2.3,343.4,2,0,0.0
SES-100683,2024-10-04,iOS,Asia-Pacific,Direct,v2.3,267.8,2,0,0.0
SES-100684,2024-10-04,iOS,North America,Direct,v2.3,302.0,3,0,0.0
SES-100685,2024-10-04,Desktop,Europe,Direct,v2.3,338.0,5,0,0.0
SES-100686,2024-10-04,Android,North America,Social Media,v2.3,257.8,2,0,0.0
SES-100687,2024-10-04,Desktop,Europe,Organic Search,v2.3,247.5,1,0,0.0
SES-100688,2024-10-04,iOS,Asia-Pacific,Organic Search,v2.3,311.6,3,0,0.0
SES-100689,2024-10-04,Android,Europe,Social Media,v2.3,269.9,4,0,0.0
SES-100690,2024-10-04,iOS,Asia-Pacific,Organic Search,v2.3,297.9,1,0,0.0
SES-100691,2024-10-04,iOS,Europe,Direct,v2.3,333.5,1,0,0.0
SES-100692,2024-10-04,Android,Latin America,Paid Search,v2.3,383.1,3,0,0.0
SES-100693,2024-10-04,Android,Europe,Organic Search,v2.3,339.3,2,0,0.0
SES-100694,2024-10-04,Desktop,Asia-Pacific,Organic Search,v2.3,283.5,2,0,0.0
SES-100695,2024-10-04,iOS,Asia-Pacific,Paid Search,v2.3,329.5,4,1,122.61
SES-100696,2024-10-04,Android,Latin America,Social Media,v2.3,318.6,1,0,0.0
SES-100697,2024-10-04,Android,North America,Direct,v2.3,343.5,2,0,0.0
SES-100698,2024-10-04,Desktop,Asia-Pacific,Paid Search,v2.3,304.2,1,0,0.0
SES-100699,2024-10-04,iOS,North America,Paid Search,v2.3,345.0,4,0,0.0
SES-100700,2024-10-04,iOS,Europe,Organic Search,v2.3,272.0,1,1,1.42
SES-100701,2024-10-04,iOS,North America,Organic Search,v2.3,385.1,1,0,0.0
SES-100702,2024-10-04,Android,Europe,Paid Search,v2.3,322.8,1,0,0.0
SES-100703,2024-10-04,iOS,Latin America,Organic Search,v2.3,330.9,1,0,0.0
SES-100704,2024-10-04,Desktop,Europe,Organic Search,v2.3,273.1,2,0,0.0
SES-100705,2024-10-04,iOS,North America,Paid Search,v2.3,283.4,2,0,0.0
SES-100706,2024-10-04,Desktop,North America,Paid Search,v2.3,328.5,1,0,0.0
SES-100707,2024-10-04,iOS,North America,Organic Search,v2.3,362.3,2,0,0.0
SES-100708,2024-10-04,Android,North America,Paid Search,v2.3,347.9,4,1,253.06
SES-100709,2024-10-04,Desktop,Europe,Paid Search,v2.3,326.0,2,0,0.0
SES-100710,2024-10-04,iOS,North America,Organic Search,v2.3,295.5,2,0,0.0
SES-100711,2024-10-04,Desktop,Europe,Social Media,v2.3,302.2,1,0,0.0
SES-100712,2024-10-04,Android,Latin America,Organic Search,v2.3,320.6,3,0,0.0
SES-100713,2024-10-04,Desktop,Asia-Pacific,Social Media,v2.3,331.6,1,0,0.0
SES-100714,2024-10-04,Android,Latin America,Organic Search,v2.3,362.8,4,0,0.0
SES-100715,2024-10-04,iOS,Europe,Social Media,v2.3,290.6,5,0,0.0
SES-100716,2024-10-04,iOS,Europe,Organic Search,v2.3,296.1,1,0,0.0
SES-100717,2024-10-04,iOS,Europe,Direct,v2.3,236.7,3,0,0.0
SES-100718,2024-10-04,iOS,Europe,Paid Search,v2.3,262.3,1,0,0.0
SES-100719,2024-10-04,iOS,Europe,Direct,v2.3,328.1,2,0,0.0
SES-100720,2024-10-04,iOS,North America,Paid Search,v2.3,343.2,3,0,0.0
SES-100721,2024-10-04,Android,Europe,Organic Search,v2.3,331.0,3,1,63.23
SES-100722,2024-10-04,Desktop,North America,Direct,v2.3,375.4,3,0,0.0
SES-100723,2024-10-04,iOS,Asia-Pacific,Organic Search,v2.3,259.8,2,0,0.0
SES-100724,2024-10-04,iOS,North America,Social Media,v2.3,294.5,1,0,0.0
SES-100725,2024-10-04,Android,North America,Organic Search,v2.3,362.9,1,0,0.0
SES-100726,2024-10-04,iOS,North America,Paid Search,v2.3,277.5,1,0,0.0
SES-100727,2024-10-04,iOS,North America,Direct,v2.3,392.5,2,0,0.0
SES-100728,2024-10-04,iOS,Europe,Paid Search,v2.3,325.6,4,0,0.0
SES-100729,2024-10-04,Desktop,North America,Organic Search,v2.3,331.6,1,0,0.0
SES-100730,2024-10-04,Desktop,North America,Direct,v2.3,337.1,3,0,0.0
SES-100731,2024-10-04,iOS,Asia-Pacific,Direct,v2.3,345.5,5,0,0.0
SES-100732,2024-10-04,Android,Asia-Pacific,Social Media,v2.3,314.3,1,0,0.0
SES-100733,2024-10-04,Android,North America,Paid Search,v2.3,334.7,4,0,0.0
SES-100734,2024-10-04,Android,North America,Paid Search,v2.3,378.9,3,0,0.0
SES-100735,2024-10-04,Android,Europe,Paid Search,v2.3,252.0,1,0,0.0
SES-100736,2024-10-04,Android,Asia-Pacific,Organic Search,v2.3,226.4,3,0,0.0
SES-100737,2024-10-04,iOS,North America,Direct,v2.3,284.2,4,0,0.0
SES-100738,2024-10-04,iOS,Europe,Organic Search,v2.3,372.3,3,0,0.0
SES-100739,2024-10-04,Android,Europe,Paid Search,v2.3,292.1,1,0,0.0
SES-100740,2024-10-04,Desktop,Europe,Paid Search,v2.3,290.1,1,0,0.0
SES-100741,2024-10-04,Android,Asia-Pacific,Direct,v2.3,250.6,3,0,0.0
SES-100742,2024-10-04,Desktop,Europe,Social Media,v2.3,374.9,2,0,0.0
SES-100743,2024-10-04,Desktop,North America,Direct,v2.3,352.4,2,0,0.0
SES-100744,2024-10-04,iOS,North America,Paid Search,v2.3,385.6,3,0,0.0
SES-100745,2024-10-04,Android,North America,Direct,v2.3,350.9,1,0,0.0
SES-100746,2024-10-04,Android,Asia-Pacific,Paid Search,v2.3,305.3,4,0,0.0
SES-100747,2024-10-04,Desktop,Asia-Pacific,Organic Search,v2.3,339.3,4,0,0.0
SES-100748,2024-10-04,Desktop,North America,Organic Search,v2.3,316.3,1,0,0.0
SES-100749,2024-10-04,Android,Europe,Organic Search,v2.3,350.9,1,0,0.0
SES-100750,2024-10-04,iOS,North America,Paid Search,v2.3,320.5,3,0,0.0
SES-100751,2024-10-04,Desktop,North America,Direct,v2.3,396.4,2,1,21.39
SES-100752,2024-10-04,iOS,North America,Organic Search,v2.3,218.3,4,0,0.0
SES-100753,2024-10-04,Desktop,North America,Paid Search,v2.3,339.7,1,0,0.0
SES-100754,2024-10-04,Desktop,Europe,Social Media,v2.3,399.3,1,1,53.07
SES-100755,2024-10-04,iOS,North America,Direct,v2.3,263.8,1,0,0.0
SES-100756,2024-10-04,Android,Europe,Direct,v2.3,361.3,2,0,0.0
SES-100757,2024-10-04,Android,Asia-Pacific,Organic Search,v2.3,434.4,1,0,0.0
SES-100758,2024-10-04,Android,Europe,Organic Search,v2.3,342.0,2,0,0.0
SES-100759,2024-10-04,iOS,Asia-Pacific,Organic Search,v2.3,265.2,1,0,0.0
SES-100760,2024-10-04,Desktop,Europe,Organic Search,v2.3,373.8,2,0,0.0
SES-100761,2024-10-04,Desktop,North America,Organic Search,v2.3,319.8,2,0,0.0
SES-100762,2024-10-04,Desktop,Asia-Pacific,Paid Search,v2.3,327.9,4,1,93.01
SES-100763,2024-10-04,iOS,Europe,Organic Search,v2.3,356.5,5,0,0.0
SES-100764,2024-10-04,Desktop,Asia-Pacific,Organic Search,v2.3,360.9,5,0,0.0
SES-100765,2024-10-04,Android,North America,Organic Search,v2.3,287.5,5,0,0.0
SES-100766,2024-10-04,iOS,North America,Paid Search,v2.3,260.1,3,0,0.0
SES-100767,2024-10-04,iOS,North America,Paid Search,v2.3,337.9,1,0,0.0
SES-100768,2024-10-04,iOS,North America,Paid Search,v2.3,248.3,1,0,0.0
SES-100769,2024-10-04,Desktop,North America,Organic Search,v2.3,321.4,1,0,0.0
SES-100770,2024-10-04,Android,North America,Paid Search,v2.3,343.6,1,0,0.0
SES-100771,2024-10-04,Android,North America,Organic Search,v2.3,312.3,2,0,0.0
SES-100772,2024-10-04,iOS,North America,Organic Search,v2.3,257.6,1,0,0.0
SES-100773,2024-10-04,Android,Europe,Social Media,v2.3,371.2,3,0,0.0
SES-100774,2024-10-04,iOS,Europe,Social Media,v2.3,267.2,1,0,0.0
SES-100775,2024-10-04,iOS,Europe,Paid Search,v2.3,244.6,1,0,0.0
SES-100776,2024-10-04,Android,Europe,Social Media,v2.3,415.7,1,0,0.0
SES-100777,2024-10-04,iOS,Asia-Pacific,Paid Search,v2.3,237.0,1,0,0.0
SES-100778,2024-10-04,Desktop,Asia-Pacific,Organic Search,v2.3,286.0,2,0,0.0
SES-100779,2024-10-04,iOS,Europe,Social Media,v2.3,405.3,4,0,0.0
SES-100780,2024-10-04,Android,Latin America,Organic Search,v2.3,304.3,1,0,0.0
SES-100781,2024-10-04,Android,North America,Direct,v2.3,328.7,2,0,0.0
SES-100782,2024-10-04,Android,Latin America,Organic Search,v2.3,320.5,2,0,0.0
SES-100783,2024-10-04,iOS,Asia-Pacific,Paid Search,v2.3,335.9,1,0,0.0
SES-100784,2024-10-04,iOS,Asia-Pacific,Paid Search,v2.3,342.2,1,0,0.0
SES-100785,2024-10-04,Desktop,Europe,Paid Search,v2.3,334.8,3,0,0.0
SES-100786,2024-10-04,iOS,Europe,Organic Search,v2.3,342.6,2,0,0.0
SES-100787,2024-10-04,Desktop,Europe,Organic Search,v2.3,243.2,1,0,0.0
SES-100788,2024-10-04,Desktop,Asia-Pacific,Organic Search,v2.3,369.4,1,0,0.0
SES-100789,2024-10-04,iOS,Europe,Social Media,v2.3,351.0,1,0,0.0
SES-100790,2024-10-04,iOS,Asia-Pacific,Direct,v2.3,359.9,1,0,0.0
SES-100791,2024-10-04,Android,Europe,Paid Search,v2.3,312.8,2,0,0.0
SES-100792,2024-10-04,Desktop,Asia-Pacific,Organic Search,v2.3,336.5,4,0,0.0
SES-100793,2024-10-04,Desktop,Europe,Direct,v2.3,332.6,4,0,0.0
SES-100794,2024-10-04,Android,Europe,Organic Search,v2.3,352.8,3,0,0.0
SES-100795,2024-10-04,Desktop,Europe,Organic Search,v2.3,311.9,5,0,0.0
SES-100796,2024-10-04,iOS,North America,Paid Search,v2.3,293.7,1,0,0.0
SES-100797,2024-10-04,Desktop,Europe,Social Media,v2.3,380.2,1,0,0.0
SES-100798,2024-10-04,Desktop,Asia-Pacific,Organic Search,v2.3,331.8,4,0,0.0
SES-100799,2024-10-04,iOS,Europe,Organic Search,v2.3,253.0,1,0,0.0
SES-100800,2024-10-04,iOS,North America,Paid Search,v2.3,283.3,1,0,0.0
SES-100801,2024-10-04,iOS,Asia-Pacific,Organic Search,v2.3,281.8,2,0,0.0
SES-100802,2024-10-04,iOS,Europe,Paid Search,v2.3,229.0,3,0,0.0
SES-100803,2024-10-04,Desktop,Latin America,Paid Search,v2.3,344.5,1,0,0.0
SES-100804,2024-10-04,iOS,Latin America,Paid Search,v2.3,286.3,1,0,0.0
SES-100805,2024-10-04,iOS,Europe,Organic Search,v2.3,301.1,1,0,0.0
SES-100806,2024-10-04,iOS,Europe,Organic Search,v2.3,263.8,4,1,75.47
SES-100807,2024-10-04,Desktop,North America,Direct,v2.3,332.9,2,0,0.0
SES-100808,2024-10-04,Android,Asia-Pacific,Social Media,v2.3,288.5,4,0,0.0
SES-100809,2024-10-04,Android,North America,Organic Search,v2.3,294.2,3,0,0.0
SES-100810,2024-10-04,iOS,North America,Organic Search,v2.3,255.2,3,0,0.0
SES-100811,2024-10-04,Desktop,Asia-Pacific,Organic Search,v2.3,367.4,1,0,0.0
SES-100812,2024-10-04,Desktop,Europe,Paid Search,v2.3,357.2,3,0,0.0
SES-100813,2024-10-04,iOS,Asia-Pacific,Direct,v2.3,310.6,2,1,67.32
SES-100814,2024-10-04,iOS,Asia-Pacific,Paid Search,v2.3,220.8,1,0,0.0
SES-100815,2024-10-04,iOS,North America,Direct,v2.3,271.4,4,0,0.0
SES-100816,2024-10-04,iOS,Asia-Pacific,Direct,v2.3,185.2,3,0,0.0
SES-100817,2024-10-04,Android,Asia-Pacific,Social Media,v2.3,318.7,1,0,0.0
SES-100818,2024-10-04,Desktop,Europe,Organic Search,v2.3,292.3,1,0,0.0
SES-100819,2024-10-04,Android,North America,Organic Search,v2.3,302.3,5,0,0.0
SES-100820,2024-10-04,Desktop,North America,Organic Search,v2.3,342.1,3,0,0.0
SES-100821,2024-10-04,Android,Europe,Social Media,v2.3,329.6,1,0,0.0
SES-100822,2024-10-04,Android,Latin America,Direct,v2.3,309.6,1,0,0.0
SES-100823,2024-10-04,Android,Europe,Paid Search,v2.3,319.0,3,1,184.57
SES-100824,2024-10-04,iOS,North America,Organic Search,v2.3,328.4,2,0,0.0
SES-100825,2024-10-04,iOS,North America,Organic Search,v2.3,274.2,1,0,0.0
SES-100826,2024-10-04,Android,Europe,Organic Search,v2.3,270.8,1,0,0.0
SES-100827,2024-10-04,iOS,Latin America,Paid Search,v2.3,209.1,2,0,0.0
SES-100828,2024-10-04,iOS,Asia-Pacific,Organic Search,v2.3,234.3,2,0,0.0
SES-100829,2024-10-04,Android,North America,Organic Search,v2.3,357.0,1,0,0.0
SES-100830,2024-10-04,Desktop,Europe,Direct,v2.3,394.8,2,0,0.0
SES-100831,2024-10-04,Android,Europe,Organic Search,v2.3,299.3,3,0,0.0
SES-100832,2024-10-04,Desktop,North America,Paid Search,v2.3,348.3,1,0,0.0
SES-100833,2024-10-04,Android,Europe,Organic Search,v2.3,289.0,1,0,0.0
SES-100834,2024-10-04,Desktop,North America,Direct,v2.3,332.0,2,0,0.0
SES-100835,2024-10-04,Android,Latin America,Paid Search,v2.3,334.6,4,0,0.0
SES-100836,2024-10-04,Desktop,North America,Social Media,v2.3,362.6,3,0,0.0
SES-100837,2024-10-04,Android,Asia-Pacific,Paid Search,v2.3,303.4,3,0,0.0
SES-100838,2024-10-04,Android,North America,Social Media,v2.3,261.6,1,1,20.13
SES-100839,2024-10-04,Android,North America,Social Media,v2.3,375.2,1,0,0.0
SES-100840,2024-10-04,Android,Asia-Pacific,Paid Search,v2.3,336.4,1,0,0.0
SES-100841,2024-10-04,iOS,North America,Social Media,v2.3,275.0,1,0,0.0
SES-100842,2024-10-04,iOS,Asia-Pacific,Organic Search,v2.3,325.2,2,0,0.0
SES-100843,2024-10-04,iOS,Europe,Paid Search,v2.3,276.5,1,0,0.0
SES-100844,2024-10-04,Desktop,Europe,Organic Search,v2.3,410.8,2,0,0.0
SES-100845,2024-10-04,iOS,Asia-Pacific,Paid Search,v2.3,266.6,2,0,0.0
SES-100846,2024-10-04,iOS,North America,Direct,v2.3,332.6,5,0,0.0
SES-100847,2024-10-04,Android,Asia-Pacific,Direct,v2.3,293.8,2,0,0.0
SES-100848,2024-10-04,iOS,Latin America,Organic Search,v2.3,369.7,3,0,0.0
SES-100849,2024-10-04,Android,Europe,Paid Search,v2.3,322.0,1,0,0.0
SES-100850,2024-10-04,iOS,North America,Organic Search,v2.3,362.4,1,0,0.0
SES-100851,2024-10-04,Desktop,North America,Direct,v2.3,366.1,1,0,0.0
SES-100852,2024-10-04,Desktop,North America,Organic Search,v2.3,284.8,1,0,0.0
SES-100853,2024-10-04,Desktop,Asia-Pacific,Social Media,v2.3,355.3,2,1,80.69
SES-100854,2024-10-04,Android,Europe,Organic Search,v2.3,284.8,1,0,0.0
SES-100855,2024-10-04,Desktop,North America,Organic Search,v2.3,296.3,3,0,0.0
SES-100856,2024-10-04,iOS,Asia-Pacific,Social Media,v2.3,370.1,1,0,0.0
SES-100857,2024-10-04,iOS,Europe,Paid Search,v2.3,370.7,2,0,0.0
SES-100858,2024-10-04,iOS,Asia-Pacific,Organic Search,v2.3,291.1,5,0,0.0
SES-100859,2024-10-04,Android,North America,Paid Search,v2.3,314.9,3,0,0.0
SES-100860,2024-10-04,Android,Latin America,Organic Search,v2.3,350.7,1,0,0.0
SES-100861,2024-10-04,Android,Europe,Social Media,v2.3,272.1,1,0,0.0
SES-100862,2024-10-04,iOS,Europe,Paid Search,v2.3,267.3,2,0,0.0
SES-100863,2024-10-04,Android,North America,Organic Search,v2.3,414.5,4,0,0.0
SES-100864,2024-10-04,Android,Europe,Paid Search,v2.3,318.5,2,0,0.0
SES-100865,2024-10-05,Android,Latin America,Organic Search,v2.3,306.9,1,0,0.0
SES-100866,2024-10-05,Android,Europe,Direct,v2.3,330.2,1,0,0.0
SES-100867,2024-10-05,iOS,Asia-Pacific,Social Media,v2.3,258.6,2,0,0.0
SES-100868,2024-10-05,Desktop,North America,Social Media,v2.3,383.5,1,0,0.0
SES-100869,2024-10-05,Android,North America,Organic Search,v2.3,304.4,2,0,0.0
SES-100870,2024-10-05,iOS,Europe,Organic Search,v2.3,367.9,1,0,0.0
SES-100871,2024-10-05,iOS,North America,Organic Search,v2.3,253.0,1,0,0.0
SES-100872,2024-10-05,Android,North America,Direct,v2.3,314.2,1,0,0.0
SES-100873,2024-10-05,Desktop,Europe,Paid Search,v2.3,324.2,1,0,0.0
SES-100874,2024-10-05,Android,Latin America,Paid Search,v2.3,341.8,3,0,0.0
SES-100875,2024-10-05,iOS,Europe,Social Media,v2.3,266.7,2,0,0.0
SES-100876,2024-10-05,Desktop,North America,Organic Search,v2.3,341.3,1,0,0.0
SES-100877,2024-10-05,Android,North America,Organic Search,v2.3,390.9,3,0,0.0
SES-100878,2024-10-05,Android,Europe,Organic Search,v2.3,351.6,3,0,0.0
SES-100879,2024-10-05,Android,Latin America,Organic Search,v2.3,355.4,4,0,0.0
SES-100880,2024-10-05,iOS,North America,Organic Search,v2.3,360.6,1,0,0.0
SES-100881,2024-10-05,Android,Europe,Paid Search,v2.3,290.7,1,0,0.0
SES-100882,2024-10-05,iOS,North America,Organic Search,v2.3,355.1,1,0,0.0
SES-100883,2024-10-05,Desktop,North America,Organic Search,v2.3,306.4,3,0,0.0
SES-100884,2024-10-05,Android,North America,Direct,v2.3,284.4,3,0,0.0
SES-100885,2024-10-05,Android,North America,Organic Search,v2.3,326.6,1,0,0.0
SES-100886,2024-10-05,Android,Europe,Direct,v2.3,247.2,3,0,0.0
SES-100887,2024-10-05,Desktop,Europe,Organic Search,v2.3,307.4,1,0,0.0
SES-100888,2024-10-05,Desktop,Asia-Pacific,Paid Search,v2.3,294.9,5,0,0.0
SES-100889,2024-10-05,Android,Europe,Social Media,v2.3,237.7,1,0,0.0
SES-100890,2024-10-05,Android,Asia-Pacific,Organic Search,v2.3,330.4,3,0,0.0
SES-100891,2024-10-05,Android,Europe,Paid Search,v2.3,258.4,3,0,0.0
SES-100892,2024-10-05,Android,Asia-Pacific,Social Media,v2.3,306.3,1,0,0.0
SES-100893,2024-10-05,iOS,North America,Paid Search,v2.3,294.8,3,0,0.0
SES-100894,2024-10-05,Android,North America,Organic Search,v2.3,261.6,1,0,0.0
SES-100895,2024-10-05,iOS,Europe,Paid Search,v2.3,302.6,1,0,0.0
SES-100896,2024-10-05,Desktop,Europe,Direct,v2.3,297.5,1,0,0.0
SES-100897,2024-10-05,iOS,Europe,Social Media,v2.3,355.4,1,0,0.0
SES-100898,2024-10-05,Desktop,Europe,Organic Search,v2.3,350.8,5,0,0.0
SES-100899,2024-10-05,Android,Europe,Organic Search,v2.3,349.1,2,0,0.0
SES-100900,2024-10-05,Android,North America,Organic Search,v2.3,277.7,2,0,0.0
SES-100901,2024-10-05,Android,North America,Organic Search,v2.3,206.7,3,0,0.0
SES-100902,2024-10-05,iOS,Asia-Pacific,Organic Search,v2.3,334.0,2,0,0.0
SES-100903,2024-10-05,iOS,North America,Organic Search,v2.3,283.7,4,0,0.0
SES-100904,2024-10-05,iOS,North America,Organic Search,v2.3,339.0,1,0,0.0
SES-100905,2024-10-05,Android,North America,Organic Search,v2.3,322.3,1,0,0.0
SES-100906,2024-10-05,Android,North America,Social Media,v2.3,272.4,1,0,0.0
SES-100907,2024-10-05,Desktop,North America,Organic Search,v2.3,326.7,4,0,0.0
SES-100908,2024-10-05,iOS,Asia-Pacific,Organic Search,v2.3,268.4,2,0,0.0
SES-100909,2024-10-05,iOS,Europe,Organic Search,v2.3,252.7,2,0,0.0
SES-100910,2024-10-05,Android,Europe,Social Media,v2.3,246.9,2,0,0.0
SES-100911,2024-10-05,Desktop,North America,Direct,v2.3,385.2,2,0,0.0
SES-100912,2024-10-05,Android,Europe,Direct,v2.3,343.2,4,0,0.0
SES-100913,2024-10-05,Android,Asia-Pacific,Organic Search,v2.3,373.0,1,0,0.0
SES-100914,2024-10-05,Android,Asia-Pacific,Direct,v2.3,235.2,3,0,0.0
SES-100915,2024-10-05,iOS,Europe,Paid Search,v2.3,398.9,2,1,70.9
SES-100916,2024-10-05,Desktop,Europe,Organic Search,v2.3,398.6,2,0,0.0
SES-100917,2024-10-05,Android,North America,Paid Search,v2.3,294.4,1,0,0.0
SES-100918,2024-10-05,iOS,North America,Direct,v2.3,291.4,2,0,0.0
SES-100919,2024-10-05,Android,Europe,Direct,v2.3,340.7,3,0,0.0
SES-100920,2024-10-05,iOS,Asia-Pacific,Social Media,v2.3,281.3,1,0,0.0
SES-100921,2024-10-05,Desktop,North America,Social Media,v2.3,380.9,4,0,0.0
SES-100922,2024-10-05,iOS,Europe,Organic Search,v2.3,415.0,2,0,0.0
SES-100923,2024-10-05,Android,Europe,Paid Search,v2.3,343.5,1,0,0.0
SES-100924,2024-10-05,iOS,Asia-Pacific,Organic Search,v2.3,297.4,1,1,46.81
SES-100925,2024-10-05,Android,Europe,Social Media,v2.3,367.6,3,0,0.0
SES-100926,2024-10-05,Desktop,Asia-Pacific,Organic Search,v2.3,253.7,1,0,0.0
SES-100927,2024-10-05,Android,North America,Social Media,v2.3,260.9,1,0,0.0
SES-100928,2024-10-05,Android,North America,Organic Search,v2.3,329.2,1,0,0.0
SES-100929,2024-10-05,Desktop,Asia-Pacific,Paid Search,v2.3,325.2,4,0,0.0
SES-100930,2024-10-05,iOS,Asia-Pacific,Organic Search,v2.3,208.3,1,0,0.0
SES-100931,2024-10-05,iOS,North America,Organic Search,v2.3,335.2,3,0,0.0
SES-100932,2024-10-05,iOS,Europe,Social Media,v2.3,316.9,2,0,0.0
SES-100933,2024-10-05,Desktop,Asia-Pacific,Organic Search,v2.3,398.0,2,0,0.0
SES-100934,2024-10-05,iOS,North America,Paid Search,v2.3,292.7,1,0,0.0
SES-100935,2024-10-05,Android,Europe,Organic Search,v2.3,365.4,3,0,0.0
SES-100936,2024-10-05,Android,Latin America,Paid Search,v2.3,292.2,2,0,0.0
SES-100937,2024-10-05,iOS,Europe,Organic Search,v2.3,378.3,3,0,0.0
SES-100938,2024-10-05,iOS,Europe,Organic Search,v2.3,347.1,3,0,0.0
SES-100939,2024-10-05,iOS,Europe,Social Media,v2.3,370.6,3,0,0.0
SES-100940,2024-10-05,Android,North America,Paid Search,v2.3,267.9,2,0,0.0
SES-100941,2024-10-05,iOS,North America,Organic Search,v2.3,267.5,1,0,0.0
SES-100942,2024-10-05,iOS,Europe,Paid Search,v2.3,306.9,3,0,0.0
SES-100943,2024-10-05,Desktop,Europe,Organic Search,v2.3,395.6,1,0,0.0
SES-100944,2024-10-05,Desktop,Europe,Organic Search,v2.3,306.5,1,0,0.0
SES-100945,2024-10-05,iOS,North America,Paid Search,v2.3,290.8,2,0,0.0
SES-100946,2024-10-05,iOS,Europe,Organic Search,v2.3,265.5,2,0,0.0
SES-100947,2024-10-05,iOS,Latin America,Direct,v2.3,353.5,3,0,0.0
SES-100948,2024-10-05,Android,Europe,Paid Search,v2.3,318.2,1,0,0.0
SES-100949,2024-10-05,Desktop,Latin America,Direct,v2.3,319.1,1,0,0.0
SES-100950,2024-10-05,iOS,Europe,Social Media,v2.3,361.7,2,0,0.0
SES-100951,2024-10-05,iOS,Asia-Pacific,Organic Search,v2.3,319.8,2,0,0.0
SES-100952,2024-10-05,Desktop,Europe,Organic Search,v2.3,229.3,1,0,0.0
SES-100953,2024-10-05,Android,Europe,Organic Search,v2.3,276.7,1,0,0.0
SES-100954,2024-10-05,iOS,Asia-Pacific,Organic Search,v2.3,403.2,1,0,0.0
SES-100955,2024-10-05,Android,Asia-Pacific,Direct,v2.3,315.1,1,1,99.68
SES-100956,2024-10-05,iOS,North America,Direct,v2.3,263.3,1,0,0.0
SES-100957,2024-10-05,iOS,Asia-Pacific,Paid Search,v2.3,336.1,1,0,0.0
SES-100958,2024-10-05,Desktop,North America,Paid Search,v2.3,399.0,3,0,0.0
SES-100959,2024-10-05,Desktop,Asia-Pacific,Organic Search,v2.3,305.1,1,0,0.0
SES-100960,2024-10-05,Android,Europe,Paid Search,v2.3,343.4,4,0,0.0
SES-100961,2024-10-05,Desktop,North America,Direct,v2.3,320.2,2,0,0.0
SES-100962,2024-10-05,Android,North America,Paid Search,v2.3,307.8,1,0,0.0
SES-100963,2024-10-05,Desktop,North America,Organic Search,v2.3,348.0,1,0,0.0
SES-100964,2024-10-05,Android,Asia-Pacific,Direct,v2.3,337.3,1,0,0.0
SES-100965,2024-10-05,Desktop,Europe,Paid Search,v2.3,280.5,1,0,0.0
SES-100966,2024-10-05,Desktop,Europe,Paid Search,v2.3,296.4,1,0,0.0
SES-100967,2024-10-05,iOS,North America,Paid Search,v2.3,335.1,4,0,0.0
SES-100968,2024-10-05,Desktop,North America,Paid Search,v2.3,288.4,3,0,0.0
SES-100969,2024-10-05,Desktop,Europe,Direct,v2.3,320.8,1,0,0.0
SES-100970,2024-10-05,Desktop,North America,Social Media,v2.3,346.7,2,0,0.0
SES-100971,2024-10-05,iOS,Latin America,Organic Search,v2.3,286.1,1,0,0.0
SES-100972,2024-10-05,Desktop,Europe,Social Media,v2.3,327.9,2,0,0.0
SES-100973,2024-10-05,Desktop,North America,Paid Search,v2.3,359.4,1,0,0.0
SES-100974,2024-10-05,iOS,Asia-Pacific,Direct,v2.3,301.7,3,0,0.0
SES-100975,2024-10-05,Desktop,North America,Social Media,v2.3,347.3,2,0,0.0
SES-100976,2024-10-05,iOS,Latin America,Paid Search,v2.3,281.5,1,0,0.0
SES-100977,2024-10-05,iOS,Asia-Pacific,Direct,v2.3,277.0,5,0,0.0
SES-100978,2024-10-05,Android,North America,Organic Search,v2.3,283.8,1,0,0.0
SES-100979,2024-10-05,Android,North America,Organic Search,v2.3,402.4,2,0,0.0
SES-100980,2024-10-05,Android,North America,Direct,v2.3,324.1,1,0,0.0
SES-100981,2024-10-05,iOS,North America,Social Media,v2.3,311.5,4,0,0.0
SES-100982,2024-10-05,Desktop,Asia-Pacific,Social Media,v2.3,369.8,1,0,0.0
SES-100983,2024-10-05,iOS,North America,Paid Search,v2.3,378.8,1,0,0.0
SES-100984,2024-10-05,iOS,Europe,Paid Search,v2.3,339.8,1,0,0.0
SES-100985,2024-10-05,iOS,Europe,Organic Search,v2.3,282.9,2,0,0.0
SES-100986,2024-10-05,Android,Europe,Social Media,v2.3,268.3,2,0,0.0
SES-100987,2024-10-05,Desktop,Europe,Organic Search,v2.3,402.7,2,0,0.0
SES-100988,2024-10-05,Android,Asia-Pacific,Direct,v2.3,375.5,2,0,0.0
SES-100989,2024-10-05,Desktop,North America,Paid Search,v2.3,304.8,2,0,0.0
SES-100990,2024-10-05,iOS,North America,Paid Search,v2.3,327.8,1,0,0.0
SES-100991,2024-10-05,Android,North America,Paid Search,v2.3,331.1,1,0,0.0
SES-100992,2024-10-05,Android,Asia-Pacific,Social Media,v2.3,354.1,2,0,0.0
SES-100993,2024-10-05,Android,North America,Paid Search,v2.3,241.0,1,0,0.0
SES-100994,2024-10-05,iOS,Asia-Pacific,Social Media,v2.3,332.9,1,0,0.0
SES-100995,2024-10-05,Android,North America,Organic Search,v2.3,379.6,2,1,93.24
SES-100996,2024-10-05,Android,Latin America,Paid Search,v2.3,280.8,1,0,0.0
SES-100997,2024-10-05,Desktop,North America,Direct,v2.3,340.8,3,0,0.0
SES-100998,2024-10-05,Android,Europe,Direct,v2.3,385.3,4,0,0.0
SES-100999,2024-10-05,iOS,North America,Social Media,v2.3,319.6,3,0,0.0
SES-101000,2024-10-05,Android,North America,Organic Search,v2.3,334.1,3,0,0.0
SES-101001,2024-10-05,iOS,Europe,Organic Search,v2.3,340.5,1,0,0.0
SES-101002,2024-10-05,Desktop,North America,Paid Search,v2.3,344.4,2,0,0.0
SES-101003,2024-10-05,Android,Europe,Organic Search,v2.3,312.0,2,0,0.0
SES-101004,2024-10-05,iOS,Europe,Social Media,v2.3,263.8,2,0,0.0
SES-101005,2024-10-05,Desktop,Latin America,Organic Search,v2.3,351.7,1,0,0.0
SES-101006,2024-10-05,Android,North America,Paid Search,v2.3,267.6,1,0,0.0
SES-101007,2024-10-05,iOS,Asia-Pacific,Organic Search,v2.3,350.4,2,0,0.0
SES-101008,2024-10-05,Android,North America,Paid Search,v2.3,308.3,4,0,0.0
SES-101009,2024-10-05,iOS,North America,Paid Search,v2.3,319.4,1,0,0.0
SES-101010,2024-10-05,Desktop,North America,Organic Search,v2.3,346.4,1,0,0.0
SES-101011,2024-10-05,Desktop,North America,Organic Search,v2.3,347.0,1,0,0.0
SES-101012,2024-10-05,Desktop,Latin America,Paid Search,v2.3,345.7,1,0,0.0
SES-101013,2024-10-05,Android,Europe,Social Media,v2.3,321.7,3,0,0.0
SES-101014,2024-10-05,Android,Asia-Pacific,Organic Search,v2.3,318.7,1,0,0.0
SES-101015,2024-10-05,Desktop,Latin America,Paid Search,v2.3,282.9,1,0,0.0
SES-101016,2024-10-05,iOS,North America,Social Media,v2.3,337.6,5,0,0.0
SES-101017,2024-10-05,Android,Latin America,Direct,v2.3,326.1,2,0,0.0
SES-101018,2024-10-05,Android,North America,Social Media,v2.3,325.9,3,0,0.0
SES-101019,2024-10-05,iOS,Latin America,Social Media,v2.3,374.7,1,0,0.0
SES-101020,2024-10-05,Android,Asia-Pacific,Paid Search,v2.3,272.6,3,0,0.0
SES-101021,2024-10-05,Desktop,Europe,Direct,v2.3,293.4,3,0,0.0
SES-101022,2024-10-05,Desktop,Latin America,Organic Search,v2.3,293.7,4,0,0.0
SES-101023,2024-10-05,iOS,North America,Paid Search,v2.3,306.2,4,0,0.0
SES-101024,2024-10-05,iOS,North America,Direct,v2.3,246.8,1,0,0.0
SES-101025,2024-10-05,iOS,North America,Paid Search,v2.3,301.9,1,0,0.0
SES-101026,2024-10-05,Desktop,Europe,Direct,v2.3,354.9,1,0,0.0
SES-101027,2024-10-05,iOS,North America,Direct,v2.3,397.8,1,0,0.0
SES-101028,2024-10-05,Android,Asia-Pacific,Organic Search,v2.3,390.7,1,0,0.0
SES-101029,2024-10-05,iOS,Europe,Social Media,v2.3,379.3,3,0,0.0
SES-101030,2024-10-05,Android,Europe,Paid Search,v2.3,284.1,4,0,0.0
SES-101031,2024-10-05,iOS,Europe,Organic Search,v2.3,332.9,3,0,0.0
SES-101032,2024-10-05,Desktop,North America,Social Media,v2.3,318.2,3,0,0.0
SES-101033,2024-10-05,iOS,Asia-Pacific,Paid Search,v2.3,387.3,3,0,0.0
SES-101034,2024-10-05,Android,Asia-Pacific,Direct,v2.3,314.5,1,0,0.0
SES-101035,2024-10-05,iOS,Latin America,Paid Search,v2.3,345.9,1,0,0.0
SES-101036,2024-10-05,Android,North America,Paid Search,v2.3,401.5,2,0,0.0
SES-101037,2024-10-05,Desktop,Europe,Direct,v2.3,295.0,2,0,0.0
SES-101038,2024-10-05,iOS,Latin America,Paid Search,v2.3,298.0,2,0,0.0
SES-101039,2024-10-05,Desktop,Asia-Pacific,Paid Search,v2.3,317.2,4,0,0.0
SES-101040,2024-10-05,Android,North America,Organic Search,v2.3,362.1,1,0,0.0
SES-101041,2024-10-05,iOS,North America,Social Media,v2.3,433.2,1,0,0.0
SES-101042,2024-10-05,Android,Latin America,Organic Search,v2.3,289.2,1,0,0.0
SES-101043,2024-10-05,iOS,Asia-Pacific,Social Media,v2.3,285.3,1,0,0.0
SES-101044,2024-10-05,Android,North America,Paid Search,v2.3,285.7,4,0,0.0
SES-101045,2024-10-05,Desktop,Asia-Pacific,Paid Search,v2.3,269.2,4,0,0.0
SES-101046,2024-10-05,iOS,Europe,Social Media,v2.3,383.7,2,0,0.0
SES-101047,2024-10-05,Android,North America,Organic Search,v2.3,373.0,1,0,0.0
SES-101048,2024-10-05,Desktop,North America,Paid Search,v2.3,312.3,1,0,0.0
SES-101049,2024-10-05,Desktop,Europe,Direct,v2.3,326.6,1,0,0.0
SES-101050,2024-10-05,Android,Europe,Direct,v2.3,416.6,5,0,0.0
SES-101051,2024-10-05,Desktop,Europe,Paid Search,v2.3,305.1,1,0,0.0
SES-101052,2024-10-05,Android,North America,Paid Search,v2.3,366.9,5,0,0.0
SES-101053,2024-10-05,iOS,Asia-Pacific,Direct,v2.3,391.4,1,0,0.0
SES-101054,2024-10-05,Desktop,Latin America,Direct,v2.3,276.4,5,0,0.0
SES-101055,2024-10-05,Android,Europe,Direct,v2.3,352.0,1,0,0.0
SES-101056,2024-10-05,Android,North America,Paid Search,v2.3,316.6,2,0,0.0
SES-101057,2024-10-05,Android,Latin America,Social Media,v2.3,278.6,3,0,0.0
SES-101058,2024-10-05,Desktop,Europe,Paid Search,v2.3,321.8,2,0,0.0
SES-101059,2024-10-05,Desktop,Asia-Pacific,Organic Search,v2.3,319.6,4,0,0.0
SES-101060,2024-10-05,Android,Asia-Pacific,Paid Search,v2.3,280.5,2,0,0.0
SES-101061,2024-10-05,iOS,Europe,Organic Search,v2.3,273.4,2,0,0.0
SES-101062,2024-10-05,Android,Asia-Pacific,Organic Search,v2.3,377.5,1,0,0.0
SES-101063,2024-10-05,Android,Asia-Pacific,Organic Search,v2.3,317.9,2,0,0.0
SES-101064,2024-10-05,iOS,Europe,Organic Search,v2.3,317.2,1,0,0.0
SES-101065,2024-10-05,Desktop,Europe,Direct,v2.3,348.3,3,0,0.0
SES-101066,2024-10-05,Android,Europe,Organic Search,v2.3,319.7,1,0,0.0
SES-101067,2024-10-05,iOS,Europe,Organic Search,v2.3,378.2,2,0,0.0
SES-101068,2024-10-05,iOS,North America,Organic Search,v2.3,384.5,1,0,0.0
SES-101069,2024-10-05,iOS,North America,Organic Search,v2.3,225.5,3,0,0.0
SES-101070,2024-10-05,Desktop,Europe,Organic Search,v2.3,225.5,1,0,0.0
SES-101071,2024-10-06,iOS,Latin America,Paid Search,v2.3,310.7,3,0,0.0
SES-101072,2024-10-06,iOS,North America,Social Media,v2.3,293.5,2,0,0.0
SES-101073,2024-10-06,Android,Europe,Social Media,v2.3,349.0,2,0,0.0
SES-101074,2024-10-06,iOS,Europe,Social Media,v2.3,417.9,5,0,0.0
SES-101075,2024-10-06,iOS,North America,Organic Search,v2.3,325.1,1,0,0.0
SES-101076,2024-10-06,iOS,North America,Organic Search,v2.3,318.6,1,0,0.0
SES-101077,2024-10-06,Android,Europe,Organic Search,v2.3,302.1,5,0,0.0
SES-101078,2024-10-06,Android,Europe,Direct,v2.3,318.2,3,0,0.0
SES-101079,2024-10-06,iOS,Asia-Pacific,Organic Search,v2.3,316.7,4,0,0.0
SES-101080,2024-10-06,Android,Latin America,Paid Search,v2.3,273.4,2,0,0.0
SES-101081,2024-10-06,Desktop,Europe,Organic Search,v2.3,338.6,1,0,0.0
SES-101082,2024-10-06,iOS,North America,Organic Search,v2.3,436.7,3,0,0.0
SES-101083,2024-10-06,iOS,North America,Social Media,v2.3,210.9,3,1,99.28
SES-101084,2024-10-06,iOS,Asia-Pacific,Direct,v2.3,365.5,1,0,0.0
SES-101085,2024-10-06,Android,North America,Direct,v2.3,335.3,2,1,149.42
SES-101086,2024-10-06,Desktop,Latin America,Paid Search,v2.3,318.3,2,0,0.0
SES-101087,2024-10-06,iOS,North America,Social Media,v2.3,244.0,4,0,0.0
SES-101088,2024-10-06,Android,North America,Paid Search,v2.3,294.0,5,1,30.48
SES-101089,2024-10-06,iOS,North America,Social Media,v2.3,289.2,2,0,0.0
SES-101090,2024-10-06,Android,Latin America,Organic Search,v2.3,324.5,1,0,0.0
SES-101091,2024-10-06,Desktop,Asia-Pacific,Paid Search,v2.3,310.9,5,0,0.0
SES-101092,2024-10-06,iOS,Europe,Direct,v2.3,316.3,3,0,0.0
SES-101093,2024-10-06,Android,Europe,Paid Search,v2.3,407.2,1,0,0.0
SES-101094,2024-10-06,iOS,North America,Social Media,v2.3,300.6,1,0,0.0
SES-101095,2024-10-06,Android,Europe,Social Media,v2.3,355.0,5,0,0.0
SES-101096,2024-10-06,iOS,Asia-Pacific,Paid Search,v2.3,327.2,2,0,0.0
SES-101097,2024-10-06,Desktop,Asia-Pacific,Paid Search,v2.3,319.2,5,0,0.0
SES-101098,2024-10-06,iOS,Asia-Pacific,Paid Search,v2.3,289.6,1,0,0.0
SES-101099,2024-10-06,Desktop,Latin America,Social Media,v2.3,351.2,1,0,0.0
SES-101100,2024-10-06,iOS,Europe,Paid Search,v2.3,342.7,2,0,0.0
SES-101101,2024-10-06,Android,Asia-Pacific,Organic Search,v2.3,305.8,1,0,0.0
SES-101102,2024-10-06,iOS,Asia-Pacific,Paid Search,v2.3,267.2,1,0,0.0
SES-101103,2024-10-06,Desktop,North America,Organic Search,v2.3,241.3,3,0,0.0
SES-101104,2024-10-06,iOS,Asia-Pacific,Direct,v2.3,353.0,3,0,0.0
SES-101105,2024-10-06,iOS,Europe,Organic Search,v2.3,348.6,3,0,0.0
SES-101106,2024-10-06,Android,Asia-Pacific,Paid Search,v2.3,239.1,1,0,0.0
SES-101107,2024-10-06,iOS,North America,Direct,v2.3,323.2,1,0,0.0
SES-101108,2024-10-06,iOS,Europe,Organic Search,v2.3,326.4,1,0,0.0
SES-101109,2024-10-06,Desktop,North America,Organic Search,v2.3,351.6,2,0,0.0
SES-101110,2024-10-06,Desktop,North America,Paid Search,v2.3,311.5,1,0,0.0
SES-101111,2024-10-06,iOS,Europe,Organic Search,v2.3,316.4,1,0,0.0
SES-101112,2024-10-06,Desktop,Europe,Organic Search,v2.3,354.9,1,0,0.0
SES-101113,2024-10-06,Android,North America,Social Media,v2.3,271.3,1,0,0.0
SES-101114,2024-10-06,iOS,North America,Direct,v2.3,293.4,1,0,0.0
SES-101115,2024-10-06,Android,Asia-Pacific,Social Media,v2.3,272.7,1,0,0.0
SES-101116,2024-10-06,Android,Latin America,Social Media,v2.3,275.0,2,0,0.0
SES-101117,2024-10-06,Desktop,North America,Organic Search,v2.3,379.3,1,0,0.0
SES-101118,2024-10-06,iOS,Asia-Pacific,Organic Search,v2.3,343.1,5,0,0.0
SES-101119,2024-10-06,Android,North America,Organic Search,v2.3,355.0,2,0,0.0
SES-101120,2024-10-06,iOS,Asia-Pacific,Direct,v2.3,325.3,1,0,0.0
SES-101121,2024-10-06,iOS,Europe,Direct,v2.3,265.2,3,0,0.0
SES-101122,2024-10-06,iOS,North America,Organic Search,v2.3,342.2,1,0,0.0
SES-101123,2024-10-06,Desktop,North America,Paid Search,v2.3,298.8,2,0,0.0
SES-101124,2024-10-06,Desktop,Europe,Paid Search,v2.3,278.8,2,0,0.0
SES-101125,2024-10-06,Desktop,Asia-Pacific,Paid Search,v2.3,250.5,3,0,0.0
SES-101126,2024-10-06,Android,Asia-Pacific,Social Media,v2.3,270.4,1,0,0.0
SES-101127,2024-10-06,iOS,North America,Paid Search,v2.3,331.2,2,0,0.0
SES-101128,2024-10-06,iOS,North America,Social Media,v2.3,393.9,4,0,0.0
SES-101129,2024-10-06,iOS,Asia-Pacific,Paid Search,v2.3,322.0,1,0,0.0
SES-101130,2024-10-06,iOS,Asia-Pacific,Direct,v2.3,364.6,3,0,0.0
SES-101131,2024-10-06,Desktop,Europe,Social Media,v2.3,347.0,3,0,0.0
SES-101132,2024-10-06,Android,Europe,Social Media,v2.3,351.3,5,0,0.0
SES-101133,2024-10-06,iOS,North America,Organic Search,v2.3,370.7,1,0,0.0
SES-101134,2024-10-06,iOS,North America,Organic Search,v2.3,292.5,2,0,0.0
SES-101135,2024-10-06,iOS,Europe,Paid Search,v2.3,317.6,2,0,0.0
SES-101136,2024-10-06,Android,Europe,Paid Search,v2.3,306.2,1,0,0.0
SES-101137,2024-10-06,Desktop,Asia-Pacific,Paid Search,v2.3,376.0,3,0,0.0
SES-101138,2024-10-06,Android,North America,Social Media,v2.3,266.9,3,0,0.0
SES-101139,2024-10-06,Desktop,Latin America,Organic Search,v2.3,273.0,1,0,0.0
SES-101140,2024-10-06,Android,Asia-Pacific,Paid Search,v2.3,272.8,5,0,0.0
SES-101141,2024-10-06,iOS,Latin America,Organic Search,v2.3,332.1,4,0,0.0
SES-101142,2024-10-06,iOS,Europe,Social Media,v2.3,296.7,3,1,45.69
SES-101143,2024-10-06,Desktop,Asia-Pacific,Social Media,v2.3,342.7,1,0,0.0
SES-101144,2024-10-06,Desktop,Europe,Paid Search,v2.3,294.9,1,0,0.0
SES-101145,2024-10-06,iOS,North America,Organic Search,v2.3,286.2,3,0,0.0
SES-101146,2024-10-06,Android,North America,Direct,v2.3,257.8,3,0,0.0
SES-101147,2024-10-06,Android,Europe,Direct,v2.3,234.9,2,0,0.0
SES-101148,2024-10-06,Android,Asia-Pacific,Paid Search,v2.3,356.7,2,0,0.0
SES-101149,2024-10-06,Desktop,Asia-Pacific,Social Media,v2.3,276.0,1,0,0.0
SES-101150,2024-10-06,Android,Europe,Social Media,v2.3,389.7,1,0,0.0
SES-101151,2024-10-06,Android,North America,Paid Search,v2.3,331.7,3,0,0.0
SES-101152,2024-10-06,iOS,North America,Paid Search,v2.3,276.2,2,0,0.0
SES-101153,2024-10-06,iOS,North America,Organic Search,v2.3,274.8,2,0,0.0
SES-101154,2024-10-06,iOS,Asia-Pacific,Paid Search,v2.3,290.2,2,0,0.0
SES-101155,2024-10-06,iOS,Europe,Paid Search,v2.3,312.4,2,0,0.0
SES-101156,2024-10-06,Android,Latin America,Organic Search,v2.3,302.3,2,0,0.0
SES-101157,2024-10-06,Android,Europe,Organic Search,v2.3,265.1,2,0,0.0
SES-101158,2024-10-06,iOS,North America,Organic Search,v2.3,283.7,1,0,0.0
SES-101159,2024-10-06,Desktop,North America,Organic Search,v2.3,365.3,1,1,111.45
SES-101160,2024-10-06,iOS,Europe,Paid Search,v2.3,223.1,1,0,0.0
SES-101161,2024-10-06,iOS,Europe,Paid Search,v2.3,332.9,3,0,0.0
SES-101162,2024-10-06,iOS,Asia-Pacific,Paid Search,v2.3,308.7,3,1,48.32
SES-101163,2024-10-06,iOS,Asia-Pacific,Paid Search,v2.3,350.3,1,0,0.0
SES-101164,2024-10-06,iOS,Europe,Paid Search,v2.3,240.7,3,0,0.0
SES-101165,2024-10-06,Android,North America,Direct,v2.3,318.2,1,1,72.04
SES-101166,2024-10-06,Android,Europe,Paid Search,v2.3,385.7,4,0,0.0
SES-101167,2024-10-06,Desktop,Europe,Social Media,v2.3,332.1,3,0,0.0
SES-101168,2024-10-06,iOS,North America,Paid Search,v2.3,233.0,2,0,0.0
SES-101169,2024-10-06,iOS,Europe,Paid Search,v2.3,308.8,1,0,0.0
SES-101170,2024-10-06,iOS,Asia-Pacific,Organic Search,v2.3,294.3,1,0,0.0
SES-101171,2024-10-06,Android,Asia-Pacific,Direct,v2.3,412.1,1,0,0.0
SES-101172,2024-10-06,iOS,Latin America,Social Media,v2.3,318.5,1,0,0.0
SES-101173,2024-10-06,Desktop,North America,Social Media,v2.3,368.1,1,0,0.0
SES-101174,2024-10-06,Android,Latin America,Social Media,v2.3,320.8,2,0,0.0
SES-101175,2024-10-06,Android,North America,Organic Search,v2.3,332.3,3,0,0.0
SES-101176,2024-10-06,Android,North America,Paid Search,v2.3,369.3,1,0,0.0
SES-101177,2024-10-06,iOS,Latin America,Paid Search,v2.3,335.1,2,0,0.0
SES-101178,2024-10-06,iOS,North America,Paid Search,v2.3,296.0,2,0,0.0
SES-101179,2024-10-06,iOS,Europe,Organic Search,v2.3,269.0,1,0,0.0
SES-101180,2024-10-06,Android,Asia-Pacific,Social Media,v2.3,301.3,5,0,0.0
SES-101181,2024-10-06,iOS,Latin America,Social Media,v2.3,259.9,4,0,0.0
SES-101182,2024-10-06,iOS,Asia-Pacific,Paid Search,v2.3,232.8,2,0,0.0
SES-101183,2024-10-06,Desktop,North America,Organic Search,v2.3,268.9,2,0,0.0
SES-101184,2024-10-06,iOS,North America,Organic Search,v2.3,317.8,2,0,0.0
SES-101185,2024-10-06,Desktop,Latin America,Direct,v2.3,335.4,1,0,0.0
SES-101186,2024-10-06,Desktop,Europe,Organic Search,v2.3,379.3,2,1,59.52
SES-101187,2024-10-06,iOS,North America,Social Media,v2.3,292.8,1,0,0.0
SES-101188,2024-10-06,iOS,Europe,Direct,v2.3,295.7,1,0,0.0
SES-101189,2024-10-06,iOS,North America,Paid Search,v2.3,363.3,1,0,0.0
SES-101190,2024-10-06,Android,North America,Paid Search,v2.3,307.6,5,0,0.0
SES-101191,2024-10-06,Android,Europe,Organic Search,v2.3,310.5,5,0,0.0
SES-101192,2024-10-06,Desktop,Europe,Social Media,v2.3,307.4,1,0,0.0
SES-101193,2024-10-06,Desktop,North America,Paid Search,v2.3,293.5,1,0,0.0
SES-101194,2024-10-06,Android,Europe,Social Media,v2.3,315.3,2,0,0.0
SES-101195,2024-10-06,iOS,Europe,Paid Search,v2.3,316.1,5,0,0.0
SES-101196,2024-10-06,iOS,Asia-Pacific,Direct,v2.3,344.4,1,0,0.0
SES-101197,2024-10-06,Desktop,Europe,Organic Search,v2.3,264.8,1,0,0.0
SES-101198,2024-10-06,iOS,North America,Paid Search,v2.3,299.4,1,0,0.0
SES-101199,2024-10-06,iOS,Latin America,Direct,v2.3,324.1,1,0,0.0
SES-101200,2024-10-06,Android,Europe,Direct,v2.3,231.3,2,0,0.0
SES-101201,2024-10-06,Android,North America,Direct,v2.3,327.8,3,0,0.0
SES-101202,2024-10-06,Desktop,North America,Organic Search,v2.3,302.3,2,0,0.0
SES-101203,2024-10-06,Android,Asia-Pacific,Social Media,v2.3,301.5,1,0,0.0
SES-101204,2024-10-06,iOS,Latin America,Social Media,v2.3,330.4,4,0,0.0
SES-101205,2024-10-06,Desktop,Latin America,Organic Search,v2.3,343.4,2,0,0.0
SES-101206,2024-10-06,iOS,Asia-Pacific,Social Media,v2.3,320.1,2,0,0.0
SES-101207,2024-10-06,iOS,Europe,Organic Search,v2.3,359.1,3,0,0.0
SES-101208,2024-10-06,Android,Europe,Direct,v2.3,282.1,1,0,0.0
SES-101209,2024-10-06,iOS,North America,Organic Search,v2.3,332.0,1,0,0.0
SES-101210,2024-10-06,Android,Europe,Social Media,v2.3,317.4,1,0,0.0
SES-101211,2024-10-06,iOS,Asia-Pacific,Organic Search,v2.3,280.1,1,0,0.0
SES-101212,2024-10-06,Android,North America,Paid Search,v2.3,348.9,3,0,0.0
SES-101213,2024-10-06,iOS,Europe,Paid Search,v2.3,324.3,1,0,0.0
SES-101214,2024-10-06,Desktop,Asia-Pacific,Organic Search,v2.3,392.1,2,0,0.0
SES-101215,2024-10-06,Desktop,Europe,Paid Search,v2.3,298.2,1,0,0.0
SES-101216,2024-10-06,iOS,North America,Organic Search,v2.3,325.8,3,0,0.0
SES-101217,2024-10-06,iOS,North America,Direct,v2.3,379.4,2,0,0.0
SES-101218,2024-10-06,iOS,North America,Social Media,v2.3,352.5,1,0,0.0
SES-101219,2024-10-06,iOS,North America,Direct,v2.3,289.3,4,0,0.0
SES-101220,2024-10-06,Desktop,Europe,Social Media,v2.3,290.6,1,0,0.0
SES-101221,2024-10-06,Android,North America,Paid Search,v2.3,379.8,1,0,0.0
SES-101222,2024-10-06,iOS,Asia-Pacific,Organic Search,v2.3,386.4,1,0,0.0
SES-101223,2024-10-06,iOS,Latin America,Paid Search,v2.3,321.4,1,0,0.0
SES-101224,2024-10-06,iOS,North America,Organic Search,v2.3,303.3,1,0,0.0
SES-101225,2024-10-06,Android,North America,Social Media,v2.3,295.1,2,0,0.0
SES-101226,2024-10-06,iOS,Asia-Pacific,Organic Search,v2.3,335.0,3,0,0.0
SES-101227,2024-10-06,Desktop,Latin America,Social Media,v2.3,382.5,2,0,0.0
SES-101228,2024-10-06,Desktop,Europe,Organic Search,v2.3,397.0,1,0,0.0
SES-101229,2024-10-06,iOS,North America,Direct,v2.3,390.8,1,1,40.82
SES-101230,2024-10-06,Android,Asia-Pacific,Organic Search,v2.3,253.1,2,0,0.0
SES-101231,2024-10-06,Desktop,North America,Organic Search,v2.3,342.2,1,0,0.0
SES-101232,2024-10-06,Android,Europe,Direct,v2.3,280.5,1,0,0.0
SES-101233,2024-10-06,iOS,North America,Organic Search,v2.3,327.7,5,0,0.0
SES-101234,2024-10-06,iOS,Europe,Direct,v2.3,281.5,3,0,0.0
SES-101235,2024-10-06,Desktop,North America,Paid Search,v2.3,324.1,2,0,0.0
SES-101236,2024-10-06,Android,North America,Organic Search,v2.3,418.6,2,0,0.0
SES-101237,2024-10-06,Android,Asia-Pacific,Social Media,v2.3,435.3,4,0,0.0
SES-101238,2024-10-06,Desktop,North America,Paid Search,v2.3,367.7,2,0,0.0
SES-101239,2024-10-06,Desktop,Europe,Direct,v2.3,332.8,2,0,0.0
SES-101240,2024-10-06,Desktop,Europe,Paid Search,v2.3,283.3,5,0,0.0
SES-101241,2024-10-06,iOS,Asia-Pacific,Paid Search,v2.3,315.2,2,0,0.0
SES-101242,2024-10-06,Android,Europe,Organic Search,v2.3,339.5,3,0,0.0
SES-101243,2024-10-06,Android,North America,Organic Search,v2.3,364.8,1,0,0.0
SES-101244,2024-10-06,Desktop,Europe,Paid Search,v2.3,316.6,2,0,0.0
SES-101245,2024-10-06,Android,Asia-Pacific,Paid Search,v2.3,343.2,5,0,0.0
SES-101246,2024-10-06,iOS,North America,Paid Search,v2.3,299.2,3,0,0.0
SES-101247,2024-10-06,Desktop,North America,Direct,v2.3,337.3,2,0,0.0
SES-101248,2024-10-06,Android,North America,Direct,v2.3,326.5,2,0,0.0
SES-101249,2024-10-06,iOS,Asia-Pacific,Organic Search,v2.3,277.5,4,0,0.0
SES-101250,2024-10-06,Android,North America,Organic Search,v2.3,277.9,2,0,0.0
SES-101251,2024-10-06,iOS,Asia-Pacific,Paid Search,v2.3,357.8,1,0,0.0
SES-101252,2024-10-06,iOS,Asia-Pacific,Organic Search,v2.3,354.8,1,0,0.0
SES-101253,2024-10-06,iOS,Latin America,Organic Search,v2.3,300.9,2,0,0.0
SES-101254,2024-10-06,Android,Europe,Organic Search,v2.3,300.7,1,0,0.0
SES-101255,2024-10-06,Android,Latin America,Social Media,v2.3,262.3,5,0,0.0
SES-101256,2024-10-06,Android,Europe,Direct,v2.3,286.1,2,0,0.0
SES-101257,2024-10-06,Android,North America,Organic Search,v2.3,369.7,2,0,0.0
SES-101258,2024-10-06,Desktop,Asia-Pacific,Organic Search,v2.3,255.3,2,0,0.0
SES-101259,2024-10-06,iOS,Europe,Direct,v2.3,298.4,3,0,0.0
SES-101260,2024-10-06,iOS,Europe,Paid Search,v2.3,381.2,5,0,0.0
SES-101261,2024-10-06,Desktop,Europe,Direct,v2.3,280.1,4,0,0.0
SES-101262,2024-10-06,iOS,North America,Social Media,v2.3,341.3,1,0,0.0
SES-101263,2024-10-06,Desktop,North America,Paid Search,v2.3,369.6,1,0,0.0
SES-101264,2024-10-06,Desktop,Asia-Pacific,Organic Search,v2.3,235.0,2,0,0.0
SES-101265,2024-10-06,Android,Asia-Pacific,Direct,v2.3,351.6,2,0,0.0
SES-101266,2024-10-06,Desktop,North America,Social Media,v2.3,321.4,1,0,0.0
SES-101267,2024-10-06,iOS,Europe,Paid Search,v2.3,327.4,1,0,0.0
SES-101268,2024-10-06,iOS,Latin America,Direct,v2.3,266.8,3,0,0.0
SES-101269,2024-10-06,Android,Europe,Organic Search,v2.3,317.0,1,0,0.0
SES-101270,2024-10-06,iOS,Europe,Paid Search,v2.3,287.8,2,0,0.0
SES-101271,2024-10-06,Desktop,Europe,Direct,v2.3,259.8,1,0,0.0
SES-101272,2024-10-06,iOS,North America,Social Media,v2.3,251.0,2,0,0.0
SES-101273,2024-10-06,Android,Europe,Paid Search,v2.3,241.6,1,0,0.0
SES-101274,2024-10-06,Android,Europe,Direct,v2.3,298.1,2,0,0.0
SES-101275,2024-10-06,Android,Europe,Organic Search,v2.3,339.3,3,0,0.0
SES-101276,2024-10-06,iOS,Europe,Organic Search,v2.3,266.1,3,0,0.0
SES-101277,2024-10-06,iOS,North America,Paid Search,v2.3,441.8,2,0,0.0
SES-101278,2024-10-06,Desktop,Asia-Pacific,Organic Search,v2.3,253.3,2,0,0.0
SES-101279,2024-10-06,iOS,Asia-Pacific,Paid Search,v2.3,327.1,1,0,0.0
SES-101280,2024-10-06,Desktop,Europe,Organic Search,v2.3,314.4,1,0,0.0
SES-101281,2024-10-06,Android,Europe,Direct,v2.3,413.2,1,0,0.0
SES-101282,2024-10-06,Desktop,Latin America,Direct,v2.3,282.7,2,0,0.0
SES-101283,2024-10-07,Android,Europe,Paid Search,v2.3,334.2,1,0,0.0
SES-101284,2024-10-07,iOS,Asia-Pacific,Organic Search,v2.3,307.1,4,0,0.0
SES-101285,2024-10-07,Android,Europe,Paid Search,v2.3,269.8,1,0,0.0
SES-101286,2024-10-07,Desktop,Latin America,Social Media,v2.3,268.0,1,0,0.0
SES-101287,2024-10-07,Android,Europe,Paid Search,v2.3,354.2,2,0,0.0
SES-101288,2024-10-07,Desktop,North America,Organic Search,v2.3,391.4,1,0,0.0
SES-101289,2024-10-07,Android,Asia-Pacific,Organic Search,v2.3,367.5,2,0,0.0
SES-101290,2024-10-07,iOS,North America,Organic Search,v2.3,289.8,1,0,0.0
SES-101291,2024-10-07,iOS,Europe,Organic Search,v2.3,361.5,2,0,0.0
SES-101292,2024-10-07,Desktop,North America,Direct,v2.3,355.4,1,0,0.0
SES-101293,2024-10-07,iOS,Asia-Pacific,Direct,v2.3,400.9,1,0,0.0
SES-101294,2024-10-07,Desktop,Europe,Organic Search,v2.3,276.4,2,0,0.0
SES-101295,2024-10-07,Desktop,Europe,Organic Search,v2.3,358.0,3,0,0.0
SES-101296,2024-10-07,iOS,North America,Organic Search,v2.3,298.8,1,0,0.0
SES-101297,2024-10-07,iOS,Europe,Social Media,v2.3,344.4,3,0,0.0
SES-101298,2024-10-07,Android,North America,Paid Search,v2.3,322.8,1,0,0.0
SES-101299,2024-10-07,iOS,Europe,Direct,v2.3,303.1,3,1,74.09
SES-101300,2024-10-07,Desktop,North America,Paid Search,v2.3,335.6,1,0,0.0
SES-101301,2024-10-07,Android,Europe,Paid Search,v2.3,273.4,2,0,0.0
SES-101302,2024-10-07,Android,North America,Paid Search,v2.3,353.8,3,0,0.0
SES-101303,2024-10-07,Desktop,Europe,Organic Search,v2.3,347.9,5,0,0.0
SES-101304,2024-10-07,iOS,Europe,Paid Search,v2.3,374.7,3,0,0.0
SES-101305,2024-10-07,Android,Europe,Paid Search,v2.3,364.9,1,0,0.0
SES-101306,2024-10-07,iOS,Latin America,Organic Search,v2.3,376.6,1,1,30.21
SES-101307,2024-10-07,iOS,Europe,Organic Search,v2.3,311.2,1,0,0.0
SES-101308,2024-10-07,Android,Asia-Pacific,Paid Search,v2.3,352.3,4,0,0.0
SES-101309,2024-10-07,Desktop,Europe,Paid Search,v2.3,294.6,5,0,0.0
SES-101310,2024-10-07,iOS,Europe,Paid Search,v2.3,252.6,1,0,0.0
SES-101311,2024-10-07,Android,North America,Social Media,v2.3,295.7,2,0,0.0
SES-101312,2024-10-07,Android,North America,Organic Search,v2.3,290.0,2,0,0.0
SES-101313,2024-10-07,iOS,Latin America,Organic Search,v2.3,359.3,1,0,0.0
SES-101314,2024-10-07,iOS,Latin America,Organic Search,v2.3,358.8,1,0,0.0
SES-101315,2024-10-07,Desktop,Asia-Pacific,Paid Search,v2.3,351.2,4,0,0.0
SES-101316,2024-10-07,Android,North America,Paid Search,v2.3,280.2,1,0,0.0
SES-101317,2024-10-07,Android,North America,Direct,v2.3,351.2,2,0,0.0
SES-101318,2024-10-07,Android,North America,Organic Search,v2.3,296.9,2,0,0.0
SES-101319,2024-10-07,iOS,Latin America,Paid Search,v2.3,307.5,1,1,89.2
SES-101320,2024-10-07,Android,North America,Social Media,v2.3,296.5,1,0,0.0
SES-101321,2024-10-07,Android,North America,Social Media,v2.3,362.7,1,0,0.0
SES-101322,2024-10-07,Android,Europe,Social Media,v2.3,291.1,2,0,0.0
SES-101323,2024-10-07,iOS,Europe,Direct,v2.3,323.8,1,0,0.0
SES-101324,2024-10-07,iOS,Latin America,Social Media,v2.3,306.1,3,0,0.0
SES-101325,2024-10-07,iOS,Europe,Organic Search,v2.3,253.9,1,0,0.0
SES-101326,2024-10-07,Desktop,North America,Organic Search,v2.3,373.8,2,0,0.0
SES-101327,2024-10-07,Android,Europe,Organic Search,v2.3,330.2,1,0,0.0
SES-101328,2024-10-07,Android,Asia-Pacific,Direct,v2.3,290.1,3,0,0.0
SES-101329,2024-10-07,iOS,Europe,Social Media,v2.3,396.4,2,0,0.0
SES-101330,2024-10-07,iOS,Asia-Pacific,Organic Search,v2.3,299.8,4,0,0.0
SES-101331,2024-10-07,Android,Europe,Paid Search,v2.3,285.8,4,0,0.0
SES-101332,2024-10-07,Android,Asia-Pacific,Direct,v2.3,282.1,1,0,0.0
SES-101333,2024-10-07,Android,Asia-Pacific,Social Media,v2.3,301.7,2,0,0.0
SES-101334,2024-10-07,iOS,Europe,Paid Search,v2.3,347.5,1,1,54.29
SES-101335,2024-10-07,Android,North America,Social Media,v2.3,303.5,5,0,0.0
SES-101336,2024-10-07,iOS,Europe,Organic Search,v2.3,383.7,4,0,0.0
SES-101337,2024-10-07,iOS,Europe,Organic Search,v2.3,365.0,4,0,0.0
SES-101338,2024-10-07,Android,Asia-Pacific,Paid Search,v2.3,330.7,2,0,0.0
SES-101339,2024-10-07,iOS,North America,Paid Search,v2.3,366.9,1,0,0.0
SES-101340,2024-10-07,iOS,North America,Organic Search,v2.3,252.4,5,0,0.0
SES-101341,2024-10-07,Android,Europe,Direct,v2.3,317.2,4,0,0.0
SES-101342,2024-10-07,Android,North America,Direct,v2.3,296.0,4,0,0.0
SES-101343,2024-10-07,Desktop,Asia-Pacific,Direct,v2.3,370.7,2,0,0.0
SES-101344,2024-10-07,Android,North America,Organic Search,v2.3,371.9,2,0,0.0
SES-101345,2024-10-07,iOS,Latin America,Paid Search,v2.3,314.5,1,1,186.02
SES-101346,2024-10-07,iOS,Latin America,Paid Search,v2.3,276.1,1,0,0.0
SES-101347,2024-10-07,Desktop,Europe,Organic Search,v2.3,267.3,1,0,0.0
SES-101348,2024-10-07,Android,Europe,Paid Search,v2.3,365.8,4,0,0.0
SES-101349,2024-10-07,Android,Asia-Pacific,Organic Search,v2.3,349.9,2,0,0.0
SES-101350,2024-10-07,iOS,North America,Organic Search,v2.3,375.2,1,1,128.64
SES-101351,2024-10-07,Android,Europe,Direct,v2.3,307.8,4,0,0.0
SES-101352,2024-10-07,iOS,Europe,Organic Search,v2.3,370.1,1,0,0.0
SES-101353,2024-10-07,Android,North America,Social Media,v2.3,272.3,5,0,0.0
SES-101354,2024-10-07,Desktop,Asia-Pacific,Paid Search,v2.3,314.1,1,0,0.0
SES-101355,2024-10-07,Desktop,Europe,Social Media,v2.3,308.9,4,0,0.0
SES-101356,2024-10-07,Android,Europe,Organic Search,v2.3,360.6,1,0,0.0
SES-101357,2024-10-07,Android,Latin America,Paid Search,v2.3,300.3,1,0,0.0
SES-101358,2024-10-07,Desktop,Asia-Pacific,Organic Search,v2.3,358.4,3,0,0.0
SES-101359,2024-10-07,Android,North America,Direct,v2.3,309.6,1,0,0.0
SES-101360,2024-10-07,iOS,Asia-Pacific,Paid Search,v2.3,375.2,2,0,0.0
SES-101361,2024-10-07,Android,North America,Organic Search,v2.3,329.3,3,0,0.0
SES-101362,2024-10-07,iOS,Asia-Pacific,Social Media,v2.3,347.9,3,0,0.0
SES-101363,2024-10-07,Android,North America,Paid Search,v2.3,283.4,1,0,0.0
SES-101364,2024-10-07,Android,Europe,Organic Search,v2.3,305.9,4,0,0.0
SES-101365,2024-10-07,Android,Asia-Pacific,Paid Search,v2.3,445.2,2,0,0.0
SES-101366,2024-10-07,iOS,North America,Direct,v2.3,364.9,5,0,0.0
SES-101367,2024-10-07,iOS,Latin America,Organic Search,v2.3,189.0,1,0,0.0
SES-101368,2024-10-07,Android,Europe,Paid Search,v2.3,421.1,2,0,0.0
SES-101369,2024-10-07,Desktop,Latin America,Organic Search,v2.3,345.1,1,0,0.0
SES-101370,2024-10-07,Android,Latin America,Paid Search,v2.3,282.6,3,0,0.0
SES-101371,2024-10-07,iOS,Europe,Direct,v2.3,236.4,4,0,0.0
SES-101372,2024-10-07,Desktop,Asia-Pacific,Paid Search,v2.3,258.2,1,0,0.0
SES-101373,2024-10-07,Desktop,North America,Paid Search,v2.3,316.5,4,0,0.0
SES-101374,2024-10-07,iOS,Latin America,Organic Search,v2.3,284.6,2,0,0.0
SES-101375,2024-10-07,iOS,North America,Organic Search,v2.3,309.9,2,0,0.0
SES-101376,2024-10-07,Android,Asia-Pacific,Organic Search,v2.3,349.7,3,0,0.0
SES-101377,2024-10-07,Desktop,North America,Paid Search,v2.3,249.8,1,0,0.0
SES-101378,2024-10-07,Desktop,Europe,Paid Search,v2.3,281.0,1,0,0.0
SES-101379,2024-10-07,Desktop,Europe,Social Media,v2.3,332.5,2,0,0.0
SES-101380,2024-10-07,Android,North America,Organic Search,v2.3,263.1,1,0,0.0
SES-101381,2024-10-07,Android,Asia-Pacific,Paid Search,v2.3,331.2,1,0,0.0
SES-101382,2024-10-07,iOS,North America,Paid Search,v2.3,334.7,4,0,0.0
SES-101383,2024-10-07,iOS,North America,Paid Search,v2.3,322.6,1,0,0.0
SES-101384,2024-10-07,Android,Europe,Social Media,v2.3,406.8,4,0,0.0
SES-101385,2024-10-07,Android,North America,Organic Search,v2.3,320.0,1,1,226.51
SES-101386,2024-10-07,Android,Europe,Organic Search,v2.3,331.4,2,0,0.0
SES-101387,2024-10-07,Android,Asia-Pacific,Direct,v2.3,367.7,1,0,0.0
SES-101388,2024-10-07,iOS,Latin America,Organic Search,v2.3,352.6,3,0,0.0
SES-101389,2024-10-07,Android,North America,Organic Search,v2.3,284.4,2,0,0.0
SES-101390,2024-10-07,iOS,Europe,Organic Search,v2.3,292.0,3,0,0.0
SES-101391,2024-10-07,Android,Europe,Organic Search,v2.3,299.4,1,0,0.0
SES-101392,2024-10-07,Desktop,North America,Paid Search,v2.3,351.8,2,0,0.0
SES-101393,2024-10-07,Android,North America,Organic Search,v2.3,338.6,3,0,0.0
SES-101394,2024-10-07,Desktop,Asia-Pacific,Paid Search,v2.3,280.3,3,0,0.0
SES-101395,2024-10-07,iOS,Europe,Paid Search,v2.3,354.9,3,0,0.0
SES-101396,2024-10-07,Android,Asia-Pacific,Paid Search,v2.3,374.2,2,0,0.0
SES-101397,2024-10-07,iOS,North America,Social Media,v2.3,309.1,2,0,0.0
SES-101398,2024-10-07,Android,Europe,Organic Search,v2.3,383.2,1,0,0.0
SES-101399,2024-10-07,Desktop,North America,Social Media,v2.3,318.2,2,0,0.0
SES-101400,2024-10-07,Android,Europe,Paid Search,v2.3,312.8,2,1,58.85
SES-101401,2024-10-07,Desktop,North America,Direct,v2.3,236.6,1,0,0.0
SES-101402,2024-10-07,iOS,Asia-Pacific,Paid Search,v2.3,358.5,1,0,0.0
SES-101403,2024-10-07,Desktop,North America,Paid Search,v2.3,340.1,1,0,0.0
SES-101404,2024-10-07,iOS,Asia-Pacific,Social Media,v2.3,271.6,1,0,0.0
SES-101405,2024-10-07,Desktop,North America,Social Media,v2.3,319.9,2,0,0.0
SES-101406,2024-10-07,iOS,Europe,Organic Search,v2.3,322.4,1,0,0.0
SES-101407,2024-10-07,iOS,North America,Organic Search,v2.3,327.2,3,0,0.0
SES-101408,2024-10-07,Android,North America,Paid Search,v2.3,360.7,3,1,153.47
SES-101409,2024-10-07,Desktop,North America,Social Media,v2.3,324.0,1,0,0.0
SES-101410,2024-10-07,iOS,Europe,Organic Search,v2.3,341.2,3,0,0.0
SES-101411,2024-10-07,iOS,North America,Direct,v2.3,278.4,1,0,0.0
SES-101412,2024-10-07,Desktop,Europe,Direct,v2.3,348.9,1,0,0.0
SES-101413,2024-10-07,iOS,Europe,Direct,v2.3,262.3,3,0,0.0
SES-101414,2024-10-07,iOS,North America,Paid Search,v2.3,279.0,1,0,0.0
SES-101415,2024-10-07,Android,Europe,Paid Search,v2.3,271.9,1,0,0.0
SES-101416,2024-10-07,iOS,Latin America,Social Media,v2.3,380.9,2,1,120.47
SES-101417,2024-10-07,Desktop,North America,Paid Search,v2.3,361.0,2,0,0.0
SES-101418,2024-10-07,Desktop,Asia-Pacific,Direct,v2.3,377.1,1,0,0.0
SES-101419,2024-10-07,Android,North America,Organic Search,v2.3,396.6,1,0,0.0
SES-101420,2024-10-07,Desktop,Asia-Pacific,Direct,v2.3,387.3,1,0,0.0
SES-101421,2024-10-07,Android,Europe,Organic Search,v2.3,306.8,1,0,0.0
SES-101422,2024-10-07,iOS,Latin America,Organic Search,v2.3,310.0,1,0,0.0
SES-101423,2024-10-07,iOS,North America,Direct,v2.3,397.9,5,0,0.0
SES-101424,2024-10-07,Android,Asia-Pacific,Paid Search,v2.3,358.2,4,0,0.0
SES-101425,2024-10-07,iOS,North America,Direct,v2.3,337.8,5,0,0.0
SES-101426,2024-10-07,Desktop,Europe,Organic Search,v2.3,377.9,1,0,0.0
SES-101427,2024-10-07,Desktop,North America,Paid Search,v2.3,345.5,4,0,0.0
SES-101428,2024-10-07,iOS,Europe,Paid Search,v2.3,325.7,1,0,0.0
SES-101429,2024-10-07,Android,North America,Paid Search,v2.3,292.4,4,0,0.0
SES-101430,2024-10-07,Android,Europe,Organic Search,v2.3,250.8,1,0,0.0
SES-101431,2024-10-07,Desktop,North America,Direct,v2.3,350.1,1,0,0.0
SES-101432,2024-10-07,Desktop,Latin America,Direct,v2.3,236.5,1,0,0.0
SES-101433,2024-10-07,Android,North America,Organic Search,v2.3,338.2,1,0,0.0
SES-101434,2024-10-07,Desktop,Asia-Pacific,Organic Search,v2.3,320.2,2,1,77.14
SES-101435,2024-10-07,Android,North America,Direct,v2.3,353.3,2,0,0.0
SES-101436,2024-10-07,Android,North America,Direct,v2.3,365.2,2,0,0.0
SES-101437,2024-10-07,iOS,Latin America,Direct,v2.3,305.8,4,0,0.0
SES-101438,2024-10-07,iOS,Asia-Pacific,Direct,v2.3,345.0,1,0,0.0
SES-101439,2024-10-07,Android,Asia-Pacific,Paid Search,v2.3,362.2,1,1,52.16
SES-101440,2024-10-07,iOS,Europe,Paid Search,v2.3,445.4,1,0,0.0
SES-101441,2024-10-07,iOS,North America,Organic Search,v2.3,364.2,1,0,0.0
SES-101442,2024-10-07,Android,Europe,Organic Search,v2.3,422.5,2,0,0.0
SES-101443,2024-10-07,iOS,North America,Direct,v2.3,310.4,3,0,0.0
SES-101444,2024-10-07,Android,North America,Organic Search,v2.3,285.1,5,0,0.0
SES-101445,2024-10-07,Android,Asia-Pacific,Social Media,v2.3,275.3,5,0,0.0
SES-101446,2024-10-07,Desktop,Asia-Pacific,Direct,v2.3,357.4,1,0,0.0
SES-101447,2024-10-07,Android,North America,Social Media,v2.3,344.6,1,0,0.0
SES-101448,2024-10-07,iOS,Europe,Social Media,v2.3,314.1,1,0,0.0
SES-101449,2024-10-07,Android,Asia-Pacific,Paid Search,v2.3,320.7,1,0,0.0
SES-101450,2024-10-07,Desktop,Europe,Direct,v2.3,304.2,1,0,0.0
SES-101451,2024-10-07,Desktop,North America,Organic Search,v2.3,330.9,2,0,0.0
SES-101452,2024-10-07,Android,Europe,Organic Search,v2.3,360.4,2,0,0.0
SES-101453,2024-10-07,iOS,North America,Direct,v2.3,378.7,1,0,0.0
SES-101454,2024-10-07,Desktop,Latin America,Organic Search,v2.3,396.4,1,0,0.0
SES-101455,2024-10-07,iOS,Europe,Social Media,v2.3,409.4,3,0,0.0
SES-101456,2024-10-07,Android,North America,Direct,v2.3,331.3,1,0,0.0
SES-101457,2024-10-07,Android,Europe,Direct,v2.3,336.5,1,0,0.0
SES-101458,2024-10-07,iOS,Latin America,Organic Search,v2.3,280.3,1,0,0.0
SES-101459,2024-10-07,iOS,Asia-Pacific,Direct,v2.3,332.7,2,0,0.0
SES-101460,2024-10-07,iOS,Europe,Organic Search,v2.3,361.2,2,0,0.0
SES-101461,2024-10-07,Android,Europe,Direct,v2.3,332.8,2,0,0.0
SES-101462,2024-10-07,Desktop,North America,Organic Search,v2.3,321.9,2,0,0.0
SES-101463,2024-10-07,iOS,Europe,Direct,v2.3,301.8,1,0,0.0
SES-101464,2024-10-07,Desktop,North America,Organic Search,v2.3,390.6,1,0,0.0
SES-101465,2024-10-07,iOS,Europe,Organic Search,v2.3,335.7,3,0,0.0
SES-101466,2024-10-07,Android,Europe,Paid Search,v2.3,348.9,1,0,0.0
SES-101467,2024-10-07,iOS,North America,Organic Search,v2.3,337.5,1,0,0.0
SES-101468,2024-10-07,Desktop,Europe,Direct,v2.3,341.5,5,0,0.0
SES-101469,2024-10-07,Desktop,Asia-Pacific,Organic Search,v2.3,321.5,4,1,43.95
SES-101470,2024-10-07,Android,Europe,Organic Search,v2.3,276.6,2,0,0.0
SES-101471,2024-10-07,Desktop,Europe,Paid Search,v2.3,323.2,1,0,0.0
SES-101472,2024-10-07,Android,Latin America,Organic Search,v2.3,334.5,2,0,0.0
SES-101473,2024-10-07,Desktop,North America,Paid Search,v2.3,308.3,1,0,0.0
SES-101474,2024-10-07,Android,Asia-Pacific,Direct,v2.3,360.5,1,0,0.0
SES-101475,2024-10-07,Desktop,Europe,Organic Search,v2.3,272.1,3,0,0.0
SES-101476,2024-10-07,Android,North America,Organic Search,v2.3,281.8,4,0,0.0
SES-101477,2024-10-07,iOS,Asia-Pacific,Organic Search,v2.3,325.0,2,0,0.0
SES-101478,2024-10-07,Android,Europe,Paid Search,v2.3,449.4,2,0,0.0
SES-101479,2024-10-07,iOS,Asia-Pacific,Paid Search,v2.3,225.3,3,0,0.0
SES-101480,2024-10-07,Android,North America,Paid Search,v2.3,321.4,3,0,0.0
SES-101481,2024-10-07,Android,North America,Direct,v2.3,323.2,4,0,0.0
SES-101482,2024-10-07,Android,North America,Organic Search,v2.3,357.0,1,0,0.0
SES-101483,2024-10-07,iOS,North America,Paid Search,v2.3,373.7,2,0,0.0
SES-101484,2024-10-07,iOS,Europe,Paid Search,v2.3,279.2,1,0,0.0
SES-101485,2024-10-08,Android,North America,Paid Search,v2.3,326.6,2,0,0.0
SES-101486,2024-10-08,Desktop,Europe,Social Media,v2.3,292.0,1,0,0.0
SES-101487,2024-10-08,iOS,North America,Paid Search,v2.3,285.8,4,1,28.76
SES-101488,2024-10-08,Android,Asia-Pacific,Social Media,v2.3,297.6,2,0,0.0
SES-101489,2024-10-08,Android,North America,Organic Search,v2.3,328.9,2,0,0.0
SES-101490,2024-10-08,Android,Latin America,Organic Search,v2.3,328.4,1,0,0.0
SES-101491,2024-10-08,iOS,Europe,Organic Search,v2.3,330.2,1,0,0.0
SES-101492,2024-10-08,Android,North America,Paid Search,v2.3,290.8,4,0,0.0
SES-101493,2024-10-08,iOS,Asia-Pacific,Organic Search,v2.3,244.9,1,0,0.0
SES-101494,2024-10-08,Desktop,North America,Organic Search,v2.3,404.2,4,0,0.0
SES-101495,2024-10-08,iOS,North America,Paid Search,v2.3,336.0,2,0,0.0
SES-101496,2024-10-08,iOS,Europe,Organic Search,v2.3,308.7,3,0,0.0
SES-101497,2024-10-08,iOS,North America,Organic Search,v2.3,254.4,2,0,0.0
SES-101498,2024-10-08,iOS,Europe,Organic Search,v2.3,303.3,1,0,0.0
SES-101499,2024-10-08,Desktop,Latin America,Social Media,v2.3,320.9,1,0,0.0
SES-101500,2024-10-08,iOS,Europe,Organic Search,v2.3,373.5,2,0,0.0
SES-101501,2024-10-08,iOS,Asia-Pacific,Direct,v2.3,256.4,1,0,0.0
SES-101502,2024-10-08,Android,North America,Paid Search,v2.3,312.4,1,0,0.0
SES-101503,2024-10-08,iOS,Europe,Paid Search,v2.3,337.6,1,0,0.0
SES-101504,2024-10-08,iOS,North America,Organic Search,v2.3,280.5,1,0,0.0
SES-101505,2024-10-08,Desktop,Asia-Pacific,Paid Search,v2.3,361.3,4,0,0.0
SES-101506,2024-10-08,Desktop,Asia-Pacific,Paid Search,v2.3,322.4,1,0,0.0
SES-101507,2024-10-08,Desktop,Europe,Paid Search,v2.3,372.4,1,0,0.0
SES-101508,2024-10-08,Desktop,Europe,Organic Search,v2.3,297.7,1,0,0.0
SES-101509,2024-10-08,Android,Europe,Organic Search,v2.3,372.4,2,0,0.0
SES-101510,2024-10-08,iOS,Europe,Social Media,v2.3,365.3,3,0,0.0
SES-101511,2024-10-08,Desktop,North America,Paid Search,v2.3,356.9,2,0,0.0
SES-101512,2024-10-08,Desktop,Asia-Pacific,Paid Search,v2.3,351.5,4,0,0.0
SES-101513,2024-10-08,Desktop,North America,Paid Search,v2.3,421.0,1,0,0.0
SES-101514,2024-10-08,Android,Asia-Pacific,Social Media,v2.3,255.4,4,0,0.0
SES-101515,2024-10-08,iOS,North America,Paid Search,v2.3,310.3,4,0,0.0
SES-101516,2024-10-08,Desktop,North America,Paid Search,v2.3,301.9,5,0,0.0
SES-101517,2024-10-08,Android,Europe,Social Media,v2.3,323.9,2,0,0.0
SES-101518,2024-10-08,Desktop,Asia-Pacific,Direct,v2.3,300.5,2,0,0.0
SES-101519,2024-10-08,iOS,Asia-Pacific,Organic Search,v2.3,421.6,3,0,0.0
SES-101520,2024-10-08,iOS,North America,Organic Search,v2.3,213.5,3,0,0.0
SES-101521,2024-10-08,iOS,Europe,Direct,v2.3,323.4,4,0,0.0
SES-101522,2024-10-08,Desktop,Europe,Direct,v2.3,366.0,1,0,0.0
SES-101523,2024-10-08,iOS,Europe,Paid Search,v2.3,322.7,1,0,0.0
SES-101524,2024-10-08,iOS,North America,Paid Search,v2.3,350.2,2,0,0.0
SES-101525,2024-10-08,Desktop,Asia-Pacific,Paid Search,v2.3,318.6,1,0,0.0
SES-101526,2024-10-08,iOS,Europe,Paid Search,v2.3,348.3,4,0,0.0
SES-101527,2024-10-08,Desktop,Asia-Pacific,Direct,v2.3,317.8,2,0,0.0
SES-101528,2024-10-08,iOS,North America,Organic Search,v2.3,366.8,1,1,79.25
SES-101529,2024-10-08,Desktop,North America,Social Media,v2.3,321.8,3,0,0.0
SES-101530,2024-10-08,Android,Latin America,Direct,v2.3,295.6,2,0,0.0
SES-101531,2024-10-08,Desktop,Europe,Paid Search,v2.3,327.2,4,0,0.0
SES-101532,2024-10-08,Desktop,Latin America,Organic Search,v2.3,333.7,1,0,0.0
SES-101533,2024-10-08,iOS,Europe,Organic Search,v2.3,279.2,3,0,0.0
SES-101534,2024-10-08,iOS,North America,Paid Search,v2.3,394.4,3,0,0.0
SES-101535,2024-10-08,iOS,Asia-Pacific,Direct,v2.3,397.3,5,0,0.0
SES-101536,2024-10-08,Android,Latin America,Paid Search,v2.3,260.8,2,0,0.0
SES-101537,2024-10-08,Desktop,North America,Paid Search,v2.3,353.6,3,0,0.0
SES-101538,2024-10-08,Android,North America,Paid Search,v2.3,341.9,1,0,0.0
SES-101539,2024-10-08,Android,Asia-Pacific,Direct,v2.3,410.5,1,0,0.0
SES-101540,2024-10-08,iOS,Asia-Pacific,Organic Search,v2.3,333.4,4,0,0.0
SES-101541,2024-10-08,Desktop,Europe,Paid Search,v2.3,346.3,1,0,0.0
SES-101542,2024-10-08,Desktop,Asia-Pacific,Direct,v2.3,274.2,3,0,0.0
SES-101543,2024-10-08,iOS,North America,Paid Search,v2.3,318.8,2,0,0.0
SES-101544,2024-10-08,Android,North America,Direct,v2.3,384.8,2,0,0.0
SES-101545,2024-10-08,iOS,North America,Paid Search,v2.3,319.3,2,0,0.0
SES-101546,2024-10-08,Android,North America,Social Media,v2.3,306.9,1,0,0.0
SES-101547,2024-10-08,Android,Latin America,Organic Search,v2.3,291.5,2,0,0.0
SES-101548,2024-10-08,iOS,North America,Paid Search,v2.3,328.9,1,0,0.0
SES-101549,2024-10-08,Android,Latin America,Organic Search,v2.3,350.5,1,0,0.0
SES-101550,2024-10-08,iOS,Europe,Organic Search,v2.3,319.3,2,0,0.0
SES-101551,2024-10-08,Android,Asia-Pacific,Paid Search,v2.3,319.1,3,0,0.0
SES-101552,2024-10-08,Android,Asia-Pacific,Organic Search,v2.3,339.9,3,0,0.0
SES-101553,2024-10-08,iOS,North America,Social Media,v2.3,294.5,4,0,0.0
SES-101554,2024-10-08,Desktop,North America,Social Media,v2.3,303.9,2,0,0.0
SES-101555,2024-10-08,Android,North America,Organic Search,v2.3,277.0,3,0,0.0
SES-101556,2024-10-08,iOS,Asia-Pacific,Paid Search,v2.3,334.5,1,0,0.0
SES-101557,2024-10-08,iOS,Asia-Pacific,Paid Search,v2.3,282.0,1,0,0.0
SES-101558,2024-10-08,Desktop,Europe,Direct,v2.3,311.6,1,0,0.0
SES-101559,2024-10-08,Desktop,Asia-Pacific,Paid Search,v2.3,352.2,1,0,0.0
SES-101560,2024-10-08,iOS,North America,Organic Search,v2.3,288.4,1,0,0.0
SES-101561,2024-10-08,iOS,Europe,Direct,v2.3,329.5,1,0,0.0
SES-101562,2024-10-08,iOS,Asia-Pacific,Direct,v2.3,343.6,2,0,0.0
SES-101563,2024-10-08,Android,North America,Paid Search,v2.3,273.9,3,0,0.0
SES-101564,2024-10-08,iOS,Asia-Pacific,Social Media,v2.3,279.8,2,1,57.64
SES-101565,2024-10-08,iOS,Europe,Social Media,v2.3,310.4,1,0,0.0
SES-101566,2024-10-08,Android,Europe,Paid Search,v2.3,382.0,5,0,0.0
SES-101567,2024-10-08,Android,North America,Paid Search,v2.3,261.5,3,0,0.0
SES-101568,2024-10-08,iOS,Europe,Social Media,v2.3,322.8,1,0,0.0
SES-101569,2024-10-08,Android,Asia-Pacific,Organic Search,v2.3,243.6,1,0,0.0
SES-101570,2024-10-08,Android,Europe,Organic Search,v2.3,365.5,1,0,0.0
SES-101571,2024-10-08,iOS,North America,Organic Search,v2.3,353.6,1,1,89.7
SES-101572,2024-10-08,iOS,Europe,Social Media,v2.3,380.4,3,0,0.0
SES-101573,2024-10-08,Desktop,Europe,Direct,v2.3,291.8,2,0,0.0
SES-101574,2024-10-08,iOS,Asia-Pacific,Organic Search,v2.3,270.5,4,0,0.0
SES-101575,2024-10-08,Android,Europe,Social Media,v2.3,352.2,2,0,0.0
SES-101576,2024-10-08,Desktop,North America,Direct,v2.3,282.6,2,0,0.0
SES-101577,2024-10-08,iOS,Latin America,Social Media,v2.3,356.5,3,0,0.0
SES-101578,2024-10-08,iOS,North America,Organic Search,v2.3,345.6,2,0,0.0
SES-101579,2024-10-08,Android,Asia-Pacific,Paid Search,v2.3,309.1,1,0,0.0
SES-101580,2024-10-08,Desktop,Europe,Direct,v2.3,310.8,1,0,0.0
SES-101581,2024-10-08,Desktop,Europe,Paid Search,v2.3,305.6,2,0,0.0
SES-101582,2024-10-08,Android,Asia-Pacific,Direct,v2.3,253.7,1,0,0.0
SES-101583,2024-10-08,iOS,Asia-Pacific,Direct,v2.3,295.9,1,0,0.0
SES-101584,2024-10-08,Android,North America,Paid Search,v2.3,316.0,2,0,0.0
SES-101585,2024-10-08,Android,North America,Direct,v2.3,386.1,2,0,0.0
SES-101586,2024-10-08,Android,North America,Organic Search,v2.3,307.3,1,0,0.0
SES-101587,2024-10-08,iOS,Europe,Organic Search,v2.3,299.1,1,0,0.0
SES-101588,2024-10-08,iOS,Asia-Pacific,Organic Search,v2.3,373.9,2,0,0.0
SES-101589,2024-10-08,Desktop,North America,Paid Search,v2.3,290.0,2,0,0.0
SES-101590,2024-10-08,Android,North America,Paid Search,v2.3,288.2,2,0,0.0
SES-101591,2024-10-08,iOS,Asia-Pacific,Direct,v2.3,327.6,1,0,0.0
SES-101592,2024-10-08,iOS,Europe,Direct,v2.3,377.4,1,0,0.0
SES-101593,2024-10-08,Desktop,Europe,Paid Search,v2.3,311.8,1,0,0.0
SES-101594,2024-10-08,Android,Asia-Pacific,Direct,v2.3,252.3,3,0,0.0
SES-101595,2024-10-08,iOS,Asia-Pacific,Organic Search,v2.3,363.2,2,0,0.0
SES-101596,2024-10-08,iOS,North America,Organic Search,v2.3,258.9,1,0,0.0
SES-101597,2024-10-08,iOS,Europe,Paid Search,v2.3,292.4,3,0,0.0
SES-101598,2024-10-08,Desktop,Europe,Paid Search,v2.3,325.6,2,0,0.0
SES-101599,2024-10-08,Android,North America,Direct,v2.3,307.1,2,0,0.0
SES-101600,2024-10-08,Android,North America,Paid Search,v2.3,365.5,2,0,0.0
SES-101601,2024-10-08,Android,Asia-Pacific,Direct,v2.3,406.4,1,0,0.0
SES-101602,2024-10-08,iOS,Latin America,Direct,v2.3,312.9,1,0,0.0
SES-101603,2024-10-08,Desktop,Asia-Pacific,Social Media,v2.3,315.1,2,0,0.0
SES-101604,2024-10-08,Android,North America,Organic Search,v2.3,336.9,5,0,0.0
SES-101605,2024-10-08,iOS,Asia-Pacific,Paid Search,v2.3,321.5,1,0,0.0
SES-101606,2024-10-08,iOS,North America,Paid Search,v2.3,363.7,3,0,0.0
SES-101607,2024-10-08,Android,Europe,Social Media,v2.3,265.1,1,0,0.0
SES-101608,2024-10-08,Desktop,Europe,Organic Search,v2.3,292.4,1,0,0.0
SES-101609,2024-10-08,iOS,North America,Paid Search,v2.3,376.3,2,0,0.0
SES-101610,2024-10-08,Desktop,Latin America,Organic Search,v2.3,304.8,1,0,0.0
SES-101611,2024-10-08,Desktop,Europe,Paid Search,v2.3,325.3,4,0,0.0
SES-101612,2024-10-08,iOS,Europe,Organic Search,v2.3,353.8,4,0,0.0
SES-101613,2024-10-08,iOS,Latin America,Organic Search,v2.3,312.7,1,0,0.0
SES-101614,2024-10-08,iOS,Europe,Paid Search,v2.3,298.7,2,1,152.97
SES-101615,2024-10-08,Android,Asia-Pacific,Organic Search,v2.3,304.2,1,0,0.0
SES-101616,2024-10-08,iOS,Europe,Organic Search,v2.3,356.8,1,0,0.0
SES-101617,2024-10-08,iOS,Europe,Organic Search,v2.3,247.2,1,0,0.0
SES-101618,2024-10-08,Android,Latin America,Organic Search,v2.3,345.8,5,1,109.2
SES-101619,2024-10-08,Android,Europe,Social Media,v2.3,280.9,1,0,0.0
SES-101620,2024-10-08,iOS,North America,Paid Search,v2.3,395.3,3,1,99.01
SES-101621,2024-10-08,Android,Europe,Direct,v2.3,357.0,1,0,0.0
SES-101622,2024-10-08,Android,Europe,Paid Search,v2.3,348.5,2,0,0.0
SES-101623,2024-10-08,Android,Europe,Social Media,v2.3,342.0,3,0,0.0
SES-101624,2024-10-08,Desktop,Europe,Paid Search,v2.3,323.8,1,0,0.0
SES-101625,2024-10-08,iOS,Europe,Paid Search,v2.3,267.0,3,0,0.0
SES-101626,2024-10-08,Desktop,Asia-Pacific,Paid Search,v2.3,308.8,2,0,0.0
SES-101627,2024-10-08,Android,North America,Direct,v2.3,312.7,4,0,0.0
SES-101628,2024-10-08,Android,Europe,Paid Search,v2.3,189.8,2,0,0.0
SES-101629,2024-10-08,Android,North America,Organic Search,v2.3,373.7,1,0,0.0
SES-101630,2024-10-08,Android,Latin America,Organic Search,v2.3,311.6,2,0,0.0
SES-101631,2024-10-08,iOS,Latin America,Paid Search,v2.3,364.8,1,0,0.0
SES-101632,2024-10-08,Android,Asia-Pacific,Paid Search,v2.3,347.0,1,0,0.0
SES-101633,2024-10-08,Android,Asia-Pacific,Organic Search,v2.3,367.7,1,0,0.0
SES-101634,2024-10-08,Android,Europe,Paid Search,v2.3,241.5,1,0,0.0
SES-101635,2024-10-08,iOS,North America,Paid Search,v2.3,351.9,3,1,15.15
SES-101636,2024-10-08,Desktop,North America,Direct,v2.3,284.4,1,0,0.0
SES-101637,2024-10-08,Android,North America,Organic Search,v2.3,241.7,2,0,0.0
SES-101638,2024-10-08,iOS,North America,Organic Search,v2.3,383.9,1,0,0.0
SES-101639,2024-10-08,Android,North America,Direct,v2.3,366.5,1,0,0.0
SES-101640,2024-10-08,Desktop,Latin America,Paid Search,v2.3,306.7,1,0,0.0
SES-101641,2024-10-08,Desktop,Asia-Pacific,Organic Search,v2.3,264.2,1,0,0.0
SES-101642,2024-10-08,Android,North America,Direct,v2.3,345.3,2,0,0.0
SES-101643,2024-10-08,Desktop,Asia-Pacific,Paid Search,v2.3,371.5,2,0,0.0
SES-101644,2024-10-08,iOS,Europe,Paid Search,v2.3,372.3,2,0,0.0
SES-101645,2024-10-08,Android,Europe,Social Media,v2.3,367.9,1,0,0.0
SES-101646,2024-10-08,Desktop,North America,Social Media,v2.3,378.9,1,0,0.0
SES-101647,2024-10-08,Desktop,North America,Paid Search,v2.3,325.5,1,0,0.0
SES-101648,2024-10-08,Android,Europe,Organic Search,v2.3,328.9,4,0,0.0
SES-101649,2024-10-08,Desktop,Asia-Pacific,Organic Search,v2.3,308.7,3,0,0.0
SES-101650,2024-10-08,iOS,North America,Organic Search,v2.3,382.9,3,0,0.0
SES-101651,2024-10-08,Desktop,North America,Organic Search,v2.3,310.2,1,0,0.0
SES-101652,2024-10-08,iOS,Europe,Paid Search,v2.3,297.0,1,0,0.0
SES-101653,2024-10-08,iOS,Europe,Social Media,v2.3,227.3,2,0,0.0
SES-101654,2024-10-08,iOS,Asia-Pacific,Social Media,v2.3,281.0,1,0,0.0
SES-101655,2024-10-08,Android,North America,Paid Search,v2.3,306.1,2,0,0.0
SES-101656,2024-10-08,iOS,Latin America,Paid Search,v2.3,296.8,1,0,0.0
SES-101657,2024-10-08,iOS,Latin America,Organic Search,v2.3,316.2,2,0,0.0
SES-101658,2024-10-08,iOS,North America,Organic Search,v2.3,323.2,1,0,0.0
SES-101659,2024-10-08,iOS,Europe,Organic Search,v2.3,293.1,4,0,0.0
SES-101660,2024-10-08,Android,Asia-Pacific,Direct,v2.3,307.9,3,0,0.0
SES-101661,2024-10-08,Android,Latin America,Organic Search,v2.3,365.9,1,0,0.0
SES-101662,2024-10-08,iOS,North America,Social Media,v2.3,323.9,1,0,0.0
SES-101663,2024-10-08,Android,Asia-Pacific,Paid Search,v2.3,388.6,3,0,0.0
SES-101664,2024-10-08,Desktop,Asia-Pacific,Organic Search,v2.3,389.9,4,0,0.0
SES-101665,2024-10-08,Desktop,North America,Organic Search,v2.3,383.1,1,0,0.0
SES-101666,2024-10-08,iOS,North America,Paid Search,v2.3,339.2,2,0,0.0
SES-101667,2024-10-08,Android,Asia-Pacific,Social Media,v2.3,275.9,2,0,0.0
SES-101668,2024-10-08,iOS,North America,Direct,v2.3,317.1,3,0,0.0
SES-101669,2024-10-08,iOS,Europe,Organic Search,v2.3,255.4,1,0,0.0
SES-101670,2024-10-08,iOS,Europe,Paid Search,v2.3,438.5,3,0,0.0
SES-101671,2024-10-08,Desktop,Europe,Organic Search,v2.3,385.4,1,0,0.0
SES-101672,2024-10-08,iOS,Europe,Social Media,v2.3,312.1,1,0,0.0
SES-101673,2024-10-08,iOS,Latin America,Direct,v2.3,378.0,3,0,0.0
SES-101674,2024-10-08,iOS,Europe,Paid Search,v2.3,216.2,1,0,0.0
SES-101675,2024-10-08,Desktop,Europe,Paid Search,v2.3,301.8,2,0,0.0
SES-101676,2024-10-08,Android,Europe,Paid Search,v2.3,245.9,4,0,0.0
SES-101677,2024-10-08,iOS,North America,Organic Search,v2.3,330.3,2,0,0.0
SES-101678,2024-10-09,Android,North America,Organic Search,v2.3,310.2,1,0,0.0
SES-101679,2024-10-09,Android,Europe,Paid Search,v2.3,335.4,5,0,0.0
SES-101680,2024-10-09,Android,Europe,Social Media,v2.3,354.6,1,0,0.0
SES-101681,2024-10-09,iOS,Europe,Paid Search,v2.3,297.7,3,0,0.0
SES-101682,2024-10-09,Desktop,North America,Organic Search,v2.3,277.8,5,0,0.0
SES-101683,2024-10-09,iOS,Europe,Social Media,v2.3,280.8,2,0,0.0
SES-101684,2024-10-09,Android,Latin America,Organic Search,v2.3,344.3,2,0,0.0
SES-101685,2024-10-09,iOS,North America,Organic Search,v2.3,386.1,1,0,0.0
SES-101686,2024-10-09,iOS,Europe,Organic Search,v2.3,317.1,3,0,0.0
SES-101687,2024-10-09,iOS,Asia-Pacific,Paid Search,v2.3,318.0,1,0,0.0
SES-101688,2024-10-09,Android,Europe,Paid Search,v2.3,337.7,1,0,0.0
SES-101689,2024-10-09,iOS,North America,Paid Search,v2.3,403.3,1,0,0.0
SES-101690,2024-10-09,Desktop,Europe,Direct,v2.3,279.2,4,0,0.0
SES-101691,2024-10-09,iOS,North America,Organic Search,v2.3,344.3,1,0,0.0
SES-101692,2024-10-09,Android,Asia-Pacific,Direct,v2.3,319.9,2,0,0.0
SES-101693,2024-10-09,Desktop,Latin America,Organic Search,v2.3,424.5,3,0,0.0
SES-101694,2024-10-09,Android,Europe,Direct,v2.3,356.5,3,1,9.57
SES-101695,2024-10-09,Android,Europe,Direct,v2.3,351.7,1,0,0.0
SES-101696,2024-10-09,Android,North America,Direct,v2.3,239.6,1,0,0.0
SES-101697,2024-10-09,iOS,Latin America,Paid Search,v2.3,279.6,1,0,0.0
SES-101698,2024-10-09,Desktop,Latin America,Direct,v2.3,357.1,1,0,0.0
SES-101699,2024-10-09,iOS,Europe,Organic Search,v2.3,308.1,3,0,0.0
SES-101700,2024-10-09,Android,Europe,Social Media,v2.3,271.1,1,0,0.0
SES-101701,2024-10-09,Android,North America,Organic Search,v2.3,329.6,3,0,0.0
SES-101702,2024-10-09,iOS,Europe,Organic Search,v2.3,424.0,2,0,0.0
SES-101703,2024-10-09,iOS,Europe,Paid Search,v2.3,316.6,1,0,0.0
SES-101704,2024-10-09,Android,Europe,Direct,v2.3,277.1,4,0,0.0
SES-101705,2024-10-09,Desktop,North America,Organic Search,v2.3,338.7,4,0,0.0
SES-101706,2024-10-09,Desktop,Latin America,Social Media,v2.3,309.8,2,0,0.0
SES-101707,2024-10-09,Android,Latin America,Social Media,v2.3,291.6,3,0,0.0
SES-101708,2024-10-09,Android,North America,Paid Search,v2.3,326.1,1,0,0.0
SES-101709,2024-10-09,Desktop,North America,Paid Search,v2.3,362.3,1,0,0.0
SES-101710,2024-10-09,iOS,Asia-Pacific,Direct,v2.3,335.5,1,0,0.0
SES-101711,2024-10-09,iOS,Europe,Organic Search,v2.3,354.0,2,0,0.0
SES-101712,2024-10-09,Android,North America,Paid Search,v2.3,283.2,1,0,0.0
SES-101713,2024-10-09,Desktop,North America,Social Media,v2.3,228.5,4,0,0.0
SES-101714,2024-10-09,Desktop,Europe,Social Media,v2.3,248.7,4,0,0.0
SES-101715,2024-10-09,Android,North America,Social Media,v2.3,267.0,2,0,0.0
SES-101716,2024-10-09,iOS,Europe,Organic Search,v2.3,305.4,1,0,0.0
SES-101717,2024-10-09,Android,North America,Organic Search,v2.3,373.8,1,0,0.0
SES-101718,2024-10-09,iOS,Europe,Organic Search,v2.3,303.2,1,0,0.0
SES-101719,2024-10-09,iOS,Europe,Paid Search,v2.3,268.5,2,0,0.0
SES-101720,2024-10-09,Desktop,Europe,Organic Search,v2.3,384.6,1,0,0.0
SES-101721,2024-10-09,iOS,Asia-Pacific,Paid Search,v2.3,266.8,1,0,0.0
SES-101722,2024-10-09,Desktop,North America,Paid Search,v2.3,345.2,2,0,0.0
SES-101723,2024-10-09,Android,North America,Direct,v2.3,295.5,2,0,0.0
SES-101724,2024-10-09,Android,North America,Direct,v2.3,200.3,1,0,0.0
SES-101725,2024-10-09,iOS,North America,Direct,v2.3,333.4,4,0,0.0
SES-101726,2024-10-09,iOS,Europe,Organic Search,v2.3,352.7,1,0,0.0
SES-101727,2024-10-09,iOS,Asia-Pacific,Organic Search,v2.3,336.1,1,0,0.0
SES-101728,2024-10-09,Desktop,Europe,Direct,v2.3,285.5,2,0,0.0
SES-101729,2024-10-09,Desktop,Europe,Paid Search,v2.3,340.5,2,0,0.0
SES-101730,2024-10-09,Android,Asia-Pacific,Paid Search,v2.3,349.1,3,0,0.0
SES-101731,2024-10-09,iOS,Europe,Organic Search,v2.3,416.2,1,0,0.0
SES-101732,2024-10-09,Desktop,Europe,Organic Search,v2.3,410.1,1,0,0.0
SES-101733,2024-10-09,iOS,North America,Paid Search,v2.3,305.3,1,0,0.0
SES-101734,2024-10-09,iOS,North America,Social Media,v2.3,305.7,1,0,0.0
SES-101735,2024-10-09,Android,Asia-Pacific,Social Media,v2.3,390.5,2,0,0.0
SES-101736,2024-10-09,Desktop,North America,Paid Search,v2.3,391.2,1,0,0.0
SES-101737,2024-10-09,iOS,North America,Paid Search,v2.3,323.8,1,0,0.0
SES-101738,2024-10-09,iOS,Asia-Pacific,Direct,v2.3,315.7,3,0,0.0
SES-101739,2024-10-09,Desktop,Europe,Paid Search,v2.3,245.4,1,0,0.0
SES-101740,2024-10-09,iOS,Europe,Paid Search,v2.3,215.3,4,0,0.0
SES-101741,2024-10-09,iOS,North America,Social Media,v2.3,354.7,1,0,0.0
SES-101742,2024-10-09,Android,Europe,Direct,v2.3,292.1,3,0,0.0
SES-101743,2024-10-09,Desktop,Latin America,Social Media,v2.3,299.5,5,0,0.0
SES-101744,2024-10-09,Android,Asia-Pacific,Organic Search,v2.3,316.2,3,0,0.0
SES-101745,2024-10-09,Desktop,Europe,Paid Search,v2.3,249.2,1,0,0.0
SES-101746,2024-10-09,Android,Europe,Direct,v2.3,289.3,2,0,0.0
SES-101747,2024-10-09,iOS,Europe,Organic Search,v2.3,374.2,3,0,0.0
SES-101748,2024-10-09,Desktop,Europe,Direct,v2.3,296.0,2,0,0.0
SES-101749,2024-10-09,Android,Europe,Organic Search,v2.3,329.0,1,0,0.0
SES-101750,2024-10-09,iOS,North America,Direct,v2.3,310.2,1,0,0.0
SES-101751,2024-10-09,Android,Asia-Pacific,Paid Search,v2.3,274.8,3,0,0.0
SES-101752,2024-10-09,iOS,Asia-Pacific,Organic Search,v2.3,363.7,1,1,55.2
SES-101753,2024-10-09,iOS,Europe,Paid Search,v2.3,363.0,2,1,50.8
SES-101754,2024-10-09,iOS,North America,Direct,v2.3,343.4,1,0,0.0
SES-101755,2024-10-09,Android,North America,Paid Search,v2.3,347.1,1,0,0.0
SES-101756,2024-10-09,Desktop,Asia-Pacific,Paid Search,v2.3,341.6,4,0,0.0
SES-101757,2024-10-09,Android,Asia-Pacific,Social Media,v2.3,267.3,2,0,0.0
SES-101758,2024-10-09,Desktop,Latin America,Paid Search,v2.3,357.6,1,0,0.0
SES-101759,2024-10-09,iOS,North America,Paid Search,v2.3,312.7,1,0,0.0
SES-101760,2024-10-09,iOS,North America,Organic Search,v2.3,268.8,5,0,0.0
SES-101761,2024-10-09,iOS,Europe,Social Media,v2.3,235.0,1,0,0.0
SES-101762,2024-10-09,iOS,North America,Organic Search,v2.3,333.0,2,0,0.0
SES-101763,2024-10-09,iOS,Europe,Paid Search,v2.3,275.4,2,0,0.0
SES-101764,2024-10-09,Desktop,North America,Direct,v2.3,262.6,1,0,0.0
SES-101765,2024-10-09,Desktop,North America,Organic Search,v2.3,326.8,3,0,0.0
SES-101766,2024-10-09,Desktop,Europe,Paid Search,v2.3,344.0,4,0,0.0
SES-101767,2024-10-09,iOS,Europe,Organic Search,v2.3,334.4,2,0,0.0
SES-101768,2024-10-09,Desktop,Europe,Direct,v2.3,343.2,1,0,0.0
SES-101769,2024-10-09,iOS,Europe,Paid Search,v2.3,388.8,1,0,0.0
SES-101770,2024-10-09,iOS,Europe,Social Media,v2.3,329.1,3,0,0.0
SES-101771,2024-10-09,Desktop,Europe,Social Media,v2.3,223.7,4,0,0.0
SES-101772,2024-10-09,Android,Europe,Paid Search,v2.3,239.1,4,0,0.0
SES-101773,2024-10-09,iOS,Europe,Direct,v2.3,275.9,3,0,0.0
SES-101774,2024-10-09,Android,Latin America,Paid Search,v2.3,343.4,3,0,0.0
SES-101775,2024-10-09,iOS,Europe,Paid Search,v2.3,313.6,1,0,0.0
SES-101776,2024-10-09,Android,Europe,Paid Search,v2.3,353.1,3,0,0.0
SES-101777,2024-10-09,Android,North America,Social Media,v2.3,321.3,1,0,0.0
SES-101778,2024-10-09,Desktop,Asia-Pacific,Paid Search,v2.3,274.1,1,0,0.0
SES-101779,2024-10-09,iOS,North America,Organic Search,v2.3,283.3,1,0,0.0
SES-101780,2024-10-09,iOS,Europe,Paid Search,v2.3,373.9,1,0,0.0
SES-101781,2024-10-09,Android,North America,Paid Search,v2.3,306.8,2,0,0.0
SES-101782,2024-10-09,Android,Asia-Pacific,Organic Search,v2.3,356.3,1,0,0.0
SES-101783,2024-10-09,iOS,Asia-Pacific,Paid Search,v2.3,355.9,1,0,0.0
SES-101784,2024-10-09,Android,North America,Paid Search,v2.3,382.3,2,1,50.33
SES-101785,2024-10-09,Desktop,Asia-Pacific,Paid Search,v2.3,313.8,1,0,0.0
SES-101786,2024-10-09,Desktop,Asia-Pacific,Paid Search,v2.3,290.4,2,0,0.0
SES-101787,2024-10-09,Desktop,North America,Paid Search,v2.3,323.2,2,0,0.0
SES-101788,2024-10-09,Desktop,North America,Social Media,v2.3,249.6,2,0,0.0
SES-101789,2024-10-09,Android,North America,Social Media,v2.3,303.1,1,0,0.0
SES-101790,2024-10-09,Desktop,Asia-Pacific,Paid Search,v2.3,323.3,1,0,0.0
SES-101791,2024-10-09,iOS,Europe,Organic Search,v2.3,223.4,2,0,0.0
SES-101792,2024-10-09,iOS,Latin America,Social Media,v2.3,285.4,2,0,0.0
SES-101793,2024-10-09,iOS,Europe,Direct,v2.3,316.5,1,0,0.0
SES-101794,2024-10-09,Android,North America,Organic Search,v2.3,280.5,1,0,0.0
SES-101795,2024-10-09,iOS,Asia-Pacific,Organic Search,v2.3,249.9,1,0,0.0
SES-101796,2024-10-09,Desktop,Europe,Organic Search,v2.3,279.8,1,0,0.0
SES-101797,2024-10-09,iOS,North America,Organic Search,v2.3,347.0,1,0,0.0
SES-101798,2024-10-09,iOS,Europe,Organic Search,v2.3,418.6,1,0,0.0
SES-101799,2024-10-09,Android,North America,Social Media,v2.3,403.3,1,0,0.0
SES-101800,2024-10-09,iOS,Europe,Paid Search,v2.3,241.7,1,0,0.0
SES-101801,2024-10-09,iOS,North America,Direct,v2.3,294.3,2,0,0.0
SES-101802,2024-10-09,iOS,North America,Direct,v2.3,225.0,4,0,0.0
SES-101803,2024-10-09,Android,Latin America,Direct,v2.3,346.2,2,0,0.0
SES-101804,2024-10-09,Android,Latin America,Social Media,v2.3,259.8,1,0,0.0
SES-101805,2024-10-09,Desktop,Europe,Social Media,v2.3,337.5,3,0,0.0
SES-101806,2024-10-09,Android,Asia-Pacific,Paid Search,v2.3,317.8,2,1,60.01
SES-101807,2024-10-09,Android,Europe,Social Media,v2.3,348.2,4,1,46.52
SES-101808,2024-10-09,iOS,Europe,Direct,v2.3,334.1,3,0,0.0
SES-101809,2024-10-09,iOS,Europe,Organic Search,v2.3,303.6,2,0,0.0
SES-101810,2024-10-09,Desktop,Latin America,Direct,v2.3,288.6,2,0,0.0
SES-101811,2024-10-09,iOS,Latin America,Direct,v2.3,325.1,1,0,0.0
SES-101812,2024-10-09,iOS,Europe,Social Media,v2.3,411.5,1,0,0.0
SES-101813,2024-10-09,Desktop,Europe,Paid Search,v2.3,319.7,2,0,0.0
SES-101814,2024-10-09,Android,Europe,Paid Search,v2.3,373.1,1,0,0.0
SES-101815,2024-10-09,iOS,North America,Organic Search,v2.3,353.0,3,0,0.0
SES-101816,2024-10-09,iOS,North America,Organic Search,v2.3,251.1,1,0,0.0
SES-101817,2024-10-09,Desktop,Europe,Organic Search,v2.3,308.1,1,0,0.0
SES-101818,2024-10-09,Desktop,Asia-Pacific,Paid Search,v2.3,326.7,1,0,0.0
SES-101819,2024-10-09,Android,Europe,Direct,v2.3,361.6,2,0,0.0
SES-101820,2024-10-09,Android,Latin America,Organic Search,v2.3,260.1,1,0,0.0
SES-101821,2024-10-09,Android,North America,Paid Search,v2.3,326.9,1,0,0.0
SES-101822,2024-10-09,Desktop,North America,Organic Search,v2.3,294.2,3,0,0.0
SES-101823,2024-10-09,Desktop,Asia-Pacific,Organic Search,v2.3,302.3,2,0,0.0
SES-101824,2024-10-09,iOS,Asia-Pacific,Paid Search,v2.3,307.1,3,0,0.0
SES-101825,2024-10-09,Desktop,Europe,Organic Search,v2.3,315.3,3,0,0.0
SES-101826,2024-10-09,iOS,Europe,Paid Search,v2.3,290.9,1,0,0.0
SES-101827,2024-10-09,iOS,Latin America,Organic Search,v2.3,309.2,1,0,0.0
SES-101828,2024-10-09,Android,Europe,Organic Search,v2.3,302.2,5,0,0.0
SES-101829,2024-10-09,Android,Europe,Paid Search,v2.3,259.0,1,0,0.0
SES-101830,2024-10-09,Desktop,North America,Paid Search,v2.3,298.1,3,0,0.0
SES-101831,2024-10-09,iOS,Asia-Pacific,Organic Search,v2.3,441.7,2,0,0.0
SES-101832,2024-10-09,Android,Asia-Pacific,Paid Search,v2.3,382.4,1,0,0.0
SES-101833,2024-10-09,Desktop,Latin America,Direct,v2.3,333.2,1,0,0.0
SES-101834,2024-10-09,Desktop,North America,Direct,v2.3,312.7,1,0,0.0
SES-101835,2024-10-09,iOS,Europe,Organic Search,v2.3,297.7,1,0,0.0
SES-101836,2024-10-09,iOS,North America,Paid Search,v2.3,297.5,3,0,0.0
SES-101837,2024-10-09,Android,Asia-Pacific,Direct,v2.3,332.3,2,0,0.0
SES-101838,2024-10-09,iOS,Europe,Organic Search,v2.3,259.9,3,0,0.0
SES-101839,2024-10-09,Desktop,Europe,Social Media,v2.3,320.0,2,0,0.0
SES-101840,2024-10-09,Desktop,Europe,Social Media,v2.3,319.9,3,0,0.0
SES-101841,2024-10-09,iOS,North America,Social Media,v2.3,419.4,4,0,0.0
SES-101842,2024-10-09,iOS,Asia-Pacific,Direct,v2.3,306.5,1,0,0.0
SES-101843,2024-10-09,iOS,North America,Direct,v2.3,335.4,4,0,0.0
SES-101844,2024-10-09,Desktop,Latin America,Paid Search,v2.3,366.0,1,0,0.0
SES-101845,2024-10-09,iOS,Europe,Direct,v2.3,394.6,2,0,0.0
SES-101846,2024-10-09,Android,Latin America,Direct,v2.3,323.9,2,0,0.0
SES-101847,2024-10-09,Android,Asia-Pacific,Direct,v2.3,300.3,3,0,0.0
SES-101848,2024-10-09,Android,Europe,Organic Search,v2.3,339.9,1,0,0.0
SES-101849,2024-10-09,iOS,Latin America,Paid Search,v2.3,268.5,2,0,0.0
SES-101850,2024-10-09,iOS,Europe,Social Media,v2.3,257.8,3,0,0.0
SES-101851,2024-10-09,Desktop,Asia-Pacific,Organic Search,v2.3,392.9,1,0,0.0
SES-101852,2024-10-09,Desktop,Asia-Pacific,Direct,v2.3,272.0,4,0,0.0
SES-101853,2024-10-09,Desktop,Asia-Pacific,Social Media,v2.3,370.8,3,0,0.0
SES-101854,2024-10-09,iOS,North America,Direct,v2.3,380.7,3,0,0.0
SES-101855,2024-10-09,iOS,Europe,Social Media,v2.3,299.3,1,0,0.0
SES-101856,2024-10-09,Android,North America,Direct,v2.3,353.1,1,0,0.0
SES-101857,2024-10-09,iOS,North America,Organic Search,v2.3,375.9,1,0,0.0
SES-101858,2024-10-09,Desktop,Asia-Pacific,Direct,v2.3,304.3,1,0,0.0
SES-101859,2024-10-09,Android,Asia-Pacific,Organic Search,v2.3,266.9,5,0,0.0
SES-101860,2024-10-09,iOS,Latin America,Paid Search,v2.3,349.9,2,0,0.0
SES-101861,2024-10-09,Desktop,Europe,Organic Search,v2.3,383.0,1,0,0.0
SES-101862,2024-10-09,Desktop,Asia-Pacific,Organic Search,v2.3,296.6,2,0,0.0
SES-101863,2024-10-09,iOS,Latin America,Paid Search,v2.3,276.6,1,0,0.0
SES-101864,2024-10-09,Android,Asia-Pacific,Paid Search,v2.3,277.8,1,0,0.0
SES-101865,2024-10-09,iOS,Europe,Paid Search,v2.3,307.8,2,0,0.0
SES-101866,2024-10-09,iOS,Europe,Direct,v2.3,288.7,3,0,0.0
SES-101867,2024-10-09,iOS,Europe,Organic Search,v2.3,294.3,1,0,0.0
SES-101868,2024-10-09,Android,North America,Organic Search,v2.3,212.6,1,0,0.0
SES-101869,2024-10-09,Desktop,North America,Direct,v2.3,252.7,3,0,0.0
SES-101870,2024-10-09,Android,Latin America,Direct,v2.3,340.3,2,0,0.0
SES-101871,2024-10-09,iOS,North America,Social Media,v2.3,344.4,2,0,0.0
SES-101872,2024-10-09,Android,Europe,Organic Search,v2.3,399.4,2,0,0.0
SES-101873,2024-10-09,iOS,North America,Social Media,v2.3,206.1,1,0,0.0
SES-101874,2024-10-09,Desktop,Asia-Pacific,Paid Search,v2.3,264.1,1,0,0.0
SES-101875,2024-10-09,Android,Latin America,Paid Search,v2.3,284.4,5,0,0.0
SES-101876,2024-10-09,iOS,Asia-Pacific,Organic Search,v2.3,335.3,3,0,0.0
SES-101877,2024-10-09,iOS,North America,Paid Search,v2.3,369.3,1,0,0.0
SES-101878,2024-10-09,Desktop,North America,Organic Search,v2.3,265.8,1,0,0.0
SES-101879,2024-10-09,iOS,Asia-Pacific,Organic Search,v2.3,352.0,1,0,0.0
SES-101880,2024-10-09,Desktop,North America,Paid Search,v2.3,300.8,1,0,0.0
SES-101881,2024-10-09,iOS,Europe,Direct,v2.3,325.3,1,0,0.0
SES-101882,2024-10-09,iOS,Europe,Direct,v2.3,249.7,2,0,0.0
SES-101883,2024-10-09,Android,Europe,Paid Search,v2.3,335.8,2,0,0.0
SES-101884,2024-10-09,Desktop,Asia-Pacific,Paid Search,v2.3,334.2,1,0,0.0
SES-101885,2024-10-09,Desktop,Europe,Paid Search,v2.3,289.8,1,0,0.0
SES-101886,2024-10-09,iOS,Europe,Social Media,v2.3,283.4,4,0,0.0
SES-101887,2024-10-09,iOS,Europe,Paid Search,v2.3,325.5,1,0,0.0
SES-101888,2024-10-09,iOS,North America,Organic Search,v2.3,293.8,4,0,0.0
SES-101889,2024-10-09,Android,North America,Organic Search,v2.3,315.8,1,0,0.0
SES-101890,2024-10-09,Android,North America,Paid Search,v2.3,305.5,3,0,0.0
SES-101891,2024-10-09,Desktop,Europe,Paid Search,v2.3,247.5,3,0,0.0
SES-101892,2024-10-09,Desktop,Europe,Organic Search,v2.3,273.8,1,0,0.0
SES-101893,2024-10-09,iOS,North America,Direct,v2.3,294.3,1,0,0.0
SES-101894,2024-10-09,Android,Europe,Direct,v2.3,233.2,3,0,0.0
SES-101895,2024-10-09,Desktop,Europe,Direct,v2.3,331.4,1,0,0.0
SES-101896,2024-10-09,Desktop,Europe,Organic Search,v2.3,391.9,1,0,0.0
SES-101897,2024-10-09,iOS,Asia-Pacific,Paid Search,v2.3,308.2,2,0,0.0
SES-101898,2024-10-09,iOS,North America,Social Media,v2.3,372.4,1,0,0.0
SES-101899,2024-10-09,Android,Europe,Social Media,v2.3,421.5,2,0,0.0
SES-101900,2024-10-09,iOS,Europe,Organic Search,v2.3,329.7,2,0,0.0
SES-101901,2024-10-09,iOS,Latin America,Organic Search,v2.3,385.5,2,0,0.0
SES-101902,2024-10-10,iOS,North America,Paid Search,v2.3,216.0,2,0,0.0
SES-101903,2024-10-10,Android,North America,Paid Search,v2.3,365.8,5,1,174.82
SES-101904,2024-10-10,iOS,Asia-Pacific,Direct,v2.3,280.9,3,0,0.0
SES-101905,2024-10-10,iOS,Asia-Pacific,Social Media,v2.3,309.6,3,0,0.0
SES-101906,2024-10-10,iOS,Asia-Pacific,Paid Search,v2.3,278.1,2,0,0.0
SES-101907,2024-10-10,Desktop,North America,Organic Search,v2.3,280.9,2,0,0.0
SES-101908,2024-10-10,Desktop,North America,Social Media,v2.3,333.2,2,0,0.0
SES-101909,2024-10-10,Android,Europe,Organic Search,v2.3,316.6,1,0,0.0
SES-101910,2024-10-10,Android,Latin America,Social Media,v2.3,332.2,2,0,0.0
SES-101911,2024-10-10,Desktop,North America,Direct,v2.3,362.7,3,0,0.0
SES-101912,2024-10-10,iOS,Europe,Social Media,v2.3,375.1,5,0,0.0
SES-101913,2024-10-10,iOS,Latin America,Organic Search,v2.3,275.4,1,0,0.0
SES-101914,2024-10-10,iOS,Latin America,Organic Search,v2.3,259.6,1,0,0.0
SES-101915,2024-10-10,iOS,Latin America,Paid Search,v2.3,306.9,2,0,0.0
SES-101916,2024-10-10,iOS,Asia-Pacific,Paid Search,v2.3,308.6,2,0,0.0
SES-101917,2024-10-10,Desktop,Latin America,Organic Search,v2.3,290.8,1,0,0.0
SES-101918,2024-10-10,Android,Europe,Social Media,v2.3,318.7,1,0,0.0
SES-101919,2024-10-10,Android,Asia-Pacific,Direct,v2.3,324.0,5,0,0.0
SES-101920,2024-10-10,Desktop,Asia-Pacific,Direct,v2.3,286.4,2,0,0.0
SES-101921,2024-10-10,iOS,Europe,Organic Search,v2.3,247.1,4,0,0.0
SES-101922,2024-10-10,iOS,Europe,Direct,v2.3,283.5,4,0,0.0
SES-101923,2024-10-10,Android,Latin America,Direct,v2.3,353.5,3,0,0.0
SES-101924,2024-10-10,Android,Europe,Paid Search,v2.3,308.4,1,0,0.0
SES-101925,2024-10-10,iOS,Asia-Pacific,Social Media,v2.3,302.0,1,0,0.0
SES-101926,2024-10-10,Android,Europe,Organic Search,v2.3,402.9,1,0,0.0
SES-101927,2024-10-10,Android,Europe,Organic Search,v2.3,302.4,2,0,0.0
SES-101928,2024-10-10,Android,North America,Organic Search,v2.3,337.9,1,0,0.0
SES-101929,2024-10-10,Android,Europe,Direct,v2.3,355.4,4,0,0.0
SES-101930,2024-10-10,iOS,North America,Paid Search,v2.3,386.5,2,0,0.0
SES-101931,2024-10-10,iOS,North America,Organic Search,v2.3,287.5,1,0,0.0
SES-101932,2024-10-10,Android,Europe,Organic Search,v2.3,253.3,2,0,0.0
SES-101933,2024-10-10,iOS,Europe,Organic Search,v2.3,327.1,2,1,113.64
SES-101934,2024-10-10,Desktop,North America,Organic Search,v2.3,265.2,2,0,0.0
SES-101935,2024-10-10,Android,Europe,Paid Search,v2.3,369.4,1,1,159.75
SES-101936,2024-10-10,iOS,Asia-Pacific,Organic Search,v2.3,304.3,2,1,32.2
SES-101937,2024-10-10,Desktop,North America,Organic Search,v2.3,319.8,1,0,0.0
SES-101938,2024-10-10,Android,Europe,Social Media,v2.3,386.4,1,0,0.0
SES-101939,2024-10-10,iOS,North America,Paid Search,v2.3,371.0,4,0,0.0
SES-101940,2024-10-10,Desktop,Europe,Direct,v2.3,282.8,2,0,0.0
SES-101941,2024-10-10,Desktop,Europe,Organic Search,v2.3,355.1,3,0,0.0
SES-101942,2024-10-10,Android,Europe,Paid Search,v2.3,317.3,3,0,0.0
SES-101943,2024-10-10,iOS,Asia-Pacific,Paid Search,v2.3,302.6,2,0,0.0
SES-101944,2024-10-10,Android,Latin America,Organic Search,v2.3,317.6,4,0,0.0
SES-101945,2024-10-10,Desktop,Asia-Pacific,Organic Search,v2.3,275.9,2,0,0.0
SES-101946,2024-10-10,iOS,Europe,Social Media,v2.3,346.8,2,0,0.0
SES-101947,2024-10-10,iOS,Europe,Social Media,v2.3,345.6,2,0,0.0
SES-101948,2024-10-10,Desktop,North America,Organic Search,v2.3,348.0,1,0,0.0
SES-101949,2024-10-10,iOS,Asia-Pacific,Organic Search,v2.3,331.6,5,0,0.0
SES-101950,2024-10-10,Desktop,Latin America,Social Media,v2.3,336.8,4,0,0.0
SES-101951,2024-10-10,Android,Europe,Organic Search,v2.3,370.7,3,0,0.0
SES-101952,2024-10-10,Android,Europe,Paid Search,v2.3,286.2,1,0,0.0
SES-101953,2024-10-10,iOS,North America,Social Media,v2.3,367.1,4,0,0.0
SES-101954,2024-10-10,Desktop,Asia-Pacific,Social Media,v2.3,270.7,4,0,0.0
SES-101955,2024-10-10,iOS,Asia-Pacific,Paid Search,v2.3,348.4,1,0,0.0
SES-101956,2024-10-10,Android,North America,Organic Search,v2.3,283.7,2,0,0.0
SES-101957,2024-10-10,Android,Latin America,Organic Search,v2.3,355.3,4,0,0.0
SES-101958,2024-10-10,Android,North America,Social Media,v2.3,313.2,5,0,0.0
SES-101959,2024-10-10,Desktop,Latin America,Social Media,v2.3,353.3,2,0,0.0
SES-101960,2024-10-10,Android,Latin America,Paid Search,v2.3,344.0,1,0,0.0
SES-101961,2024-10-10,iOS,Asia-Pacific,Direct,v2.3,384.3,2,1,103.87
SES-101962,2024-10-10,Desktop,Europe,Direct,v2.3,320.1,1,0,0.0
SES-101963,2024-10-10,Android,Europe,Direct,v2.3,282.7,2,0,0.0
SES-101964,2024-10-10,iOS,North America,Direct,v2.3,298.6,1,0,0.0
SES-101965,2024-10-10,iOS,North America,Direct,v2.3,345.3,1,0,0.0
SES-101966,2024-10-10,Desktop,Asia-Pacific,Paid Search,v2.3,337.0,1,1,99.06
SES-101967,2024-10-10,iOS,Europe,Organic Search,v2.3,336.2,4,0,0.0
SES-101968,2024-10-10,Android,Europe,Direct,v2.3,275.7,2,0,0.0
SES-101969,2024-10-10,Android,Asia-Pacific,Paid Search,v2.3,309.3,5,0,0.0
SES-101970,2024-10-10,iOS,Europe,Organic Search,v2.3,491.3,1,0,0.0
SES-101971,2024-10-10,Android,Europe,Direct,v2.3,353.4,1,0,0.0
SES-101972,2024-10-10,iOS,North America,Direct,v2.3,296.5,2,0,0.0
SES-101973,2024-10-10,Android,North America,Social Media,v2.3,255.9,2,0,0.0
SES-101974,2024-10-10,Android,Europe,Organic Search,v2.3,314.3,3,0,0.0
SES-101975,2024-10-10,Android,Asia-Pacific,Paid Search,v2.3,343.2,5,0,0.0
SES-101976,2024-10-10,Android,North America,Organic Search,v2.3,334.5,2,0,0.0
SES-101977,2024-10-10,Desktop,Latin America,Social Media,v2.3,277.9,4,0,0.0
SES-101978,2024-10-10,Desktop,North America,Organic Search,v2.3,401.6,2,0,0.0
SES-101979,2024-10-10,iOS,Europe,Direct,v2.3,322.0,3,1,62.01
SES-101980,2024-10-10,iOS,Europe,Direct,v2.3,326.7,2,0,0.0
SES-101981,2024-10-10,Android,Europe,Paid Search,v2.3,280.4,3,0,0.0
SES-101982,2024-10-10,Desktop,North America,Social Media,v2.3,382.5,1,0,0.0
SES-101983,2024-10-10,Desktop,Europe,Social Media,v2.3,312.9,1,0,0.0
SES-101984,2024-10-10,Desktop,North America,Organic Search,v2.3,316.2,1,0,0.0
SES-101985,2024-10-10,iOS,North America,Organic Search,v2.3,290.6,1,0,0.0
SES-101986,2024-10-10,Android,Europe,Organic Search,v2.3,317.6,1,0,0.0
SES-101987,2024-10-10,Android,Europe,Organic Search,v2.3,306.1,2,0,0.0
SES-101988,2024-10-10,iOS,Asia-Pacific,Social Media,v2.3,347.5,2,0,0.0
SES-101989,2024-10-10,iOS,Latin America,Social Media,v2.3,327.3,3,0,0.0
SES-101990,2024-10-10,Desktop,Europe,Organic Search,v2.3,318.7,2,0,0.0
SES-101991,2024-10-10,iOS,Europe,Paid Search,v2.3,268.3,4,0,0.0
SES-101992,2024-10-10,iOS,Latin America,Paid Search,v2.3,296.5,2,0,0.0
SES-101993,2024-10-10,iOS,Europe,Organic Search,v2.3,287.2,3,0,0.0
SES-101994,2024-10-10,Desktop,Latin America,Paid Search,v2.3,337.0,2,0,0.0
SES-101995,2024-10-10,Android,Europe,Organic Search,v2.3,323.7,3,0,0.0
SES-101996,2024-10-10,Android,Asia-Pacific,Paid Search,v2.3,391.2,2,0,0.0
SES-101997,2024-10-10,Desktop,Europe,Direct,v2.3,374.5,2,0,0.0
SES-101998,2024-10-10,iOS,Latin America,Direct,v2.3,395.3,3,0,0.0
SES-101999,2024-10-10,Android,Europe,Organic Search,v2.3,309.9,5,0,0.0
SES-102000,2024-10-10,iOS,North America,Direct,v2.3,296.1,2,0,0.0
SES-102001,2024-10-10,iOS,Europe,Direct,v2.3,307.8,1,0,0.0
SES-102002,2024-10-10,Desktop,Europe,Social Media,v2.3,271.5,3,0,0.0
SES-102003,2024-10-10,Desktop,Asia-Pacific,Paid Search,v2.3,387.9,1,0,0.0
SES-102004,2024-10-10,iOS,North America,Social Media,v2.3,248.5,4,0,0.0
SES-102005,2024-10-10,iOS,Latin America,Social Media,v2.3,416.4,1,0,0.0
SES-102006,2024-10-10,Android,North America,Paid Search,v2.3,300.7,2,0,0.0
SES-102007,2024-10-10,iOS,Asia-Pacific,Paid Search,v2.3,271.7,2,0,0.0
SES-102008,2024-10-10,iOS,North America,Social Media,v2.3,328.1,2,0,0.0
SES-102009,2024-10-10,iOS,Latin America,Direct,v2.3,343.4,4,0,0.0
SES-102010,2024-10-10,iOS,Latin America,Social Media,v2.3,277.0,2,0,0.0
SES-102011,2024-10-10,Desktop,Europe,Direct,v2.3,236.5,1,0,0.0
SES-102012,2024-10-10,iOS,Asia-Pacific,Paid Search,v2.3,274.3,2,0,0.0
SES-102013,2024-10-10,iOS,Asia-Pacific,Organic Search,v2.3,327.7,1,0,0.0
SES-102014,2024-10-10,Android,Europe,Organic Search,v2.3,364.3,2,0,0.0
SES-102015,2024-10-10,Desktop,North America,Social Media,v2.3,379.6,1,0,0.0
SES-102016,2024-10-10,iOS,Europe,Organic Search,v2.3,276.0,1,0,0.0
SES-102017,2024-10-10,iOS,Asia-Pacific,Organic Search,v2.3,315.4,3,0,0.0
SES-102018,2024-10-10,iOS,Europe,Direct,v2.3,319.6,5,0,0.0
SES-102019,2024-10-10,Android,Europe,Direct,v2.3,322.6,2,0,0.0
SES-102020,2024-10-10,Android,North America,Organic Search,v2.3,327.2,1,0,0.0
SES-102021,2024-10-10,Desktop,North America,Organic Search,v2.3,293.7,1,0,0.0
SES-102022,2024-10-10,Desktop,Asia-Pacific,Paid Search,v2.3,292.5,3,0,0.0
SES-102023,2024-10-10,Desktop,Latin America,Organic Search,v2.3,330.2,2,0,0.0
SES-102024,2024-10-10,Android,North America,Direct,v2.3,389.0,1,0,0.0
SES-102025,2024-10-10,Android,Europe,Organic Search,v2.3,258.8,1,0,0.0
SES-102026,2024-10-10,iOS,Asia-Pacific,Social Media,v2.3,352.1,1,0,0.0
SES-102027,2024-10-10,Desktop,North America,Direct,v2.3,351.1,1,0,0.0
SES-102028,2024-10-10,iOS,North America,Direct,v2.3,300.4,1,0,0.0
SES-102029,2024-10-10,iOS,Europe,Organic Search,v2.3,310.7,2,0,0.0
SES-102030,2024-10-10,Android,North America,Paid Search,v2.3,293.7,2,0,0.0
SES-102031,2024-10-10,iOS,Europe,Paid Search,v2.3,266.7,2,0,0.0
SES-102032,2024-10-10,Android,Asia-Pacific,Organic Search,v2.3,342.5,1,0,0.0
SES-102033,2024-10-10,Android,North America,Direct,v2.3,384.5,3,0,0.0
SES-102034,2024-10-10,Android,Asia-Pacific,Paid Search,v2.3,298.8,3,0,0.0
SES-102035,2024-10-10,Desktop,North America,Direct,v2.3,329.9,1,0,0.0
SES-102036,2024-10-10,iOS,Europe,Organic Search,v2.3,374.4,2,0,0.0
SES-102037,2024-10-10,Android,Asia-Pacific,Organic Search,v2.3,334.6,2,0,0.0
SES-102038,2024-10-10,Android,North America,Social Media,v2.3,376.8,1,0,0.0
SES-102039,2024-10-10,Android,Europe,Paid Search,v2.3,384.9,1,0,0.0
SES-102040,2024-10-10,Desktop,North America,Paid Search,v2.3,384.4,2,0,0.0
SES-102041,2024-10-10,iOS,North America,Paid Search,v2.3,372.5,1,0,0.0
SES-102042,2024-10-10,Android,Asia-Pacific,Organic Search,v2.3,359.6,2,0,0.0
SES-102043,2024-10-10,iOS,North America,Direct,v2.3,316.4,1,1,28.5
SES-102044,2024-10-10,Desktop,Asia-Pacific,Organic Search,v2.3,290.1,1,0,0.0
SES-102045,2024-10-10,iOS,Europe,Paid Search,v2.3,236.3,1,0,0.0
SES-102046,2024-10-10,Android,North America,Paid Search,v2.3,285.7,4,0,0.0
SES-102047,2024-10-10,iOS,Latin America,Social Media,v2.3,329.2,2,0,0.0
SES-102048,2024-10-10,iOS,Asia-Pacific,Paid Search,v2.3,368.2,2,0,0.0
SES-102049,2024-10-10,Android,Europe,Organic Search,v2.3,324.3,3,0,0.0
SES-102050,2024-10-10,Desktop,Europe,Paid Search,v2.3,314.6,1,0,0.0
SES-102051,2024-10-10,Android,Europe,Organic Search,v2.3,323.4,1,0,0.0
SES-102052,2024-10-10,Desktop,North America,Organic Search,v2.3,234.9,1,0,0.0
SES-102053,2024-10-10,Android,Asia-Pacific,Organic Search,v2.3,354.6,2,1,86.62
SES-102054,2024-10-10,Android,Asia-Pacific,Paid Search,v2.3,331.1,3,0,0.0
SES-102055,2024-10-10,iOS,North America,Organic Search,v2.3,297.5,4,0,0.0
SES-102056,2024-10-10,Desktop,Asia-Pacific,Paid Search,v2.3,296.9,3,0,0.0
SES-102057,2024-10-10,iOS,North America,Social Media,v2.3,289.3,1,0,0.0
SES-102058,2024-10-10,Desktop,Europe,Direct,v2.3,289.2,1,1,75.13
SES-102059,2024-10-10,Desktop,North America,Organic Search,v2.3,345.5,1,0,0.0
SES-102060,2024-10-10,Desktop,Latin America,Organic Search,v2.3,400.7,2,0,0.0
SES-102061,2024-10-10,Android,Asia-Pacific,Direct,v2.3,300.3,5,0,0.0
SES-102062,2024-10-10,Android,North America,Social Media,v2.3,402.9,1,0,0.0
SES-102063,2024-10-10,Desktop,North America,Organic Search,v2.3,243.4,4,0,0.0
SES-102064,2024-10-10,iOS,Latin America,Direct,v2.3,277.9,1,0,0.0
SES-102065,2024-10-10,Android,North America,Paid Search,v2.3,375.8,2,0,0.0
SES-102066,2024-10-10,iOS,Europe,Paid Search,v2.3,288.5,2,0,0.0
SES-102067,2024-10-10,Android,Latin America,Social Media,v2.3,366.7,1,0,0.0
SES-102068,2024-10-10,iOS,Asia-Pacific,Direct,v2.3,366.6,1,0,0.0
SES-102069,2024-10-10,iOS,Europe,Social Media,v2.3,315.6,1,0,0.0
SES-102070,2024-10-10,iOS,North America,Paid Search,v2.3,318.0,2,0,0.0
SES-102071,2024-10-10,Android,North America,Paid Search,v2.3,337.6,4,1,109.49
SES-102072,2024-10-10,Android,Europe,Paid Search,v2.3,251.6,4,0,0.0
SES-102073,2024-10-10,iOS,Latin America,Organic Search,v2.3,271.5,1,0,0.0
SES-102074,2024-10-10,Android,North America,Paid Search,v2.3,308.1,1,0,0.0
SES-102075,2024-10-10,iOS,Asia-Pacific,Organic Search,v2.3,345.1,3,0,0.0
SES-102076,2024-10-10,Android,Europe,Organic Search,v2.3,330.0,1,0,0.0
SES-102077,2024-10-10,Android,North America,Paid Search,v2.3,343.2,2,0,0.0
SES-102078,2024-10-10,Android,Europe,Direct,v2.3,311.7,5,0,0.0
SES-102079,2024-10-10,Android,Asia-Pacific,Social Media,v2.3,350.5,4,0,0.0
SES-102080,2024-10-10,iOS,North America,Paid Search,v2.3,391.8,1,0,0.0
SES-102081,2024-10-10,Desktop,North America,Paid Search,v2.3,295.5,5,1,155.15
SES-102082,2024-10-10,Android,Europe,Organic Search,v2.3,273.3,1,0,0.0
SES-102083,2024-10-10,Android,Europe,Social Media,v2.3,288.7,1,0,0.0
SES-102084,2024-10-10,Android,Europe,Paid Search,v2.3,275.5,2,0,0.0
SES-102085,2024-10-10,iOS,Europe,Direct,v2.3,374.1,1,0,0.0
SES-102086,2024-10-10,Android,North America,Direct,v2.3,361.1,3,0,0.0
SES-102087,2024-10-10,Android,North America,Organic Search,v2.3,329.4,1,0,0.0
SES-102088,2024-10-10,iOS,North America,Paid Search,v2.3,357.0,3,0,0.0
SES-102089,2024-10-10,iOS,North America,Social Media,v2.3,271.8,2,0,0.0
SES-102090,2024-10-10,iOS,Europe,Organic Search,v2.3,212.9,1,0,0.0
SES-102091,2024-10-10,Desktop,Europe,Direct,v2.3,236.8,2,0,0.0
SES-102092,2024-10-10,Android,Europe,Social Media,v2.3,340.2,3,0,0.0
SES-102093,2024-10-10,iOS,Asia-Pacific,Organic Search,v2.3,381.1,2,0,0.0
SES-102094,2024-10-10,iOS,North America,Social Media,v2.3,332.2,1,0,0.0
SES-102095,2024-10-10,Android,Europe,Social Media,v2.3,389.2,1,1,24.19
SES-102096,2024-10-10,Desktop,Europe,Direct,v2.3,322.7,1,0,0.0
SES-102097,2024-10-10,iOS,Asia-Pacific,Organic Search,v2.3,238.4,1,0,0.0
SES-102098,2024-10-10,iOS,Asia-Pacific,Organic Search,v2.3,343.1,3,0,0.0
SES-102099,2024-10-10,Desktop,North America,Organic Search,v2.3,346.5,2,0,0.0
SES-102100,2024-10-10,iOS,North America,Direct,v2.3,236.7,2,0,0.0
SES-102101,2024-10-10,iOS,Europe,Direct,v2.3,295.4,1,0,0.0
SES-102102,2024-10-10,Desktop,Latin America,Paid Search,v2.3,337.3,2,0,0.0
SES-102103,2024-10-10,Android,Asia-Pacific,Paid Search,v2.3,307.8,2,0,0.0
SES-102104,2024-10-10,iOS,Europe,Organic Search,v2.3,335.2,5,0,0.0
SES-102105,2024-10-10,iOS,Asia-Pacific,Direct,v2.3,391.0,2,0,0.0
SES-102106,2024-10-10,iOS,Asia-Pacific,Direct,v2.3,313.3,4,0,0.0
SES-102107,2024-10-10,iOS,Europe,Social Media,v2.3,350.6,3,0,0.0
SES-102108,2024-10-10,Desktop,North America,Direct,v2.3,268.9,3,0,0.0
SES-102109,2024-10-10,Android,Europe,Direct,v2.3,306.0,2,0,0.0
SES-102110,2024-10-10,Android,Europe,Direct,v2.3,410.3,2,0,0.0
SES-102111,2024-10-10,Desktop,Asia-Pacific,Paid Search,v2.3,376.8,2,0,0.0
SES-102112,2024-10-10,Android,Europe,Paid Search,v2.3,296.7,4,0,0.0
SES-102113,2024-10-10,iOS,Asia-Pacific,Social Media,v2.3,353.0,2,0,0.0
SES-102114,2024-10-10,Android,Latin America,Direct,v2.3,218.3,1,0,0.0
SES-102115,2024-10-10,Desktop,Europe,Paid Search,v2.3,293.0,2,0,0.0
SES-102116,2024-10-11,Desktop,North America,Organic Search,v2.3,417.7,2,0,0.0
SES-102117,2024-10-11,iOS,Asia-Pacific,Organic Search,v2.3,347.8,2,0,0.0
SES-102118,2024-10-11,Android,Asia-Pacific,Paid Search,v2.3,291.5,2,0,0.0
SES-102119,2024-10-11,Android,Asia-Pacific,Organic Search,v2.3,328.4,3,0,0.0
SES-102120,2024-10-11,Desktop,Europe,Organic Search,v2.3,365.8,1,0,0.0
SES-102121,2024-10-11,iOS,North America,Paid Search,v2.3,325.2,2,0,0.0
SES-102122,2024-10-11,Android,North America,Organic Search,v2.3,271.2,5,0,0.0
SES-102123,2024-10-11,Desktop,Latin America,Direct,v2.3,279.2,2,0,0.0
SES-102124,2024-10-11,Android,Europe,Paid Search,v2.3,391.7,2,0,0.0
SES-102125,2024-10-11,Android,Latin America,Paid Search,v2.3,216.1,4,0,0.0
SES-102126,2024-10-11,iOS,Europe,Organic Search,v2.3,355.8,1,0,0.0
SES-102127,2024-10-11,iOS,Latin America,Organic Search,v2.3,370.3,3,0,0.0
SES-102128,2024-10-11,iOS,North America,Paid Search,v2.3,323.3,4,0,0.0
SES-102129,2024-10-11,Desktop,North America,Direct,v2.3,284.7,4,0,0.0
SES-102130,2024-10-11,iOS,North America,Direct,v2.3,281.3,1,0,0.0
SES-102131,2024-10-11,Android,Europe,Organic Search,v2.3,250.9,1,0,0.0
SES-102132,2024-10-11,Android,Europe,Paid Search,v2.3,299.4,2,0,0.0
SES-102133,2024-10-11,iOS,Europe,Organic Search,v2.3,335.2,1,0,0.0
SES-102134,2024-10-11,Android,Europe,Social Media,v2.3,321.3,2,1,177.23
SES-102135,2024-10-11,Android,Europe,Social Media,v2.3,329.7,1,0,0.0
SES-102136,2024-10-11,Desktop,Asia-Pacific,Paid Search,v2.3,278.5,2,1,48.02
SES-102137,2024-10-11,Android,North America,Direct,v2.3,339.6,1,0,0.0
SES-102138,2024-10-11,Android,Europe,Direct,v2.3,343.9,2,0,0.0
SES-102139,2024-10-11,iOS,Asia-Pacific,Direct,v2.3,320.8,1,0,0.0
SES-102140,2024-10-11,Desktop,North America,Direct,v2.3,296.2,5,0,0.0
SES-102141,2024-10-11,iOS,Latin America,Social Media,v2.3,310.2,1,0,0.0
SES-102142,2024-10-11,Desktop,North America,Paid Search,v2.3,276.4,1,0,0.0
SES-102143,2024-10-11,iOS,Europe,Paid Search,v2.3,247.4,1,0,0.0
SES-102144,2024-10-11,Desktop,North America,Direct,v2.3,332.7,1,0,0.0
SES-102145,2024-10-11,Android,North America,Direct,v2.3,275.5,3,0,0.0
SES-102146,2024-10-11,Desktop,Europe,Direct,v2.3,315.4,4,0,0.0
SES-102147,2024-10-11,iOS,Europe,Organic Search,v2.3,312.7,1,0,0.0
SES-102148,2024-10-11,Android,Europe,Paid Search,v2.3,240.3,1,0,0.0
SES-102149,2024-10-11,Android,Europe,Organic Search,v2.3,365.4,2,0,0.0
SES-102150,2024-10-11,Desktop,North America,Paid Search,v2.3,271.4,3,0,0.0
SES-102151,2024-10-11,iOS,North America,Paid Search,v2.3,299.9,1,0,0.0
SES-102152,2024-10-11,Desktop,Europe,Social Media,v2.3,350.2,1,0,0.0
SES-102153,2024-10-11,Desktop,North America,Paid Search,v2.3,272.7,1,0,0.0
SES-102154,2024-10-11,iOS,North America,Direct,v2.3,281.4,1,0,0.0
SES-102155,2024-10-11,Desktop,Europe,Organic Search,v2.3,244.6,1,0,0.0
SES-102156,2024-10-11,Android,Europe,Direct,v2.3,322.7,4,1,139.98
SES-102157,2024-10-11,Android,Europe,Paid Search,v2.3,363.4,2,0,0.0
SES-102158,2024-10-11,iOS,North America,Direct,v2.3,331.2,5,0,0.0
SES-102159,2024-10-11,Android,Europe,Organic Search,v2.3,277.1,3,0,0.0
SES-102160,2024-10-11,Android,North America,Paid Search,v2.3,363.5,4,0,0.0
SES-102161,2024-10-11,Android,North America,Paid Search,v2.3,339.4,5,0,0.0
SES-102162,2024-10-11,Android,North America,Paid Search,v2.3,326.0,4,0,0.0
SES-102163,2024-10-11,Android,Europe,Social Media,v2.3,345.2,1,1,111.58
SES-102164,2024-10-11,Android,Europe,Social Media,v2.3,330.6,3,0,0.0
SES-102165,2024-10-11,iOS,North America,Social Media,v2.3,347.0,1,0,0.0
SES-102166,2024-10-11,Desktop,Asia-Pacific,Direct,v2.3,305.2,1,0,0.0
SES-102167,2024-10-11,Android,Asia-Pacific,Social Media,v2.3,355.4,3,0,0.0
SES-102168,2024-10-11,iOS,North America,Direct,v2.3,322.7,4,0,0.0
SES-102169,2024-10-11,iOS,North America,Organic Search,v2.3,285.5,1,0,0.0
SES-102170,2024-10-11,Android,North America,Paid Search,v2.3,384.9,1,0,0.0
SES-102171,2024-10-11,Desktop,Asia-Pacific,Organic Search,v2.3,316.8,4,0,0.0
SES-102172,2024-10-11,iOS,Europe,Organic Search,v2.3,386.1,1,0,0.0
SES-102173,2024-10-11,Android,Latin America,Organic Search,v2.3,355.0,2,0,0.0
SES-102174,2024-10-11,iOS,North America,Organic Search,v2.3,335.1,3,0,0.0
SES-102175,2024-10-11,Android,North America,Direct,v2.3,240.7,3,0,0.0
SES-102176,2024-10-11,Desktop,Europe,Paid Search,v2.3,327.7,1,0,0.0
SES-102177,2024-10-11,Desktop,North America,Organic Search,v2.3,296.9,1,1,99.43
SES-102178,2024-10-11,iOS,North America,Direct,v2.3,322.0,1,0,0.0
SES-102179,2024-10-11,Android,Europe,Direct,v2.3,271.5,1,0,0.0
SES-102180,2024-10-11,iOS,Europe,Social Media,v2.3,332.1,1,0,0.0
SES-102181,2024-10-11,Android,Asia-Pacific,Paid Search,v2.3,368.8,3,0,0.0
SES-102182,2024-10-11,Desktop,North America,Paid Search,v2.3,304.0,2,0,0.0
SES-102183,2024-10-11,Desktop,North America,Organic Search,v2.3,325.5,2,0,0.0
SES-102184,2024-10-11,iOS,Europe,Organic Search,v2.3,316.6,1,0,0.0
SES-102185,2024-10-11,Desktop,Asia-Pacific,Organic Search,v2.3,301.7,3,0,0.0
SES-102186,2024-10-11,Android,Asia-Pacific,Paid Search,v2.3,251.5,1,0,0.0
SES-102187,2024-10-11,iOS,North America,Social Media,v2.3,310.6,1,0,0.0
SES-102188,2024-10-11,Android,North America,Organic Search,v2.3,317.8,4,0,0.0
SES-102189,2024-10-11,Android,North America,Organic Search,v2.3,436.5,2,0,0.0
SES-102190,2024-10-11,Android,North America,Organic Search,v2.3,366.8,2,0,0.0
SES-102191,2024-10-11,Android,Europe,Direct,v2.3,357.0,2,1,16.03
SES-102192,2024-10-11,Android,Latin America,Paid Search,v2.3,325.1,5,0,0.0
SES-102193,2024-10-11,iOS,North America,Paid Search,v2.3,388.0,2,0,0.0
SES-102194,2024-10-11,Desktop,Europe,Organic Search,v2.3,333.8,1,0,0.0
SES-102195,2024-10-11,Android,North America,Paid Search,v2.3,230.4,2,0,0.0
SES-102196,2024-10-11,iOS,Asia-Pacific,Organic Search,v2.3,309.4,2,0,0.0
SES-102197,2024-10-11,Desktop,Europe,Paid Search,v2.3,327.0,2,0,0.0
SES-102198,2024-10-11,Desktop,Europe,Organic Search,v2.3,312.3,3,0,0.0
SES-102199,2024-10-11,Desktop,North America,Direct,v2.3,299.3,4,0,0.0
SES-102200,2024-10-11,iOS,Europe,Paid Search,v2.3,327.7,2,0,0.0
SES-102201,2024-10-11,iOS,Asia-Pacific,Direct,v2.3,403.4,1,0,0.0
SES-102202,2024-10-11,Android,Europe,Paid Search,v2.3,307.0,1,1,92.79
SES-102203,2024-10-11,iOS,Asia-Pacific,Paid Search,v2.3,362.6,1,0,0.0
SES-102204,2024-10-11,Desktop,Europe,Organic Search,v2.3,296.3,2,0,0.0
SES-102205,2024-10-11,iOS,Europe,Paid Search,v2.3,218.5,1,0,0.0
SES-102206,2024-10-11,iOS,Asia-Pacific,Paid Search,v2.3,329.4,1,0,0.0
SES-102207,2024-10-11,Android,North America,Paid Search,v2.3,362.1,1,0,0.0
SES-102208,2024-10-11,iOS,North America,Direct,v2.3,377.6,2,0,0.0
SES-102209,2024-10-11,Desktop,Europe,Direct,v2.3,366.4,1,0,0.0
SES-102210,2024-10-11,Android,North America,Direct,v2.3,301.9,1,0,0.0
SES-102211,2024-10-11,iOS,North America,Organic Search,v2.3,290.4,3,0,0.0
SES-102212,2024-10-11,iOS,Latin America,Paid Search,v2.3,393.6,1,0,0.0
SES-102213,2024-10-11,Android,Latin America,Organic Search,v2.3,315.2,3,0,0.0
SES-102214,2024-10-11,iOS,North America,Direct,v2.3,306.8,2,0,0.0
SES-102215,2024-10-11,Android,North America,Paid Search,v2.3,326.1,2,0,0.0
SES-102216,2024-10-11,Android,North America,Organic Search,v2.3,383.8,1,0,0.0
SES-102217,2024-10-11,Android,North America,Social Media,v2.3,293.0,1,0,0.0
SES-102218,2024-10-11,Desktop,Europe,Paid Search,v2.3,302.9,5,0,0.0
SES-102219,2024-10-11,Desktop,Europe,Paid Search,v2.3,329.4,2,0,0.0
SES-102220,2024-10-11,Desktop,Europe,Organic Search,v2.3,209.3,1,0,0.0
SES-102221,2024-10-11,iOS,Europe,Paid Search,v2.3,259.5,1,0,0.0
SES-102222,2024-10-11,iOS,Europe,Social Media,v2.3,264.7,1,0,0.0
SES-102223,2024-10-11,iOS,North America,Paid Search,v2.3,244.0,1,0,0.0
SES-102224,2024-10-11,Desktop,Asia-Pacific,Social Media,v2.3,247.7,1,0,0.0
SES-102225,2024-10-11,Desktop,North America,Organic Search,v2.3,325.0,1,0,0.0
SES-102226,2024-10-11,Desktop,Europe,Paid Search,v2.3,344.3,1,0,0.0
SES-102227,2024-10-11,iOS,Europe,Direct,v2.3,343.2,4,0,0.0
SES-102228,2024-10-11,Desktop,North America,Paid Search,v2.3,325.3,4,0,0.0
SES-102229,2024-10-11,Android,Europe,Organic Search,v2.3,264.8,3,0,0.0
SES-102230,2024-10-11,iOS,North America,Paid Search,v2.3,251.4,2,0,0.0
SES-102231,2024-10-11,Android,Latin America,Paid Search,v2.3,297.9,1,0,0.0
SES-102232,2024-10-11,iOS,Europe,Direct,v2.3,321.1,2,0,0.0
SES-102233,2024-10-11,Android,Europe,Direct,v2.3,365.9,3,0,0.0
SES-102234,2024-10-11,iOS,North America,Direct,v2.3,364.4,3,1,79.25
SES-102235,2024-10-11,Android,Latin America,Direct,v2.3,297.3,2,0,0.0
SES-102236,2024-10-11,Android,Asia-Pacific,Organic Search,v2.3,367.6,1,0,0.0
SES-102237,2024-10-11,Desktop,Asia-Pacific,Paid Search,v2.3,336.0,2,0,0.0
SES-102238,2024-10-11,Android,Europe,Direct,v2.3,365.0,1,0,0.0
SES-102239,2024-10-11,Android,Latin America,Social Media,v2.3,310.5,2,0,0.0
SES-102240,2024-10-11,Desktop,Europe,Organic Search,v2.3,274.9,1,0,0.0
SES-102241,2024-10-11,Desktop,Europe,Paid Search,v2.3,351.9,1,0,0.0
SES-102242,2024-10-11,iOS,Asia-Pacific,Organic Search,v2.3,330.6,4,0,0.0
SES-102243,2024-10-11,Android,Latin America,Organic Search,v2.3,334.1,2,0,0.0
SES-102244,2024-10-11,iOS,Europe,Paid Search,v2.3,345.7,4,0,0.0
SES-102245,2024-10-11,iOS,Europe,Paid Search,v2.3,354.0,1,0,0.0
SES-102246,2024-10-11,Android,Europe,Organic Search,v2.3,364.4,2,0,0.0
SES-102247,2024-10-11,Desktop,Europe,Direct,v2.3,256.4,3,0,0.0
SES-102248,2024-10-11,iOS,Europe,Direct,v2.3,315.5,1,0,0.0
SES-102249,2024-10-11,Desktop,Latin America,Social Media,v2.3,341.8,2,0,0.0
SES-102250,2024-10-11,Desktop,North America,Organic Search,v2.3,402.5,2,0,0.0
SES-102251,2024-10-11,Desktop,Asia-Pacific,Paid Search,v2.3,342.5,3,0,0.0
SES-102252,2024-10-11,iOS,Asia-Pacific,Paid Search,v2.3,393.1,1,0,0.0
SES-102253,2024-10-11,Desktop,North America,Organic Search,v2.3,306.0,1,0,0.0
SES-102254,2024-10-11,iOS,Asia-Pacific,Paid Search,v2.3,378.1,1,0,0.0
SES-102255,2024-10-11,Android,North America,Direct,v2.3,379.7,1,0,0.0
SES-102256,2024-10-11,iOS,Europe,Organic Search,v2.3,394.4,1,1,43.89
SES-102257,2024-10-11,iOS,North America,Social Media,v2.3,342.6,1,0,0.0
SES-102258,2024-10-11,Android,North America,Direct,v2.3,216.9,3,0,0.0
SES-102259,2024-10-11,Android,Asia-Pacific,Direct,v2.3,304.7,3,0,0.0
SES-102260,2024-10-11,iOS,Latin America,Direct,v2.3,363.7,1,0,0.0
SES-102261,2024-10-11,iOS,North America,Paid Search,v2.3,290.0,2,0,0.0
SES-102262,2024-10-11,Android,Asia-Pacific,Direct,v2.3,255.4,2,0,0.0
SES-102263,2024-10-11,iOS,Europe,Paid Search,v2.3,315.2,1,0,0.0
SES-102264,2024-10-11,Desktop,Asia-Pacific,Social Media,v2.3,286.0,1,0,0.0
SES-102265,2024-10-11,iOS,North America,Organic Search,v2.3,245.4,1,0,0.0
SES-102266,2024-10-11,iOS,Europe,Organic Search,v2.3,348.5,1,0,0.0
SES-102267,2024-10-11,iOS,North America,Paid Search,v2.3,298.8,1,0,0.0
SES-102268,2024-10-11,Android,North America,Organic Search,v2.3,326.8,2,0,0.0
SES-102269,2024-10-11,iOS,Europe,Paid Search,v2.3,344.7,4,0,0.0
SES-102270,2024-10-11,iOS,Latin America,Paid Search,v2.3,357.2,1,0,0.0
SES-102271,2024-10-11,Desktop,Europe,Social Media,v2.3,238.8,1,0,0.0
SES-102272,2024-10-11,Android,Latin America,Paid Search,v2.3,265.5,2,0,0.0
SES-102273,2024-10-11,iOS,Asia-Pacific,Paid Search,v2.3,312.2,3,1,98.68
SES-102274,2024-10-11,Android,Europe,Organic Search,v2.3,284.6,3,0,0.0
SES-102275,2024-10-11,Desktop,North America,Paid Search,v2.3,268.7,1,0,0.0
SES-102276,2024-10-11,iOS,Asia-Pacific,Paid Search,v2.3,286.6,2,0,0.0
SES-102277,2024-10-11,iOS,North America,Direct,v2.3,303.2,2,1,86.56
SES-102278,2024-10-11,Desktop,North America,Organic Search,v2.3,317.8,3,0,0.0
SES-102279,2024-10-11,Android,North America,Organic Search,v2.3,258.5,2,0,0.0
SES-102280,2024-10-11,Android,North America,Paid Search,v2.3,317.2,2,1,34.22
SES-102281,2024-10-11,iOS,Latin America,Paid Search,v2.3,336.7,1,0,0.0
SES-102282,2024-10-11,iOS,Europe,Paid Search,v2.3,423.7,1,0,0.0
SES-102283,2024-10-11,Android,North America,Direct,v2.3,344.3,1,0,0.0
SES-102284,2024-10-11,iOS,Europe,Organic Search,v2.3,291.9,1,0,0.0
SES-102285,2024-10-11,Android,Asia-Pacific,Paid Search,v2.3,283.0,2,0,0.0
SES-102286,2024-10-11,Android,Asia-Pacific,Paid Search,v2.3,343.6,1,0,0.0
SES-102287,2024-10-11,iOS,Europe,Organic Search,v2.3,232.1,2,0,0.0
SES-102288,2024-10-11,Desktop,Europe,Direct,v2.3,321.9,1,0,0.0
SES-102289,2024-10-11,Desktop,Europe,Paid Search,v2.3,322.3,3,0,0.0
SES-102290,2024-10-11,Android,North America,Paid Search,v2.3,323.9,1,0,0.0
SES-102291,2024-10-11,iOS,North America,Direct,v2.3,370.7,4,0,0.0
SES-102292,2024-10-11,iOS,Latin America,Organic Search,v2.3,316.2,2,0,0.0
SES-102293,2024-10-11,Android,North America,Social Media,v2.3,318.6,1,0,0.0
SES-102294,2024-10-11,iOS,Europe,Paid Search,v2.3,267.1,2,0,0.0
SES-102295,2024-10-11,Desktop,Asia-Pacific,Paid Search,v2.3,290.6,1,0,0.0
SES-102296,2024-10-11,iOS,North America,Social Media,v2.3,332.5,3,0,0.0
SES-102297,2024-10-11,Android,North America,Direct,v2.3,425.5,1,0,0.0
SES-102298,2024-10-11,iOS,Europe,Paid Search,v2.3,336.3,1,0,0.0
SES-102299,2024-10-11,Android,North America,Direct,v2.3,302.8,1,0,0.0
SES-102300,2024-10-11,iOS,Latin America,Paid Search,v2.3,388.3,2,0,0.0
SES-102301,2024-10-11,Android,North America,Paid Search,v2.3,349.6,2,0,0.0
SES-102302,2024-10-11,iOS,Europe,Organic Search,v2.3,359.1,1,0,0.0
SES-102303,2024-10-11,Desktop,North America,Organic Search,v2.3,329.2,3,0,0.0
SES-102304,2024-10-11,iOS,Latin America,Direct,v2.3,337.8,3,0,0.0
SES-102305,2024-10-11,Desktop,Europe,Organic Search,v2.3,364.1,3,0,0.0
SES-102306,2024-10-11,Desktop,North America,Organic Search,v2.3,295.3,1,0,0.0
SES-102307,2024-10-11,iOS,Latin America,Direct,v2.3,290.0,1,0,0.0
SES-102308,2024-10-11,Desktop,Europe,Organic Search,v2.3,390.3,3,0,0.0
SES-102309,2024-10-11,iOS,Asia-Pacific,Organic Search,v2.3,312.9,3,0,0.0
SES-102310,2024-10-11,Desktop,North America,Paid Search,v2.3,310.0,2,0,0.0
SES-102311,2024-10-11,Android,North America,Paid Search,v2.3,315.2,2,0,0.0
SES-102312,2024-10-11,iOS,North America,Direct,v2.3,328.0,3,0,0.0
SES-102313,2024-10-11,iOS,Europe,Paid Search,v2.3,312.2,1,0,0.0
SES-102314,2024-10-11,iOS,North America,Paid Search,v2.3,310.6,4,0,0.0
SES-102315,2024-10-11,Desktop,Europe,Direct,v2.3,305.1,3,0,0.0
SES-102316,2024-10-12,iOS,North America,Paid Search,v2.3,284.8,4,0,0.0
SES-102317,2024-10-12,Android,Europe,Paid Search,v2.3,337.3,3,0,0.0
SES-102318,2024-10-12,Android,Europe,Social Media,v2.3,340.2,1,1,38.21
SES-102319,2024-10-12,Desktop,Latin America,Paid Search,v2.3,361.0,2,0,0.0
SES-102320,2024-10-12,iOS,North America,Paid Search,v2.3,381.5,5,0,0.0
SES-102321,2024-10-12,Android,Latin America,Organic Search,v2.3,328.6,2,0,0.0
SES-102322,2024-10-12,Android,Europe,Paid Search,v2.3,331.3,1,0,0.0
SES-102323,2024-10-12,Android,North America,Organic Search,v2.3,341.9,1,0,0.0
SES-102324,2024-10-12,iOS,Europe,Paid Search,v2.3,343.1,1,1,49.08
SES-102325,2024-10-12,iOS,Asia-Pacific,Direct,v2.3,200.3,2,0,0.0
SES-102326,2024-10-12,iOS,Asia-Pacific,Paid Search,v2.3,311.7,2,0,0.0
SES-102327,2024-10-12,Android,Europe,Organic Search,v2.3,369.3,2,0,0.0
SES-102328,2024-10-12,iOS,Latin America,Direct,v2.3,348.1,3,0,0.0
SES-102329,2024-10-12,Android,Europe,Organic Search,v2.3,263.5,1,0,0.0
SES-102330,2024-10-12,iOS,North America,Direct,v2.3,312.1,2,0,0.0
SES-102331,2024-10-12,Desktop,Latin America,Paid Search,v2.3,304.1,3,0,0.0
SES-102332,2024-10-12,Desktop,Asia-Pacific,Organic Search,v2.3,312.2,1,0,0.0
SES-102333,2024-10-12,Android,Latin America,Social Media,v2.3,298.5,1,0,0.0
SES-102334,2024-10-12,iOS,Europe,Organic Search,v2.3,358.7,3,0,0.0
SES-102335,2024-10-12,iOS,Europe,Social Media,v2.3,333.6,4,0,0.0
SES-102336,2024-10-12,iOS,Europe,Organic Search,v2.3,303.7,1,0,0.0
SES-102337,2024-10-12,iOS,North America,Organic Search,v2.3,301.6,5,0,0.0
SES-102338,2024-10-12,Android,Asia-Pacific,Organic Search,v2.3,297.1,2,0,0.0
SES-102339,2024-10-12,Android,Europe,Organic Search,v2.3,376.3,3,0,0.0
SES-102340,2024-10-12,Desktop,North America,Direct,v2.3,403.5,1,0,0.0
SES-102341,2024-10-12,iOS,Europe,Direct,v2.3,354.2,2,0,0.0
SES-102342,2024-10-12,Android,Europe,Direct,v2.3,307.2,1,0,0.0
SES-102343,2024-10-12,Android,North America,Organic Search,v2.3,369.5,1,0,0.0
SES-102344,2024-10-12,Android,North America,Paid Search,v2.3,312.1,1,0,0.0
SES-102345,2024-10-12,iOS,Asia-Pacific,Direct,v2.3,335.9,4,0,0.0
SES-102346,2024-10-12,Android,Europe,Paid Search,v2.3,362.3,1,0,0.0
SES-102347,2024-10-12,Android,Asia-Pacific,Direct,v2.3,293.4,1,0,0.0
SES-102348,2024-10-12,Android,Europe,Paid Search,v2.3,336.6,1,0,0.0
SES-102349,2024-10-12,Desktop,Europe,Organic Search,v2.3,266.6,4,1,35.6
SES-102350,2024-10-12,iOS,North America,Direct,v2.3,362.0,1,1,190.86
SES-102351,2024-10-12,iOS,Asia-Pacific,Direct,v2.3,441.1,1,0,0.0
SES-102352,2024-10-12,Android,Europe,Direct,v2.3,247.7,1,0,0.0
SES-102353,2024-10-12,Android,Europe,Organic Search,v2.3,345.4,1,0,0.0
SES-102354,2024-10-12,iOS,North America,Organic Search,v2.3,259.7,1,0,0.0
SES-102355,2024-10-12,Desktop,Europe,Paid Search,v2.3,314.5,5,0,0.0
SES-102356,2024-10-12,Desktop,Asia-Pacific,Organic Search,v2.3,386.3,4,0,0.0
SES-102357,2024-10-12,Desktop,Asia-Pacific,Organic Search,v2.3,326.6,3,0,0.0
SES-102358,2024-10-12,iOS,Europe,Direct,v2.3,310.4,5,0,0.0
SES-102359,2024-10-12,Desktop,North America,Paid Search,v2.3,356.5,1,0,0.0
SES-102360,2024-10-12,Android,Asia-Pacific,Paid Search,v2.3,290.2,2,0,0.0
SES-102361,2024-10-12,Android,Europe,Organic Search,v2.3,364.4,3,0,0.0
SES-102362,2024-10-12,Android,North America,Social Media,v2.3,380.1,2,0,0.0
SES-102363,2024-10-12,Desktop,Europe,Organic Search,v2.3,311.8,1,0,0.0
SES-102364,2024-10-12,Android,North America,Direct,v2.3,303.1,1,0,0.0
SES-102365,2024-10-12,iOS,Europe,Social Media,v2.3,341.2,1,1,37.45
SES-102366,2024-10-12,Android,Asia-Pacific,Direct,v2.3,359.8,1,0,0.0
SES-102367,2024-10-12,Android,North America,Social Media,v2.3,209.3,1,0,0.0
SES-102368,2024-10-12,iOS,Europe,Direct,v2.3,291.2,1,0,0.0
SES-102369,2024-10-12,Desktop,Asia-Pacific,Organic Search,v2.3,375.2,4,0,0.0
SES-102370,2024-10-12,Android,Europe,Organic Search,v2.3,367.4,2,0,0.0
SES-102371,2024-10-12,Android,North America,Organic Search,v2.3,333.8,1,0,0.0
SES-102372,2024-10-12,iOS,North America,Organic Search,v2.3,328.2,1,0,0.0
SES-102373,2024-10-12,Android,Europe,Direct,v2.3,361.3,1,0,0.0
SES-102374,2024-10-12,iOS,Latin America,Organic Search,v2.3,318.0,1,0,0.0
SES-102375,2024-10-12,iOS,Asia-Pacific,Direct,v2.3,316.0,2,1,151.83
SES-102376,2024-10-12,Android,Europe,Paid Search,v2.3,378.4,4,0,0.0
SES-102377,2024-10-12,Android,Asia-Pacific,Paid Search,v2.3,392.8,3,1,156.7
SES-102378,2024-10-12,Android,North America,Social Media,v2.3,289.4,1,1,50.07
SES-102379,2024-10-12,iOS,Latin America,Organic Search,v2.3,301.3,2,0,0.0
SES-102380,2024-10-12,Android,Europe,Direct,v2.3,341.6,1,0,0.0
SES-102381,2024-10-12,iOS,North America,Direct,v2.3,251.7,3,0,0.0
SES-102382,2024-10-12,Desktop,North America,Organic Search,v2.3,332.4,1,0,0.0
SES-102383,2024-10-12,Android,North America,Paid Search,v2.3,296.1,1,0,0.0
SES-102384,2024-10-12,Android,North America,Paid Search,v2.3,322.2,3,0,0.0
SES-102385,2024-10-12,iOS,Europe,Direct,v2.3,278.0,3,0,0.0
SES-102386,2024-10-12,iOS,Asia-Pacific,Paid Search,v2.3,319.9,2,0,0.0
SES-102387,2024-10-12,Desktop,North America,Paid Search,v2.3,348.2,1,0,0.0
SES-102388,2024-10-12,iOS,Latin America,Direct,v2.3,348.5,2,0,0.0
SES-102389,2024-10-12,Android,Europe,Organic Search,v2.3,263.1,3,0,0.0
SES-102390,2024-10-12,Android,North America,Direct,v2.3,341.4,1,0,0.0
SES-102391,2024-10-12,iOS,Latin America,Social Media,v2.3,360.8,1,0,0.0
SES-102392,2024-10-12,Desktop,North America,Social Media,v2.3,326.9,1,0,0.0
SES-102393,2024-10-12,Android,Asia-Pacific,Direct,v2.3,266.0,1,0,0.0
SES-102394,2024-10-12,iOS,Asia-Pacific,Paid Search,v2.3,325.0,3,0,0.0
SES-102395,2024-10-12,iOS,North America,Social Media,v2.3,268.9,2,0,0.0
SES-102396,2024-10-12,iOS,North America,Paid Search,v2.3,229.2,1,0,0.0
SES-102397,2024-10-12,Desktop,Europe,Paid Search,v2.3,258.6,1,0,0.0
SES-102398,2024-10-12,Android,North America,Organic Search,v2.3,335.6,1,0,0.0
SES-102399,2024-10-12,iOS,Europe,Social Media,v2.3,326.3,4,0,0.0
SES-102400,2024-10-12,iOS,Asia-Pacific,Direct,v2.3,371.0,3,0,0.0
SES-102401,2024-10-12,Android,North America,Direct,v2.3,376.1,1,0,0.0
SES-102402,2024-10-12,Android,North America,Organic Search,v2.3,258.6,3,1,181.95
SES-102403,2024-10-12,Android,Europe,Direct,v2.3,225.2,2,0,0.0
SES-102404,2024-10-12,iOS,Latin America,Direct,v2.3,325.8,1,0,0.0
SES-102405,2024-10-12,iOS,Europe,Direct,v2.3,339.0,1,0,0.0
SES-102406,2024-10-12,Android,Europe,Organic Search,v2.3,266.8,1,0,0.0
SES-102407,2024-10-12,Desktop,Europe,Paid Search,v2.3,236.9,3,0,0.0
SES-102408,2024-10-12,iOS,Latin America,Organic Search,v2.3,242.0,4,0,0.0
SES-102409,2024-10-12,Android,Latin America,Paid Search,v2.3,302.3,1,0,0.0
SES-102410,2024-10-12,Android,North America,Organic Search,v2.3,323.3,1,0,0.0
SES-102411,2024-10-12,Android,Asia-Pacific,Organic Search,v2.3,315.0,1,0,0.0
SES-102412,2024-10-12,iOS,Europe,Organic Search,v2.3,399.4,1,0,0.0
SES-102413,2024-10-12,Desktop,Latin America,Organic Search,v2.3,319.9,1,0,0.0
SES-102414,2024-10-12,Android,Europe,Organic Search,v2.3,268.9,3,0,0.0
SES-102415,2024-10-12,Android,Europe,Social Media,v2.3,335.5,3,0,0.0
SES-102416,2024-10-12,iOS,Europe,Paid Search,v2.3,273.3,1,0,0.0
SES-102417,2024-10-12,iOS,North America,Paid Search,v2.3,361.9,1,0,0.0
SES-102418,2024-10-12,iOS,Asia-Pacific,Paid Search,v2.3,340.8,1,1,55.89
SES-102419,2024-10-12,Android,North America,Paid Search,v2.3,304.2,2,0,0.0
SES-102420,2024-10-12,iOS,Latin America,Social Media,v2.3,435.4,2,0,0.0
SES-102421,2024-10-12,Android,North America,Organic Search,v2.3,337.4,1,0,0.0
SES-102422,2024-10-12,iOS,Europe,Organic Search,v2.3,235.5,2,0,0.0
SES-102423,2024-10-12,Android,North America,Social Media,v2.3,328.0,4,0,0.0
SES-102424,2024-10-12,Android,North America,Paid Search,v2.3,336.2,3,1,8.6
SES-102425,2024-10-12,iOS,Asia-Pacific,Organic Search,v2.3,293.8,1,1,104.13
SES-102426,2024-10-12,iOS,North America,Organic Search,v2.3,288.4,1,0,0.0
SES-102427,2024-10-12,iOS,North America,Organic Search,v2.3,305.5,2,1,70.85
SES-102428,2024-10-12,Android,Europe,Social Media,v2.3,253.1,2,0,0.0
SES-102429,2024-10-12,Android,North America,Organic Search,v2.3,313.4,1,0,0.0
SES-102430,2024-10-12,iOS,Latin America,Social Media,v2.3,291.4,2,0,0.0
SES-102431,2024-10-12,Android,Europe,Social Media,v2.3,272.9,1,0,0.0
SES-102432,2024-10-12,iOS,Asia-Pacific,Paid Search,v2.3,338.0,2,0,0.0
SES-102433,2024-10-12,iOS,North America,Organic Search,v2.3,369.4,5,0,0.0
SES-102434,2024-10-12,iOS,Europe,Organic Search,v2.3,290.7,3,0,0.0
SES-102435,2024-10-12,Desktop,Latin America,Paid Search,v2.3,362.6,1,0,0.0
SES-102436,2024-10-12,iOS,North America,Paid Search,v2.3,304.6,5,0,0.0
SES-102437,2024-10-12,iOS,Europe,Paid Search,v2.3,347.2,1,0,0.0
SES-102438,2024-10-12,iOS,Europe,Paid Search,v2.3,419.4,2,0,0.0
SES-102439,2024-10-12,iOS,Europe,Social Media,v2.3,306.5,2,0,0.0
SES-102440,2024-10-12,Android,Asia-Pacific,Paid Search,v2.3,302.3,2,0,0.0
SES-102441,2024-10-12,iOS,North America,Direct,v2.3,297.8,4,0,0.0
SES-102442,2024-10-12,iOS,Latin America,Social Media,v2.3,277.3,3,0,0.0
SES-102443,2024-10-12,Android,Europe,Organic Search,v2.3,303.6,2,0,0.0
SES-102444,2024-10-12,iOS,Europe,Organic Search,v2.3,223.3,1,0,0.0
SES-102445,2024-10-12,Android,Europe,Organic Search,v2.3,355.2,2,0,0.0
SES-102446,2024-10-12,Android,North America,Organic Search,v2.3,270.0,2,0,0.0
SES-102447,2024-10-12,iOS,Latin America,Paid Search,v2.3,274.3,1,0,0.0
SES-102448,2024-10-12,Android,North America,Organic Search,v2.3,321.6,1,0,0.0
SES-102449,2024-10-12,iOS,Europe,Paid Search,v2.3,279.6,2,0,0.0
SES-102450,2024-10-12,Android,Asia-Pacific,Social Media,v2.3,319.2,3,0,0.0
SES-102451,2024-10-12,Android,Asia-Pacific,Organic Search,v2.3,361.0,3,0,0.0
SES-102452,2024-10-12,iOS,Europe,Paid Search,v2.3,244.8,2,0,0.0
SES-102453,2024-10-12,Android,Asia-Pacific,Organic Search,v2.3,284.1,1,0,0.0
SES-102454,2024-10-12,Desktop,Europe,Organic Search,v2.3,282.2,2,0,0.0
SES-102455,2024-10-12,Desktop,Europe,Paid Search,v2.3,297.8,3,0,0.0
SES-102456,2024-10-12,Android,Europe,Social Media,v2.3,363.9,1,0,0.0
SES-102457,2024-10-12,Android,North America,Paid Search,v2.3,391.2,3,0,0.0
SES-102458,2024-10-12,iOS,North America,Organic Search,v2.3,396.5,2,0,0.0
SES-102459,2024-10-12,iOS,Europe,Paid Search,v2.3,245.7,3,0,0.0
SES-102460,2024-10-12,Android,Europe,Organic Search,v2.3,325.1,1,0,0.0
SES-102461,2024-10-12,iOS,Asia-Pacific,Organic Search,v2.3,343.9,1,0,0.0
SES-102462,2024-10-12,Desktop,Latin America,Paid Search,v2.3,326.6,3,0,0.0
SES-102463,2024-10-12,iOS,Asia-Pacific,Organic Search,v2.3,320.2,1,0,0.0
SES-102464,2024-10-12,iOS,Europe,Paid Search,v2.3,367.1,2,0,0.0
SES-102465,2024-10-12,iOS,Europe,Paid Search,v2.3,270.9,1,0,0.0
SES-102466,2024-10-12,Desktop,Europe,Paid Search,v2.3,369.1,1,0,0.0
SES-102467,2024-10-12,Android,Europe,Organic Search,v2.3,330.0,1,0,0.0
SES-102468,2024-10-12,Android,North America,Social Media,v2.3,349.6,1,0,0.0
SES-102469,2024-10-12,iOS,North America,Paid Search,v2.3,338.6,2,0,0.0
SES-102470,2024-10-12,Desktop,Asia-Pacific,Direct,v2.3,312.8,3,0,0.0
SES-102471,2024-10-12,iOS,North America,Organic Search,v2.3,290.7,1,0,0.0
SES-102472,2024-10-12,Desktop,Europe,Paid Search,v2.3,285.6,2,0,0.0
SES-102473,2024-10-12,Android,Europe,Paid Search,v2.3,339.6,1,0,0.0
SES-102474,2024-10-12,iOS,North America,Organic Search,v2.3,325.9,2,0,0.0
SES-102475,2024-10-12,Android,Europe,Organic Search,v2.3,287.5,1,0,0.0
SES-102476,2024-10-12,Android,Europe,Paid Search,v2.3,318.3,1,0,0.0
SES-102477,2024-10-12,iOS,North America,Social Media,v2.3,266.6,5,0,0.0
SES-102478,2024-10-12,Desktop,Europe,Direct,v2.3,259.2,2,0,0.0
SES-102479,2024-10-12,Android,Europe,Organic Search,v2.3,285.3,2,0,0.0
SES-102480,2024-10-12,iOS,Asia-Pacific,Paid Search,v2.3,228.8,2,0,0.0
SES-102481,2024-10-12,iOS,Asia-Pacific,Social Media,v2.3,292.7,1,0,0.0
SES-102482,2024-10-12,Android,Europe,Direct,v2.3,270.1,4,1,47.95
SES-102483,2024-10-12,Android,Europe,Organic Search,v2.3,308.7,5,0,0.0
SES-102484,2024-10-12,Android,Asia-Pacific,Social Media,v2.3,404.9,1,0,0.0
SES-102485,2024-10-12,Android,Europe,Organic Search,v2.3,237.3,1,0,0.0
SES-102486,2024-10-12,Android,North America,Paid Search,v2.3,350.9,1,0,0.0
SES-102487,2024-10-12,Desktop,Europe,Paid Search,v2.3,293.4,2,0,0.0
SES-102488,2024-10-12,Android,Europe,Social Media,v2.3,305.0,1,0,0.0
SES-102489,2024-10-12,Desktop,Asia-Pacific,Social Media,v2.3,242.5,2,0,0.0
SES-102490,2024-10-12,iOS,Asia-Pacific,Social Media,v2.3,299.5,2,0,0.0
SES-102491,2024-10-12,iOS,Europe,Organic Search,v2.3,368.9,3,0,0.0
SES-102492,2024-10-12,iOS,Europe,Social Media,v2.3,359.1,3,0,0.0
SES-102493,2024-10-12,Android,Europe,Organic Search,v2.3,241.5,1,0,0.0
SES-102494,2024-10-12,Desktop,Europe,Organic Search,v2.3,362.6,5,0,0.0
SES-102495,2024-10-12,iOS,Latin America,Paid Search,v2.3,311.9,2,0,0.0
SES-102496,2024-10-12,iOS,North America,Paid Search,v2.3,401.5,3,0,0.0
SES-102497,2024-10-12,Desktop,North America,Paid Search,v2.3,254.1,2,0,0.0
SES-102498,2024-10-12,iOS,Asia-Pacific,Paid Search,v2.3,313.8,4,0,0.0
SES-102499,2024-10-12,Android,Asia-Pacific,Social Media,v2.3,343.9,3,0,0.0
SES-102500,2024-10-13,Android,Asia-Pacific,Organic Search,v2.3,272.0,1,0,0.0
SES-102501,2024-10-13,Desktop,Europe,Organic Search,v2.3,302.7,4,0,0.0
SES-102502,2024-10-13,iOS,Europe,Social Media,v2.3,247.1,1,0,0.0
SES-102503,2024-10-13,iOS,North America,Organic Search,v2.3,366.0,1,0,0.0
SES-102504,2024-10-13,Android,North America,Paid Search,v2.3,312.0,5,0,0.0
SES-102505,2024-10-13,Desktop,Latin America,Direct,v2.3,331.3,1,0,0.0
SES-102506,2024-10-13,Android,North America,Paid Search,v2.3,399.2,3,0,0.0
SES-102507,2024-10-13,iOS,Latin America,Direct,v2.3,322.9,1,0,0.0
SES-102508,2024-10-13,Android,Europe,Organic Search,v2.3,415.5,1,0,0.0
SES-102509,2024-10-13,Desktop,Asia-Pacific,Social Media,v2.3,297.3,5,0,0.0
SES-102510,2024-10-13,Desktop,Europe,Organic Search,v2.3,298.9,1,0,0.0
SES-102511,2024-10-13,Desktop,Latin America,Paid Search,v2.3,284.3,2,0,0.0
SES-102512,2024-10-13,iOS,Europe,Organic Search,v2.3,252.0,1,0,0.0
SES-102513,2024-10-13,iOS,North America,Paid Search,v2.3,419.3,1,0,0.0
SES-102514,2024-10-13,Android,Asia-Pacific,Direct,v2.3,385.7,2,0,0.0
SES-102515,2024-10-13,Desktop,North America,Social Media,v2.3,290.6,1,0,0.0
SES-102516,2024-10-13,iOS,North America,Direct,v2.3,411.0,4,0,0.0
SES-102517,2024-10-13,iOS,Latin America,Paid Search,v2.3,332.1,1,0,0.0
SES-102518,2024-10-13,Desktop,North America,Social Media,v2.3,297.0,3,0,0.0
SES-102519,2024-10-13,iOS,North America,Paid Search,v2.3,299.3,1,0,0.0
SES-102520,2024-10-13,iOS,Europe,Paid Search,v2.3,313.7,1,0,0.0
SES-102521,2024-10-13,Android,Asia-Pacific,Paid Search,v2.3,342.0,2,0,0.0
SES-102522,2024-10-13,Android,North America,Paid Search,v2.3,326.5,3,0,0.0
SES-102523,2024-10-13,Android,North America,Direct,v2.3,236.2,1,0,0.0
SES-102524,2024-10-13,iOS,Europe,Organic Search,v2.3,325.0,1,0,0.0
SES-102525,2024-10-13,Android,North America,Paid Search,v2.3,274.6,1,0,0.0
SES-102526,2024-10-13,Android,Europe,Direct,v2.3,284.3,3,0,0.0
SES-102527,2024-10-13,Android,Europe,Social Media,v2.3,369.3,2,0,0.0
SES-102528,2024-10-13,Android,North America,Social Media,v2.3,400.9,2,0,0.0
SES-102529,2024-10-13,iOS,Europe,Paid Search,v2.3,345.9,1,0,0.0
SES-102530,2024-10-13,iOS,Europe,Paid Search,v2.3,313.5,1,0,0.0
SES-102531,2024-10-13,iOS,North America,Paid Search,v2.3,335.9,2,0,0.0
SES-102532,2024-10-13,iOS,Europe,Paid Search,v2.3,348.6,2,0,0.0
SES-102533,2024-10-13,Android,Europe,Social Media,v2.3,345.9,1,0,0.0
SES-102534,2024-10-13,Desktop,Europe,Social Media,v2.3,234.2,2,0,0.0
SES-102535,2024-10-13,Android,North America,Social Media,v2.3,367.5,1,0,0.0
SES-102536,2024-10-13,Desktop,North America,Organic Search,v2.3,344.6,5,0,0.0
SES-102537,2024-10-13,iOS,Asia-Pacific,Social Media,v2.3,270.4,1,0,0.0
SES-102538,2024-10-13,Android,Europe,Social Media,v2.3,279.3,3,0,0.0
SES-102539,2024-10-13,iOS,Europe,Paid Search,v2.3,332.4,2,0,0.0
SES-102540,2024-10-13,iOS,Europe,Paid Search,v2.3,341.3,3,0,0.0
SES-102541,2024-10-13,iOS,North America,Direct,v2.3,297.2,1,0,0.0
SES-102542,2024-10-13,Android,Latin America,Paid Search,v2.3,270.4,2,0,0.0
SES-102543,2024-10-13,Desktop,Europe,Social Media,v2.3,430.3,1,0,0.0
SES-102544,2024-10-13,iOS,Europe,Paid Search,v2.3,342.5,3,0,0.0
SES-102545,2024-10-13,iOS,Europe,Direct,v2.3,357.7,1,0,0.0
SES-102546,2024-10-13,Desktop,North America,Direct,v2.3,330.0,3,0,0.0
SES-102547,2024-10-13,iOS,North America,Paid Search,v2.3,298.8,1,0,0.0
SES-102548,2024-10-13,Desktop,North America,Social Media,v2.3,308.0,5,0,0.0
SES-102549,2024-10-13,Android,Asia-Pacific,Paid Search,v2.3,288.5,3,0,0.0
SES-102550,2024-10-13,Desktop,North America,Paid Search,v2.3,299.4,3,0,0.0
SES-102551,2024-10-13,Android,Europe,Organic Search,v2.3,323.2,4,0,0.0
SES-102552,2024-10-13,Android,Europe,Paid Search,v2.3,316.5,3,0,0.0
SES-102553,2024-10-13,Android,North America,Direct,v2.3,317.8,3,0,0.0
SES-102554,2024-10-13,Android,North America,Social Media,v2.3,243.2,1,0,0.0
SES-102555,2024-10-13,Android,North America,Organic Search,v2.3,443.4,1,0,0.0
SES-102556,2024-10-13,iOS,North America,Paid Search,v2.3,383.2,1,0,0.0
SES-102557,2024-10-13,Android,North America,Organic Search,v2.3,362.5,1,0,0.0
SES-102558,2024-10-13,Android,Asia-Pacific,Direct,v2.3,281.7,3,0,0.0
SES-102559,2024-10-13,Desktop,North America,Social Media,v2.3,308.6,1,0,0.0
SES-102560,2024-10-13,Android,Asia-Pacific,Paid Search,v2.3,362.8,1,0,0.0
SES-102561,2024-10-13,Android,Europe,Paid Search,v2.3,334.5,1,0,0.0
SES-102562,2024-10-13,iOS,North America,Paid Search,v2.3,325.0,1,0,0.0
SES-102563,2024-10-13,Android,Latin America,Organic Search,v2.3,375.3,2,0,0.0
SES-102564,2024-10-13,Android,North America,Direct,v2.3,390.2,3,0,0.0
SES-102565,2024-10-13,Desktop,Asia-Pacific,Paid Search,v2.3,359.5,3,0,0.0
SES-102566,2024-10-13,Desktop,Asia-Pacific,Direct,v2.3,333.3,1,0,0.0
SES-102567,2024-10-13,iOS,Europe,Social Media,v2.3,278.9,3,0,0.0
SES-102568,2024-10-13,Desktop,North America,Direct,v2.3,231.8,5,0,0.0
SES-102569,2024-10-13,iOS,Europe,Direct,v2.3,321.7,2,0,0.0
SES-102570,2024-10-13,iOS,Latin America,Social Media,v2.3,285.1,2,0,0.0
SES-102571,2024-10-13,Android,Asia-Pacific,Social Media,v2.3,366.6,1,0,0.0
SES-102572,2024-10-13,iOS,Europe,Paid Search,v2.3,216.4,2,0,0.0
SES-102573,2024-10-13,Android,Europe,Organic Search,v2.3,358.1,1,0,0.0
SES-102574,2024-10-13,iOS,North America,Paid Search,v2.3,386.3,1,0,0.0
SES-102575,2024-10-13,iOS,Europe,Direct,v2.3,319.9,1,0,0.0
SES-102576,2024-10-13,Android,Europe,Organic Search,v2.3,306.3,1,0,0.0
SES-102577,2024-10-13,Android,North America,Organic Search,v2.3,278.2,5,0,0.0
SES-102578,2024-10-13,Desktop,North America,Organic Search,v2.3,329.7,3,0,0.0
SES-102579,2024-10-13,Android,Europe,Direct,v2.3,255.9,3,0,0.0
SES-102580,2024-10-13,Android,Asia-Pacific,Paid Search,v2.3,295.5,1,0,0.0
SES-102581,2024-10-13,iOS,Latin America,Paid Search,v2.3,347.6,1,0,0.0
SES-102582,2024-10-13,iOS,Asia-Pacific,Organic Search,v2.3,311.6,3,0,0.0
SES-102583,2024-10-13,iOS,Asia-Pacific,Direct,v2.3,274.2,2,0,0.0
SES-102584,2024-10-13,Android,Europe,Organic Search,v2.3,280.6,3,0,0.0
SES-102585,2024-10-13,Android,Europe,Organic Search,v2.3,381.9,1,0,0.0
SES-102586,2024-10-13,Android,Europe,Direct,v2.3,303.1,1,0,0.0
SES-102587,2024-10-13,Android,Asia-Pacific,Paid Search,v2.3,299.1,3,0,0.0
SES-102588,2024-10-13,Android,Latin America,Paid Search,v2.3,332.3,2,0,0.0
SES-102589,2024-10-13,iOS,Asia-Pacific,Paid Search,v2.3,259.9,4,0,0.0
SES-102590,2024-10-13,iOS,Asia-Pacific,Organic Search,v2.3,259.5,1,0,0.0
SES-102591,2024-10-13,Desktop,North America,Direct,v2.3,392.7,1,0,0.0
SES-102592,2024-10-13,Android,North America,Organic Search,v2.3,345.0,2,0,0.0
SES-102593,2024-10-13,Desktop,North America,Organic Search,v2.3,264.2,2,0,0.0
SES-102594,2024-10-13,iOS,Europe,Direct,v2.3,292.3,3,0,0.0
SES-102595,2024-10-13,Desktop,Europe,Direct,v2.3,349.0,1,0,0.0
SES-102596,2024-10-13,iOS,North America,Organic Search,v2.3,278.2,1,0,0.0
SES-102597,2024-10-13,iOS,North America,Organic Search,v2.3,264.9,1,0,0.0
SES-102598,2024-10-13,Desktop,North America,Direct,v2.3,294.2,3,0,0.0
SES-102599,2024-10-13,iOS,North America,Direct,v2.3,305.4,1,0,0.0
SES-102600,2024-10-13,Android,Europe,Organic Search,v2.3,332.0,3,0,0.0
SES-102601,2024-10-13,iOS,North America,Direct,v2.3,334.8,2,0,0.0
SES-102602,2024-10-13,Android,North America,Organic Search,v2.3,262.2,4,0,0.0
SES-102603,2024-10-13,Desktop,North America,Paid Search,v2.3,293.6,4,0,0.0
SES-102604,2024-10-13,iOS,Asia-Pacific,Organic Search,v2.3,381.8,2,0,0.0
SES-102605,2024-10-13,Android,North America,Paid Search,v2.3,274.7,1,0,0.0
SES-102606,2024-10-13,iOS,North America,Organic Search,v2.3,318.1,1,0,0.0
SES-102607,2024-10-13,Android,Asia-Pacific,Paid Search,v2.3,292.7,3,0,0.0
SES-102608,2024-10-13,iOS,Asia-Pacific,Paid Search,v2.3,310.5,4,0,0.0
SES-102609,2024-10-13,iOS,Asia-Pacific,Paid Search,v2.3,356.8,5,0,0.0
SES-102610,2024-10-13,iOS,Europe,Organic Search,v2.3,287.5,3,1,86.34
SES-102611,2024-10-13,iOS,Europe,Paid Search,v2.3,281.4,1,0,0.0
SES-102612,2024-10-13,Desktop,Europe,Direct,v2.3,363.2,1,0,0.0
SES-102613,2024-10-13,iOS,Europe,Paid Search,v2.3,313.7,1,0,0.0
SES-102614,2024-10-13,iOS,Latin America,Direct,v2.3,329.8,2,0,0.0
SES-102615,2024-10-13,Android,North America,Paid Search,v2.3,351.6,1,0,0.0
SES-102616,2024-10-13,iOS,Europe,Paid Search,v2.3,286.9,2,0,0.0
SES-102617,2024-10-13,Android,Europe,Paid Search,v2.3,324.1,1,1,140.33
SES-102618,2024-10-13,Desktop,Europe,Social Media,v2.3,342.7,2,0,0.0
SES-102619,2024-10-13,Android,North America,Organic Search,v2.3,299.1,1,0,0.0
SES-102620,2024-10-13,Desktop,Asia-Pacific,Organic Search,v2.3,352.4,1,0,0.0
SES-102621,2024-10-13,Android,Asia-Pacific,Paid Search,v2.3,266.9,1,0,0.0
SES-102622,2024-10-13,iOS,Latin America,Social Media,v2.3,366.2,1,0,0.0
SES-102623,2024-10-13,Android,Europe,Social Media,v2.3,274.1,1,0,0.0
SES-102624,2024-10-13,Android,Europe,Paid Search,v2.3,299.3,1,0,0.0
SES-102625,2024-10-13,Android,Europe,Paid Search,v2.3,309.2,3,0,0.0
SES-102626,2024-10-13,Desktop,North America,Paid Search,v2.3,346.3,5,0,0.0
SES-102627,2024-10-13,Android,Latin America,Paid Search,v2.3,313.8,2,0,0.0
SES-102628,2024-10-13,Desktop,North America,Paid Search,v2.3,275.2,2,0,0.0
SES-102629,2024-10-13,Desktop,Asia-Pacific,Social Media,v2.3,331.9,2,0,0.0
SES-102630,2024-10-13,Android,North America,Direct,v2.3,371.2,3,0,0.0
SES-102631,2024-10-13,Android,Europe,Paid Search,v2.3,199.8,3,0,0.0
SES-102632,2024-10-13,iOS,Europe,Paid Search,v2.3,309.2,1,0,0.0
SES-102633,2024-10-13,Desktop,North America,Paid Search,v2.3,339.8,3,0,0.0
SES-102634,2024-10-13,Android,Asia-Pacific,Paid Search,v2.3,271.1,2,0,0.0
SES-102635,2024-10-13,iOS,Europe,Paid Search,v2.3,401.6,2,0,0.0
SES-102636,2024-10-13,iOS,Asia-Pacific,Organic Search,v2.3,349.0,2,1,34.02
SES-102637,2024-10-13,Android,Asia-Pacific,Organic Search,v2.3,326.9,5,0,0.0
SES-102638,2024-10-13,iOS,North America,Paid Search,v2.3,233.5,3,0,0.0
SES-102639,2024-10-13,iOS,Asia-Pacific,Direct,v2.3,211.3,1,1,49.22
SES-102640,2024-10-13,Android,North America,Organic Search,v2.3,286.4,1,0,0.0
SES-102641,2024-10-13,iOS,North America,Paid Search,v2.3,218.6,2,0,0.0
SES-102642,2024-10-13,Android,Asia-Pacific,Organic Search,v2.3,417.1,3,0,0.0
SES-102643,2024-10-13,iOS,Latin America,Organic Search,v2.3,272.4,3,0,0.0
SES-102644,2024-10-13,iOS,Europe,Social Media,v2.3,220.2,1,0,0.0
SES-102645,2024-10-13,Android,North America,Social Media,v2.3,319.5,1,0,0.0
SES-102646,2024-10-13,Android,Europe,Organic Search,v2.3,340.7,1,0,0.0
SES-102647,2024-10-13,iOS,Europe,Direct,v2.3,397.2,1,0,0.0
SES-102648,2024-10-13,iOS,North America,Organic Search,v2.3,305.3,2,0,0.0
SES-102649,2024-10-13,Android,Latin America,Social Media,v2.3,292.7,2,0,0.0
SES-102650,2024-10-13,iOS,North America,Organic Search,v2.3,238.1,4,0,0.0
SES-102651,2024-10-13,iOS,Europe,Organic Search,v2.3,345.2,2,0,0.0
SES-102652,2024-10-13,iOS,Europe,Paid Search,v2.3,392.3,1,0,0.0
SES-102653,2024-10-13,Desktop,North America,Direct,v2.3,309.9,1,0,0.0
SES-102654,2024-10-13,Desktop,Europe,Organic Search,v2.3,363.6,4,0,0.0
SES-102655,2024-10-13,Desktop,Europe,Direct,v2.3,367.2,2,0,0.0
SES-102656,2024-10-13,Android,Asia-Pacific,Organic Search,v2.3,329.5,5,0,0.0
SES-102657,2024-10-13,Android,Europe,Social Media,v2.3,322.4,3,0,0.0
SES-102658,2024-10-13,Android,North America,Organic Search,v2.3,370.8,1,1,87.93
SES-102659,2024-10-13,Android,Asia-Pacific,Social Media,v2.3,395.6,2,0,0.0
SES-102660,2024-10-13,iOS,Europe,Paid Search,v2.3,388.3,1,0,0.0
SES-102661,2024-10-13,Android,North America,Paid Search,v2.3,306.6,2,0,0.0
SES-102662,2024-10-13,Desktop,North America,Social Media,v2.3,317.6,1,0,0.0
SES-102663,2024-10-13,Android,North America,Social Media,v2.3,336.6,1,0,0.0
SES-102664,2024-10-13,iOS,North America,Direct,v2.3,288.9,1,0,0.0
SES-102665,2024-10-13,iOS,Europe,Organic Search,v2.3,309.4,2,0,0.0
SES-102666,2024-10-13,Android,Asia-Pacific,Paid Search,v2.3,292.3,2,0,0.0
SES-102667,2024-10-13,Android,Asia-Pacific,Paid Search,v2.3,266.0,5,1,143.48
SES-102668,2024-10-13,Desktop,Europe,Paid Search,v2.3,315.9,1,0,0.0
SES-102669,2024-10-13,iOS,Europe,Paid Search,v2.3,285.2,2,0,0.0
SES-102670,2024-10-13,Desktop,Europe,Organic Search,v2.3,300.5,1,0,0.0
SES-102671,2024-10-13,Android,Europe,Direct,v2.3,304.1,3,0,0.0
SES-102672,2024-10-13,Desktop,North America,Direct,v2.3,279.4,2,0,0.0
SES-102673,2024-10-13,Android,Europe,Organic Search,v2.3,362.9,1,0,0.0
SES-102674,2024-10-13,Android,Europe,Paid Search,v2.3,280.6,2,0,0.0
SES-102675,2024-10-13,Android,Asia-Pacific,Paid Search,v2.3,350.9,2,0,0.0
SES-102676,2024-10-13,Android,Europe,Direct,v2.3,257.3,2,0,0.0
SES-102677,2024-10-13,Desktop,Asia-Pacific,Organic Search,v2.3,329.6,2,0,0.0
SES-102678,2024-10-13,iOS,Asia-Pacific,Paid Search,v2.3,337.9,1,0,0.0
SES-102679,2024-10-13,iOS,Europe,Organic Search,v2.3,317.2,1,0,0.0
SES-102680,2024-10-13,Desktop,Asia-Pacific,Paid Search,v2.3,301.3,1,0,0.0
SES-102681,2024-10-13,Android,Asia-Pacific,Direct,v2.3,325.1,4,0,0.0
SES-102682,2024-10-13,Android,North America,Direct,v2.3,295.7,1,0,0.0
SES-102683,2024-10-13,Android,Europe,Organic Search,v2.3,342.8,3,0,0.0
SES-102684,2024-10-13,iOS,North America,Paid Search,v2.3,267.2,1,0,0.0
SES-102685,2024-10-13,Desktop,Latin America,Social Media,v2.3,313.5,2,0,0.0
SES-102686,2024-10-13,Android,North America,Organic Search,v2.3,343.9,3,0,0.0
SES-102687,2024-10-13,iOS,Europe,Social Media,v2.3,311.8,2,0,0.0
SES-102688,2024-10-13,iOS,North America,Direct,v2.3,314.1,1,0,0.0
SES-102689,2024-10-13,Desktop,North America,Direct,v2.3,320.0,1,0,0.0
SES-102690,2024-10-13,iOS,North America,Organic Search,v2.3,353.3,1,0,0.0
SES-102691,2024-10-13,Desktop,Asia-Pacific,Organic Search,v2.3,221.9,1,0,0.0
SES-102692,2024-10-13,iOS,North America,Social Media,v2.3,301.3,4,0,0.0
SES-102693,2024-10-13,Android,Asia-Pacific,Paid Search,v2.3,229.6,4,0,0.0
SES-102694,2024-10-13,Desktop,Asia-Pacific,Organic Search,v2.3,307.7,2,0,0.0
SES-102695,2024-10-13,Android,North America,Paid Search,v2.3,307.9,2,0,0.0
SES-102696,2024-10-13,Android,Europe,Organic Search,v2.3,345.9,2,0,0.0
SES-102697,2024-10-13,Android,Asia-Pacific,Direct,v2.3,342.4,2,0,0.0
SES-102698,2024-10-13,iOS,Latin America,Paid Search,v2.3,383.3,1,0,0.0
SES-102699,2024-10-13,iOS,Europe,Social Media,v2.3,346.2,2,0,0.0
SES-102700,2024-10-13,Desktop,North America,Direct,v2.3,302.4,1,0,0.0
SES-102701,2024-10-13,Desktop,Europe,Organic Search,v2.3,304.6,1,0,0.0
SES-102702,2024-10-14,Android,Asia-Pacific,Paid Search,v2.4,337.0,1,0,0.0
SES-102703,2024-10-14,iOS,Asia-Pacific,Direct,v2.4,528.4,1,0,0.0
SES-102704,2024-10-14,iOS,Europe,Paid Search,v2.4,2602.6,1,0,0.0
SES-102705,2024-10-14,iOS,Asia-Pacific,Social Media,v2.4,606.5,2,0,0.0
SES-102706,2024-10-14,Android,Europe,Direct,v2.4,263.4,2,0,0.0
SES-102707,2024-10-14,Desktop,Asia-Pacific,Organic Search,v2.4,418.9,1,0,0.0
SES-102708,2024-10-14,Android,North America,Social Media,v2.4,335.5,2,0,0.0
SES-102709,2024-10-14,Desktop,Europe,Organic Search,v2.4,319.9,4,0,0.0
SES-102710,2024-10-14,iOS,Europe,Organic Search,v2.4,2420.2,4,0,0.0
SES-102711,2024-10-14,iOS,Europe,Direct,v2.4,2707.1,1,0,0.0
SES-102712,2024-10-14,iOS,North America,Social Media,v2.4,481.6,2,0,0.0
SES-102713,2024-10-14,Android,North America,Paid Search,v2.4,318.7,2,0,0.0
SES-102714,2024-10-14,iOS,Europe,Organic Search,v2.4,2537.7,1,0,0.0
SES-102715,2024-10-14,Desktop,Europe,Paid Search,v2.4,264.6,4,0,0.0
SES-102716,2024-10-14,iOS,Europe,Organic Search,v2.4,2062.4,1,0,0.0
SES-102717,2024-10-14,Desktop,Asia-Pacific,Organic Search,v2.4,324.7,2,0,0.0
SES-102718,2024-10-14,Android,Asia-Pacific,Organic Search,v2.4,276.7,1,0,0.0
SES-102719,2024-10-14,Desktop,Europe,Paid Search,v2.4,337.2,3,0,0.0
SES-102720,2024-10-14,Android,North America,Social Media,v2.4,279.6,1,0,0.0
SES-102721,2024-10-14,Desktop,Europe,Organic Search,v2.4,300.8,3,0,0.0
SES-102722,2024-10-14,iOS,Latin America,Organic Search,v2.4,529.4,1,0,0.0
SES-102723,2024-10-14,Android,Latin America,Direct,v2.4,325.2,2,0,0.0
SES-102724,2024-10-14,Desktop,North America,Direct,v2.4,272.3,1,1,91.62
SES-102725,2024-10-14,iOS,Latin America,Social Media,v2.4,472.6,1,0,0.0
SES-102726,2024-10-14,iOS,Asia-Pacific,Organic Search,v2.4,456.2,1,0,0.0
SES-102727,2024-10-14,Android,Asia-Pacific,Organic Search,v2.4,314.0,1,0,0.0
SES-102728,2024-10-14,Desktop,North America,Paid Search,v2.4,343.9,1,0,0.0
SES-102729,2024-10-14,Android,Europe,Paid Search,v2.4,225.1,1,0,0.0
SES-102730,2024-10-14,Android,Europe,Paid Search,v2.4,414.4,2,0,0.0
SES-102731,2024-10-14,iOS,Europe,Paid Search,v2.4,2472.2,2,0,0.0
SES-102732,2024-10-14,iOS,North America,Organic Search,v2.4,480.3,3,0,0.0
SES-102733,2024-10-14,Desktop,Europe,Paid Search,v2.4,256.3,1,0,0.0
SES-102734,2024-10-14,iOS,Europe,Direct,v2.4,2754.9,1,0,0.0
SES-102735,2024-10-14,Android,North America,Paid Search,v2.4,257.6,1,0,0.0
SES-102736,2024-10-14,Desktop,Europe,Direct,v2.4,385.2,4,1,35.33
SES-102737,2024-10-14,iOS,North America,Paid Search,v2.4,429.4,3,0,0.0
SES-102738,2024-10-14,Android,Latin America,Organic Search,v2.4,362.5,1,0,0.0
SES-102739,2024-10-14,iOS,Asia-Pacific,Organic Search,v2.4,461.4,3,0,0.0
SES-102740,2024-10-14,Android,North America,Paid Search,v2.4,357.7,2,0,0.0
SES-102741,2024-10-14,iOS,North America,Organic Search,v2.4,407.0,1,0,0.0
SES-102742,2024-10-14,Android,North America,Direct,v2.4,278.9,2,0,0.0
SES-102743,2024-10-14,iOS,Europe,Direct,v2.4,2835.9,2,0,0.0
SES-102744,2024-10-14,Android,Asia-Pacific,Paid Search,v2.4,327.7,5,0,0.0
SES-102745,2024-10-14,Android,Europe,Organic Search,v2.4,292.5,2,1,61.25
SES-102746,2024-10-14,iOS,Europe,Social Media,v2.4,2346.9,1,0,0.0
SES-102747,2024-10-14,Android,Asia-Pacific,Organic Search,v2.4,278.8,1,0,0.0
SES-102748,2024-10-14,iOS,Europe,Organic Search,v2.4,2559.8,4,0,0.0
SES-102749,2024-10-14,Android,North America,Paid Search,v2.4,322.0,2,0,0.0
SES-102750,2024-10-14,iOS,Europe,Direct,v2.4,2942.9,1,0,0.0
SES-102751,2024-10-14,Android,Europe,Organic Search,v2.4,260.1,1,0,0.0
SES-102752,2024-10-14,iOS,Europe,Paid Search,v2.4,2487.6,1,0,0.0
SES-102753,2024-10-14,Android,Europe,Paid Search,v2.4,260.9,4,0,0.0
SES-102754,2024-10-14,iOS,North America,Organic Search,v2.4,648.1,1,0,0.0
SES-102755,2024-10-14,Android,Asia-Pacific,Organic Search,v2.4,332.0,3,0,0.0
SES-102756,2024-10-14,iOS,North America,Direct,v2.4,438.8,4,0,0.0
SES-102757,2024-10-14,Desktop,Asia-Pacific,Paid Search,v2.4,282.1,1,0,0.0
SES-102758,2024-10-14,Desktop,Europe,Organic Search,v2.4,374.6,1,0,0.0
SES-102759,2024-10-14,iOS,Europe,Organic Search,v2.4,3033.5,2,0,0.0
SES-102760,2024-10-14,Android,Europe,Paid Search,v2.4,286.2,2,0,0.0
SES-102761,2024-10-14,iOS,North America,Direct,v2.4,493.7,1,0,0.0
SES-102762,2024-10-14,iOS,North America,Organic Search,v2.4,426.7,1,0,0.0
SES-102763,2024-10-14,Android,North America,Paid Search,v2.4,324.8,1,0,0.0
SES-102764,2024-10-14,Android,Asia-Pacific,Organic Search,v2.4,280.4,4,0,0.0
SES-102765,2024-10-14,Android,North America,Organic Search,v2.4,312.8,2,0,0.0
SES-102766,2024-10-14,iOS,North America,Organic Search,v2.4,442.4,1,0,0.0
SES-102767,2024-10-14,iOS,Latin America,Direct,v2.4,508.0,2,0,0.0
SES-102768,2024-10-14,iOS,Europe,Paid Search,v2.4,2505.6,2,0,0.0
SES-102769,2024-10-14,Android,North America,Direct,v2.4,225.2,2,0,0.0
SES-102770,2024-10-14,Android,Asia-Pacific,Direct,v2.4,317.3,1,0,0.0
SES-102771,2024-10-14,Android,North America,Direct,v2.4,270.0,1,0,0.0
SES-102772,2024-10-14,iOS,Europe,Organic Search,v2.4,1655.2,1,0,0.0
SES-102773,2024-10-14,iOS,North America,Organic Search,v2.4,420.4,5,0,0.0
SES-102774,2024-10-14,iOS,North America,Social Media,v2.4,482.1,1,0,0.0
SES-102775,2024-10-14,iOS,North America,Direct,v2.4,474.0,1,0,0.0
SES-102776,2024-10-14,iOS,Europe,Direct,v2.4,2590.9,1,0,0.0
SES-102777,2024-10-14,Desktop,Latin America,Organic Search,v2.4,392.4,1,0,0.0
SES-102778,2024-10-14,Desktop,Asia-Pacific,Paid Search,v2.4,374.8,1,0,0.0
SES-102779,2024-10-14,Android,North America,Direct,v2.4,262.8,2,0,0.0
SES-102780,2024-10-14,Android,North America,Organic Search,v2.4,262.8,1,1,55.07
SES-102781,2024-10-14,iOS,Asia-Pacific,Paid Search,v2.4,505.4,1,0,0.0
SES-102782,2024-10-14,Desktop,Europe,Paid Search,v2.4,272.6,2,0,0.0
SES-102783,2024-10-14,iOS,Europe,Organic Search,v2.4,2197.2,4,0,0.0
SES-102784,2024-10-14,Desktop,North America,Organic Search,v2.4,371.1,1,1,174.65
SES-102785,2024-10-14,Android,Asia-Pacific,Organic Search,v2.4,251.0,2,0,0.0
SES-102786,2024-10-14,iOS,Europe,Organic Search,v2.4,2573.1,2,0,0.0
SES-102787,2024-10-14,Desktop,Latin America,Paid Search,v2.4,383.6,2,0,0.0
SES-102788,2024-10-14,iOS,North America,Organic Search,v2.4,405.7,2,0,0.0
SES-102789,2024-10-14,Android,North America,Organic Search,v2.4,300.7,1,0,0.0
SES-102790,2024-10-14,Android,Europe,Social Media,v2.4,316.6,3,0,0.0
SES-102791,2024-10-14,iOS,Europe,Paid Search,v2.4,2123.2,1,0,0.0
SES-102792,2024-10-14,Android,Asia-Pacific,Paid Search,v2.4,357.4,2,0,0.0
SES-102793,2024-10-14,Android,Latin America,Direct,v2.4,303.7,3,0,0.0
SES-102794,2024-10-14,Android,North America,Social Media,v2.4,326.5,2,0,0.0
SES-102795,2024-10-14,iOS,Latin America,Organic Search,v2.4,460.9,2,0,0.0
SES-102796,2024-10-14,Desktop,Asia-Pacific,Paid Search,v2.4,274.2,1,0,0.0
SES-102797,2024-10-14,iOS,North America,Paid Search,v2.4,496.5,3,0,0.0
SES-102798,2024-10-14,iOS,North America,Organic Search,v2.4,475.0,2,0,0.0
SES-102799,2024-10-14,iOS,North America,Direct,v2.4,448.0,5,0,0.0
SES-102800,2024-10-14,iOS,North America,Social Media,v2.4,577.1,4,1,91.35
SES-102801,2024-10-14,iOS,Europe,Social Media,v2.4,2608.5,1,0,0.0
SES-102802,2024-10-14,Desktop,North America,Organic Search,v2.4,333.4,2,0,0.0
SES-102803,2024-10-14,iOS,Europe,Organic Search,v2.4,2604.2,2,0,0.0
SES-102804,2024-10-14,iOS,Asia-Pacific,Social Media,v2.4,483.3,3,0,0.0
SES-102805,2024-10-14,iOS,Asia-Pacific,Paid Search,v2.4,383.7,2,0,0.0
SES-102806,2024-10-14,Android,Europe,Organic Search,v2.4,379.7,3,0,0.0
SES-102807,2024-10-14,Desktop,Europe,Direct,v2.4,285.0,2,0,0.0
SES-102808,2024-10-14,iOS,North America,Organic Search,v2.4,411.8,1,0,0.0
SES-102809,2024-10-14,iOS,North America,Organic Search,v2.4,405.8,2,0,0.0
SES-102810,2024-10-14,iOS,Europe,Social Media,v2.4,2557.3,2,0,0.0
SES-102811,2024-10-14,iOS,North America,Organic Search,v2.4,583.9,3,0,0.0
SES-102812,2024-10-14,iOS,Europe,Organic Search,v2.4,2044.9,5,0,0.0
SES-102813,2024-10-14,Android,Europe,Organic Search,v2.4,359.7,1,0,0.0
SES-102814,2024-10-14,iOS,Europe,Paid Search,v2.4,1970.5,1,0,0.0
SES-102815,2024-10-14,Android,Europe,Organic Search,v2.4,408.4,2,0,0.0
SES-102816,2024-10-14,iOS,Asia-Pacific,Paid Search,v2.4,488.2,2,0,0.0
SES-102817,2024-10-14,Desktop,Latin America,Paid Search,v2.4,343.7,1,0,0.0
SES-102818,2024-10-14,Desktop,North America,Direct,v2.4,279.7,4,0,0.0
SES-102819,2024-10-14,Android,North America,Organic Search,v2.4,329.6,1,0,0.0
SES-102820,2024-10-14,iOS,Europe,Direct,v2.4,2416.7,3,0,0.0
SES-102821,2024-10-14,iOS,North America,Organic Search,v2.4,446.0,1,0,0.0
SES-102822,2024-10-14,Android,Europe,Direct,v2.4,293.8,1,0,0.0
SES-102823,2024-10-14,Android,North America,Paid Search,v2.4,339.1,1,0,0.0
SES-102824,2024-10-14,Android,Latin America,Organic Search,v2.4,399.8,3,0,0.0
SES-102825,2024-10-14,Desktop,Europe,Direct,v2.4,258.0,2,0,0.0
SES-102826,2024-10-14,Desktop,Asia-Pacific,Organic Search,v2.4,384.4,1,0,0.0
SES-102827,2024-10-14,iOS,Europe,Organic Search,v2.4,2576.1,2,0,0.0
SES-102828,2024-10-14,Android,North America,Paid Search,v2.4,243.6,3,0,0.0
SES-102829,2024-10-14,iOS,Europe,Direct,v2.4,2188.1,1,0,0.0
SES-102830,2024-10-14,iOS,North America,Organic Search,v2.4,451.9,4,0,0.0
SES-102831,2024-10-14,Android,Europe,Organic Search,v2.4,333.0,2,0,0.0
SES-102832,2024-10-14,iOS,North America,Organic Search,v2.4,521.5,1,0,0.0
SES-102833,2024-10-14,Desktop,North America,Paid Search,v2.4,321.3,2,0,0.0
SES-102834,2024-10-14,iOS,Europe,Paid Search,v2.4,2351.6,1,0,0.0
SES-102835,2024-10-14,Android,North America,Organic Search,v2.4,350.3,2,0,0.0
SES-102836,2024-10-14,Android,Latin America,Organic Search,v2.4,319.3,1,0,0.0
SES-102837,2024-10-14,Android,North America,Paid Search,v2.4,286.2,3,0,0.0
SES-102838,2024-10-14,iOS,Europe,Direct,v2.4,2977.2,3,0,0.0
SES-102839,2024-10-14,Desktop,Europe,Direct,v2.4,261.3,3,0,0.0
SES-102840,2024-10-14,Android,Asia-Pacific,Social Media,v2.4,275.6,5,0,0.0
SES-102841,2024-10-14,Android,North America,Organic Search,v2.4,279.4,1,0,0.0
SES-102842,2024-10-14,iOS,North America,Social Media,v2.4,437.6,1,0,0.0
SES-102843,2024-10-14,Android,Europe,Organic Search,v2.4,321.5,2,0,0.0
SES-102844,2024-10-14,Desktop,North America,Social Media,v2.4,256.0,1,0,0.0
SES-102845,2024-10-14,Android,Europe,Organic Search,v2.4,409.9,1,0,0.0
SES-102846,2024-10-14,Desktop,Latin America,Paid Search,v2.4,387.9,4,0,0.0
SES-102847,2024-10-14,Android,Asia-Pacific,Paid Search,v2.4,401.7,2,0,0.0
SES-102848,2024-10-14,iOS,Europe,Paid Search,v2.4,2866.5,2,0,0.0
SES-102849,2024-10-14,iOS,North America,Direct,v2.4,440.9,2,0,0.0
SES-102850,2024-10-14,iOS,Europe,Direct,v2.4,3110.5,3,0,0.0
SES-102851,2024-10-14,Android,North America,Social Media,v2.4,267.0,4,0,0.0
SES-102852,2024-10-14,Desktop,Asia-Pacific,Paid Search,v2.4,415.7,1,0,0.0
SES-102853,2024-10-14,iOS,North America,Paid Search,v2.4,428.8,2,0,0.0
SES-102854,2024-10-14,Android,Europe,Organic Search,v2.4,338.9,4,0,0.0
SES-102855,2024-10-14,Android,Europe,Social Media,v2.4,340.2,1,0,0.0
SES-102856,2024-10-14,Android,Asia-Pacific,Paid Search,v2.4,431.4,1,0,0.0
SES-102857,2024-10-14,iOS,North America,Direct,v2.4,502.5,1,0,0.0
SES-102858,2024-10-14,iOS,North America,Paid Search,v2.4,431.2,1,0,0.0
SES-102859,2024-10-14,iOS,Europe,Paid Search,v2.4,2318.7,2,0,0.0
SES-102860,2024-10-14,iOS,Europe,Social Media,v2.4,2120.4,2,0,0.0
SES-102861,2024-10-14,iOS,Latin America,Organic Search,v2.4,524.1,2,0,0.0
SES-102862,2024-10-14,iOS,North America,Organic Search,v2.4,448.6,1,0,0.0
SES-102863,2024-10-14,Android,North America,Organic Search,v2.4,327.2,1,0,0.0
SES-102864,2024-10-14,iOS,North America,Direct,v2.4,474.5,2,0,0.0
SES-102865,2024-10-14,Desktop,Asia-Pacific,Organic Search,v2.4,351.3,2,0,0.0
SES-102866,2024-10-14,iOS,Europe,Organic Search,v2.4,2629.8,1,0,0.0
SES-102867,2024-10-14,iOS,Europe,Organic Search,v2.4,1628.2,5,0,0.0
SES-102868,2024-10-14,iOS,North America,Paid Search,v2.4,420.0,1,0,0.0
SES-102869,2024-10-14,iOS,North America,Paid Search,v2.4,487.5,2,0,0.0
SES-102870,2024-10-14,Desktop,Asia-Pacific,Organic Search,v2.4,313.7,3,0,0.0
SES-102871,2024-10-14,iOS,Asia-Pacific,Social Media,v2.4,457.8,1,0,0.0
SES-102872,2024-10-14,Desktop,North America,Social Media,v2.4,397.6,2,0,0.0
SES-102873,2024-10-14,Desktop,Europe,Organic Search,v2.4,323.9,1,0,0.0
SES-102874,2024-10-14,Android,Latin America,Direct,v2.4,325.2,3,0,0.0
SES-102875,2024-10-14,Android,North America,Paid Search,v2.4,321.3,1,1,163.04
SES-102876,2024-10-14,Android,North America,Organic Search,v2.4,328.9,4,0,0.0
SES-102877,2024-10-14,iOS,North America,Organic Search,v2.4,453.0,4,0,0.0
SES-102878,2024-10-14,Android,North America,Paid Search,v2.4,263.8,1,0,0.0
SES-102879,2024-10-14,iOS,Europe,Paid Search,v2.4,2646.7,1,0,0.0
SES-102880,2024-10-14,iOS,Asia-Pacific,Organic Search,v2.4,453.1,1,0,0.0
SES-102881,2024-10-14,Android,Asia-Pacific,Direct,v2.4,336.7,3,0,0.0
SES-102882,2024-10-14,Android,North America,Paid Search,v2.4,224.2,1,0,0.0
SES-102883,2024-10-14,Desktop,North America,Direct,v2.4,318.1,1,0,0.0
SES-102884,2024-10-14,iOS,Europe,Organic Search,v2.4,2183.7,4,0,0.0
SES-102885,2024-10-14,Desktop,Europe,Paid Search,v2.4,288.6,2,0,0.0
SES-102886,2024-10-14,iOS,Europe,Organic Search,v2.4,1374.1,1,0,0.0
SES-102887,2024-10-14,iOS,Europe,Paid Search,v2.4,1721.2,1,0,0.0
SES-102888,2024-10-14,iOS,Latin America,Direct,v2.4,371.0,1,0,0.0
SES-102889,2024-10-14,Android,Asia-Pacific,Direct,v2.4,286.6,1,0,0.0
SES-102890,2024-10-14,iOS,North America,Paid Search,v2.4,496.0,1,0,0.0
SES-102891,2024-10-14,Android,North America,Direct,v2.4,301.1,1,0,0.0
SES-102892,2024-10-14,Desktop,Europe,Social Media,v2.4,256.4,3,0,0.0
SES-102893,2024-10-14,Android,Latin America,Paid Search,v2.4,350.4,1,0,0.0
SES-102894,2024-10-14,Android,North America,Organic Search,v2.4,358.4,3,0,0.0
SES-102895,2024-10-14,Desktop,Europe,Direct,v2.4,413.1,1,0,0.0
SES-102896,2024-10-14,Android,North America,Organic Search,v2.4,281.3,3,0,0.0
SES-102897,2024-10-14,Android,Asia-Pacific,Social Media,v2.4,296.1,4,0,0.0
SES-102898,2024-10-14,iOS,Asia-Pacific,Paid Search,v2.4,667.0,1,0,0.0
SES-102899,2024-10-14,Desktop,Europe,Paid Search,v2.4,287.0,2,0,0.0
SES-102900,2024-10-14,Android,Asia-Pacific,Organic Search,v2.4,355.1,2,0,0.0
SES-102901,2024-10-14,iOS,Europe,Paid Search,v2.4,2676.3,3,0,0.0
SES-102902,2024-10-14,iOS,Europe,Social Media,v2.4,2341.2,1,0,0.0
SES-102903,2024-10-14,Desktop,Asia-Pacific,Organic Search,v2.4,286.1,2,0,0.0
SES-102904,2024-10-14,iOS,Asia-Pacific,Paid Search,v2.4,626.8,3,0,0.0
SES-102905,2024-10-14,Desktop,North America,Social Media,v2.4,364.5,2,0,0.0
SES-102906,2024-10-14,iOS,North America,Paid Search,v2.4,338.6,3,0,0.0
SES-102907,2024-10-14,Desktop,Asia-Pacific,Paid Search,v2.4,333.6,1,0,0.0
SES-102908,2024-10-14,iOS,Asia-Pacific,Paid Search,v2.4,470.4,1,0,0.0
SES-102909,2024-10-14,Android,Asia-Pacific,Paid Search,v2.4,356.1,4,0,0.0
SES-102910,2024-10-14,Desktop,North America,Organic Search,v2.4,355.7,1,0,0.0
SES-102911,2024-10-15,Android,Latin America,Organic Search,v2.4,311.3,3,0,0.0
SES-102912,2024-10-15,Android,Latin America,Paid Search,v2.4,371.2,4,0,0.0
SES-102913,2024-10-15,iOS,Europe,Social Media,v2.4,2192.2,1,0,0.0
SES-102914,2024-10-15,iOS,Asia-Pacific,Organic Search,v2.4,528.5,1,0,0.0
SES-102915,2024-10-15,iOS,North America,Organic Search,v2.4,477.4,1,0,0.0
SES-102916,2024-10-15,Android,North America,Paid Search,v2.4,322.1,1,0,0.0
SES-102917,2024-10-15,iOS,North America,Direct,v2.4,560.8,1,0,0.0
SES-102918,2024-10-15,iOS,Europe,Organic Search,v2.4,1956.1,1,0,0.0
SES-102919,2024-10-15,Android,North America,Social Media,v2.4,278.1,1,0,0.0
SES-102920,2024-10-15,Android,Asia-Pacific,Organic Search,v2.4,307.4,1,0,0.0
SES-102921,2024-10-15,Android,Europe,Social Media,v2.4,366.3,1,0,0.0
SES-102922,2024-10-15,iOS,North America,Paid Search,v2.4,608.2,2,0,0.0
SES-102923,2024-10-15,iOS,Latin America,Direct,v2.4,461.4,1,0,0.0
SES-102924,2024-10-15,Desktop,North America,Paid Search,v2.4,244.0,1,0,0.0
SES-102925,2024-10-15,iOS,North America,Direct,v2.4,458.5,2,0,0.0
SES-102926,2024-10-15,Desktop,North America,Organic Search,v2.4,343.7,2,0,0.0
SES-102927,2024-10-15,Desktop,North America,Organic Search,v2.4,317.9,3,0,0.0
SES-102928,2024-10-15,Desktop,North America,Paid Search,v2.4,395.3,1,0,0.0
SES-102929,2024-10-15,iOS,Asia-Pacific,Social Media,v2.4,414.1,1,0,0.0
SES-102930,2024-10-15,Desktop,North America,Direct,v2.4,384.5,2,0,0.0
SES-102931,2024-10-15,Desktop,Asia-Pacific,Paid Search,v2.4,326.0,1,0,0.0
SES-102932,2024-10-15,Android,North America,Paid Search,v2.4,317.2,3,0,0.0
SES-102933,2024-10-15,iOS,Europe,Organic Search,v2.4,2405.6,1,0,0.0
SES-102934,2024-10-15,iOS,North America,Direct,v2.4,391.6,5,0,0.0
SES-102935,2024-10-15,iOS,Asia-Pacific,Direct,v2.4,476.7,1,0,0.0
SES-102936,2024-10-15,Android,North America,Direct,v2.4,318.3,2,0,0.0
SES-102937,2024-10-15,Android,Europe,Paid Search,v2.4,297.0,1,0,0.0
SES-102938,2024-10-15,iOS,Europe,Social Media,v2.4,2597.8,2,0,0.0
SES-102939,2024-10-15,Android,Europe,Social Media,v2.4,309.7,2,0,0.0
SES-102940,2024-10-15,iOS,Europe,Paid Search,v2.4,2732.9,2,0,0.0
SES-102941,2024-10-15,Android,North America,Paid Search,v2.4,346.2,2,0,0.0
SES-102942,2024-10-15,Desktop,Europe,Paid Search,v2.4,327.9,3,0,0.0
SES-102943,2024-10-15,iOS,Asia-Pacific,Paid Search,v2.4,545.7,1,0,0.0
SES-102944,2024-10-15,iOS,Europe,Paid Search,v2.4,2324.0,2,0,0.0
SES-102945,2024-10-15,iOS,Europe,Organic Search,v2.4,2674.3,1,0,0.0
SES-102946,2024-10-15,Android,North America,Paid Search,v2.4,235.9,3,0,0.0
SES-102947,2024-10-15,Android,Europe,Paid Search,v2.4,323.4,2,0,0.0
SES-102948,2024-10-15,Desktop,Asia-Pacific,Paid Search,v2.4,325.6,3,0,0.0
SES-102949,2024-10-15,iOS,Europe,Organic Search,v2.4,2521.0,3,0,0.0
SES-102950,2024-10-15,Desktop,North America,Direct,v2.4,269.2,4,0,0.0
SES-102951,2024-10-15,iOS,Asia-Pacific,Paid Search,v2.4,497.7,4,0,0.0
SES-102952,2024-10-15,Android,North America,Organic Search,v2.4,338.9,1,0,0.0
SES-102953,2024-10-15,iOS,Europe,Paid Search,v2.4,2406.1,3,0,0.0
SES-102954,2024-10-15,Desktop,North America,Social Media,v2.4,301.2,1,0,0.0
SES-102955,2024-10-15,Android,Asia-Pacific,Direct,v2.4,208.9,2,0,0.0
SES-102956,2024-10-15,Android,Latin America,Organic Search,v2.4,324.9,1,0,0.0
SES-102957,2024-10-15,Desktop,Asia-Pacific,Social Media,v2.4,283.1,1,0,0.0
SES-102958,2024-10-15,iOS,Europe,Organic Search,v2.4,2085.8,3,0,0.0
SES-102959,2024-10-15,iOS,Latin America,Social Media,v2.4,533.5,3,0,0.0
SES-102960,2024-10-15,Desktop,Europe,Organic Search,v2.4,311.1,4,1,60.05
SES-102961,2024-10-15,iOS,Europe,Organic Search,v2.4,2587.8,4,0,0.0
SES-102962,2024-10-15,iOS,Asia-Pacific,Paid Search,v2.4,545.1,5,0,0.0
SES-102963,2024-10-15,Android,Europe,Paid Search,v2.4,283.2,1,0,0.0
SES-102964,2024-10-15,Android,Europe,Paid Search,v2.4,240.4,1,0,0.0
SES-102965,2024-10-15,iOS,Europe,Direct,v2.4,2472.9,1,0,0.0
SES-102966,2024-10-15,iOS,North America,Direct,v2.4,515.6,3,0,0.0
SES-102967,2024-10-15,iOS,Asia-Pacific,Paid Search,v2.4,479.5,2,0,0.0
SES-102968,2024-10-15,Android,North America,Paid Search,v2.4,320.7,1,0,0.0
SES-102969,2024-10-15,Desktop,Europe,Organic Search,v2.4,308.7,5,0,0.0
SES-102970,2024-10-15,Desktop,North America,Organic Search,v2.4,295.3,4,0,0.0
SES-102971,2024-10-15,Android,Latin America,Paid Search,v2.4,361.7,1,0,0.0
SES-102972,2024-10-15,iOS,Asia-Pacific,Organic Search,v2.4,407.0,2,0,0.0
SES-102973,2024-10-15,Desktop,Europe,Direct,v2.4,255.9,3,0,0.0
SES-102974,2024-10-15,Android,Latin America,Paid Search,v2.4,427.2,1,0,0.0
SES-102975,2024-10-15,iOS,Asia-Pacific,Organic Search,v2.4,612.0,1,0,0.0
SES-102976,2024-10-15,Desktop,Europe,Paid Search,v2.4,345.5,1,0,0.0
SES-102977,2024-10-15,Desktop,Europe,Organic Search,v2.4,380.1,4,0,0.0
SES-102978,2024-10-15,Android,Europe,Paid Search,v2.4,369.6,3,0,0.0
SES-102979,2024-10-15,Android,Asia-Pacific,Direct,v2.4,343.2,3,0,0.0
SES-102980,2024-10-15,iOS,Europe,Paid Search,v2.4,2746.8,2,0,0.0
SES-102981,2024-10-15,iOS,North America,Organic Search,v2.4,514.3,2,0,0.0
SES-102982,2024-10-15,Android,Europe,Direct,v2.4,295.2,2,0,0.0
SES-102983,2024-10-15,iOS,Latin America,Organic Search,v2.4,434.6,1,0,0.0
SES-102984,2024-10-15,Android,Europe,Direct,v2.4,321.1,1,0,0.0
SES-102985,2024-10-15,Desktop,Latin America,Paid Search,v2.4,341.4,1,0,0.0
SES-102986,2024-10-15,Desktop,Latin America,Paid Search,v2.4,391.2,1,0,0.0
SES-102987,2024-10-15,Android,Europe,Social Media,v2.4,340.8,1,0,0.0
SES-102988,2024-10-15,Desktop,North America,Direct,v2.4,355.1,2,0,0.0
SES-102989,2024-10-15,Desktop,Europe,Organic Search,v2.4,321.3,1,0,0.0
SES-102990,2024-10-15,Android,Latin America,Organic Search,v2.4,379.0,1,0,0.0
SES-102991,2024-10-15,iOS,North America,Social Media,v2.4,508.6,5,0,0.0
SES-102992,2024-10-15,iOS,Europe,Organic Search,v2.4,2655.2,2,0,0.0
SES-102993,2024-10-15,iOS,Europe,Paid Search,v2.4,2440.3,2,0,0.0
SES-102994,2024-10-15,iOS,North America,Direct,v2.4,560.6,1,0,0.0
SES-102995,2024-10-15,iOS,Latin America,Paid Search,v2.4,476.0,1,0,0.0
SES-102996,2024-10-15,iOS,North America,Direct,v2.4,632.8,1,0,0.0
SES-102997,2024-10-15,Android,Asia-Pacific,Direct,v2.4,288.4,2,0,0.0
SES-102998,2024-10-15,Desktop,North America,Direct,v2.4,266.1,1,0,0.0
SES-102999,2024-10-15,iOS,Europe,Direct,v2.4,2430.5,3,0,0.0
SES-103000,2024-10-15,Android,Latin America,Paid Search,v2.4,308.3,2,1,60.75
SES-103001,2024-10-15,Android,Europe,Paid Search,v2.4,378.5,1,0,0.0
SES-103002,2024-10-15,iOS,Latin America,Paid Search,v2.4,478.0,1,0,0.0
SES-103003,2024-10-15,Desktop,North America,Direct,v2.4,374.7,1,0,0.0
SES-103004,2024-10-15,Android,Europe,Social Media,v2.4,318.0,1,0,0.0
SES-103005,2024-10-15,iOS,North America,Organic Search,v2.4,581.0,1,0,0.0
SES-103006,2024-10-15,Desktop,Latin America,Organic Search,v2.4,312.1,3,0,0.0
SES-103007,2024-10-15,iOS,Latin America,Social Media,v2.4,375.0,1,0,0.0
SES-103008,2024-10-15,Android,Europe,Paid Search,v2.4,350.0,1,0,0.0
SES-103009,2024-10-15,iOS,Europe,Organic Search,v2.4,2310.4,1,0,0.0
SES-103010,2024-10-15,Desktop,North America,Direct,v2.4,324.6,2,0,0.0
SES-103011,2024-10-15,Android,North America,Social Media,v2.4,328.8,2,0,0.0
SES-103012,2024-10-15,Android,Asia-Pacific,Direct,v2.4,337.8,1,1,77.77
SES-103013,2024-10-15,iOS,Europe,Direct,v2.4,2281.4,1,0,0.0
SES-103014,2024-10-15,Android,Latin America,Organic Search,v2.4,283.3,1,0,0.0
SES-103015,2024-10-15,Desktop,North America,Social Media,v2.4,257.8,3,0,0.0
SES-103016,2024-10-15,Android,Asia-Pacific,Paid Search,v2.4,366.9,2,0,0.0
SES-103017,2024-10-15,Android,North America,Social Media,v2.4,363.9,4,0,0.0
SES-103018,2024-10-15,Android,North America,Organic Search,v2.4,315.0,1,0,0.0
SES-103019,2024-10-15,Desktop,Latin America,Organic Search,v2.4,335.1,2,0,0.0
SES-103020,2024-10-15,Android,North America,Paid Search,v2.4,221.4,2,0,0.0
SES-103021,2024-10-15,Desktop,Asia-Pacific,Organic Search,v2.4,351.1,5,0,0.0
SES-103022,2024-10-15,Desktop,Latin America,Direct,v2.4,369.0,1,0,0.0
SES-103023,2024-10-15,Android,North America,Social Media,v2.4,297.0,1,0,0.0
SES-103024,2024-10-15,iOS,North America,Direct,v2.4,412.9,3,0,0.0
SES-103025,2024-10-15,Android,Europe,Social Media,v2.4,308.2,3,0,0.0
SES-103026,2024-10-15,Desktop,Europe,Paid Search,v2.4,307.8,2,0,0.0
SES-103027,2024-10-15,iOS,Europe,Direct,v2.4,3077.7,3,0,0.0
SES-103028,2024-10-15,Android,Europe,Direct,v2.4,309.1,1,0,0.0
SES-103029,2024-10-15,Desktop,Europe,Direct,v2.4,258.7,3,0,0.0
SES-103030,2024-10-15,iOS,Europe,Paid Search,v2.4,2698.7,2,0,0.0
SES-103031,2024-10-15,Android,North America,Paid Search,v2.4,333.5,3,0,0.0
SES-103032,2024-10-15,iOS,North America,Direct,v2.4,573.2,4,0,0.0
SES-103033,2024-10-15,iOS,Europe,Organic Search,v2.4,2638.4,1,0,0.0
SES-103034,2024-10-15,Desktop,Europe,Direct,v2.4,289.8,2,0,0.0
SES-103035,2024-10-15,iOS,North America,Social Media,v2.4,405.7,4,0,0.0
SES-103036,2024-10-15,iOS,North America,Paid Search,v2.4,571.4,3,0,0.0
SES-103037,2024-10-15,Desktop,North America,Direct,v2.4,344.0,1,0,0.0
SES-103038,2024-10-15,iOS,North America,Direct,v2.4,411.3,2,0,0.0
SES-103039,2024-10-15,Desktop,Asia-Pacific,Direct,v2.4,305.0,3,0,0.0
SES-103040,2024-10-15,Desktop,North America,Paid Search,v2.4,326.9,1,0,0.0
SES-103041,2024-10-15,iOS,North America,Social Media,v2.4,425.6,1,0,0.0
SES-103042,2024-10-15,iOS,Latin America,Paid Search,v2.4,530.1,1,1,35.27
SES-103043,2024-10-15,Android,Asia-Pacific,Organic Search,v2.4,396.4,2,0,0.0
SES-103044,2024-10-15,Android,North America,Direct,v2.4,293.9,1,0,0.0
SES-103045,2024-10-15,iOS,North America,Direct,v2.4,401.5,4,0,0.0
SES-103046,2024-10-15,Android,Europe,Direct,v2.4,260.6,2,0,0.0
SES-103047,2024-10-15,iOS,North America,Organic Search,v2.4,461.6,3,0,0.0
SES-103048,2024-10-15,Desktop,Latin America,Organic Search,v2.4,283.9,1,0,0.0
SES-103049,2024-10-15,iOS,North America,Social Media,v2.4,487.2,1,0,0.0
SES-103050,2024-10-15,iOS,Latin America,Organic Search,v2.4,473.6,5,0,0.0
SES-103051,2024-10-15,iOS,North America,Direct,v2.4,377.9,3,0,0.0
SES-103052,2024-10-15,Desktop,Latin America,Direct,v2.4,320.3,4,0,0.0
SES-103053,2024-10-15,Android,North America,Direct,v2.4,315.2,3,0,0.0
SES-103054,2024-10-15,Desktop,Europe,Organic Search,v2.4,377.7,1,0,0.0
SES-103055,2024-10-15,iOS,North America,Direct,v2.4,605.0,3,0,0.0
SES-103056,2024-10-15,iOS,Europe,Social Media,v2.4,2176.6,1,0,0.0
SES-103057,2024-10-15,iOS,Europe,Paid Search,v2.4,2424.0,1,0,0.0
SES-103058,2024-10-15,Android,Asia-Pacific,Paid Search,v2.4,363.3,1,0,0.0
SES-103059,2024-10-15,Android,Europe,Paid Search,v2.4,253.1,1,0,0.0
SES-103060,2024-10-15,Android,Asia-Pacific,Organic Search,v2.4,321.1,2,0,0.0
SES-103061,2024-10-15,iOS,Europe,Social Media,v2.4,3091.2,2,0,0.0
SES-103062,2024-10-15,Desktop,Europe,Social Media,v2.4,305.1,1,0,0.0
SES-103063,2024-10-15,iOS,Latin America,Social Media,v2.4,355.5,3,0,0.0
SES-103064,2024-10-15,Desktop,North America,Paid Search,v2.4,247.3,5,0,0.0
SES-103065,2024-10-15,iOS,North America,Direct,v2.4,645.5,4,0,0.0
SES-103066,2024-10-15,Android,North America,Organic Search,v2.4,285.3,4,0,0.0
SES-103067,2024-10-15,iOS,North America,Direct,v2.4,439.7,1,0,0.0
SES-103068,2024-10-15,Android,Latin America,Paid Search,v2.4,317.1,2,0,0.0
SES-103069,2024-10-15,Android,North America,Social Media,v2.4,350.6,1,0,0.0
SES-103070,2024-10-15,Android,North America,Direct,v2.4,397.7,1,0,0.0
SES-103071,2024-10-15,Android,Asia-Pacific,Social Media,v2.4,318.9,1,0,0.0
SES-103072,2024-10-15,Android,Europe,Social Media,v2.4,314.0,1,0,0.0
SES-103073,2024-10-15,Android,North America,Social Media,v2.4,278.0,5,0,0.0
SES-103074,2024-10-15,Desktop,Latin America,Organic Search,v2.4,323.7,3,0,0.0
SES-103075,2024-10-15,iOS,North America,Direct,v2.4,559.3,2,0,0.0
SES-103076,2024-10-15,Android,Asia-Pacific,Paid Search,v2.4,362.5,1,0,0.0
SES-103077,2024-10-15,Android,North America,Paid Search,v2.4,289.7,3,0,0.0
SES-103078,2024-10-15,iOS,Asia-Pacific,Organic Search,v2.4,610.8,3,0,0.0
SES-103079,2024-10-15,Android,Latin America,Direct,v2.4,314.6,1,0,0.0
SES-103080,2024-10-15,iOS,Europe,Organic Search,v2.4,2142.0,3,0,0.0
SES-103081,2024-10-15,iOS,Europe,Paid Search,v2.4,2395.6,1,0,0.0
SES-103082,2024-10-15,iOS,North America,Direct,v2.4,428.2,3,0,0.0
SES-103083,2024-10-15,iOS,Asia-Pacific,Social Media,v2.4,465.6,3,0,0.0
SES-103084,2024-10-15,Android,Europe,Direct,v2.4,282.5,4,0,0.0
SES-103085,2024-10-15,Android,Europe,Paid Search,v2.4,402.6,1,0,0.0
SES-103086,2024-10-15,Desktop,Europe,Paid Search,v2.4,372.5,1,0,0.0
SES-103087,2024-10-15,Android,Latin America,Organic Search,v2.4,387.4,2,0,0.0
SES-103088,2024-10-15,iOS,North America,Paid Search,v2.4,370.6,2,0,0.0
SES-103089,2024-10-15,Desktop,North America,Organic Search,v2.4,356.1,3,0,0.0
SES-103090,2024-10-15,Desktop,Europe,Social Media,v2.4,303.3,1,0,0.0
SES-103091,2024-10-15,Android,North America,Paid Search,v2.4,359.6,4,0,0.0
SES-103092,2024-10-15,Android,Europe,Organic Search,v2.4,415.8,1,0,0.0
SES-103093,2024-10-15,Desktop,Europe,Paid Search,v2.4,392.6,1,0,0.0
SES-103094,2024-10-15,Android,Latin America,Paid Search,v2.4,373.8,1,0,0.0
SES-103095,2024-10-15,Desktop,Latin America,Paid Search,v2.4,233.9,1,0,0.0
SES-103096,2024-10-15,iOS,Europe,Organic Search,v2.4,2308.0,2,0,0.0
SES-103097,2024-10-15,iOS,Europe,Social Media,v2.4,2625.5,1,0,0.0
SES-103098,2024-10-15,Android,Europe,Organic Search,v2.4,361.6,1,0,0.0
SES-103099,2024-10-15,Android,North America,Organic Search,v2.4,283.9,1,0,0.0
SES-103100,2024-10-15,Desktop,Europe,Organic Search,v2.4,271.3,1,0,0.0
SES-103101,2024-10-15,Desktop,Europe,Paid Search,v2.4,327.1,1,0,0.0
SES-103102,2024-10-15,iOS,Europe,Organic Search,v2.4,2883.5,5,0,0.0
SES-103103,2024-10-15,iOS,Asia-Pacific,Organic Search,v2.4,341.2,4,0,0.0
SES-103104,2024-10-15,Desktop,Asia-Pacific,Paid Search,v2.4,285.6,1,0,0.0
SES-103105,2024-10-15,Android,North America,Paid Search,v2.4,284.3,1,0,0.0
SES-103106,2024-10-15,iOS,North America,Organic Search,v2.4,614.3,4,0,0.0
SES-103107,2024-10-15,Android,Latin America,Organic Search,v2.4,327.2,1,0,0.0
SES-103108,2024-10-15,Android,Latin America,Paid Search,v2.4,364.0,3,0,0.0
SES-103109,2024-10-15,Desktop,Europe,Organic Search,v2.4,338.2,5,0,0.0
SES-103110,2024-10-15,Android,Europe,Paid Search,v2.4,403.4,5,0,0.0
SES-103111,2024-10-15,iOS,North America,Organic Search,v2.4,493.1,2,0,0.0
SES-103112,2024-10-15,Desktop,Europe,Organic Search,v2.4,294.5,1,0,0.0
SES-103113,2024-10-15,Android,North America,Paid Search,v2.4,344.2,2,0,0.0
SES-103114,2024-10-15,Android,North America,Organic Search,v2.4,314.3,1,0,0.0
SES-103115,2024-10-15,iOS,North America,Organic Search,v2.4,522.9,2,0,0.0
SES-103116,2024-10-15,Android,Europe,Paid Search,v2.4,252.5,3,0,0.0
SES-103117,2024-10-15,iOS,North America,Social Media,v2.4,595.7,3,0,0.0
SES-103118,2024-10-15,iOS,Latin America,Direct,v2.4,392.8,1,0,0.0
SES-103119,2024-10-15,Android,Europe,Direct,v2.4,280.1,2,0,0.0
SES-103120,2024-10-15,iOS,North America,Social Media,v2.4,376.2,1,0,0.0
SES-103121,2024-10-15,Android,Europe,Social Media,v2.4,299.2,2,0,0.0
SES-103122,2024-10-15,iOS,Europe,Direct,v2.4,2495.8,2,0,0.0
SES-103123,2024-10-15,Android,North America,Paid Search,v2.4,329.1,5,0,0.0
SES-103124,2024-10-15,iOS,Europe,Paid Search,v2.4,2666.2,1,0,0.0
SES-103125,2024-10-15,iOS,Europe,Organic Search,v2.4,2438.6,1,0,0.0
SES-103126,2024-10-15,iOS,Europe,Direct,v2.4,1760.8,1,0,0.0
SES-103127,2024-10-15,Desktop,North America,Social Media,v2.4,349.4,1,0,0.0
SES-103128,2024-10-15,Desktop,Asia-Pacific,Paid Search,v2.4,335.9,1,0,0.0
SES-103129,2024-10-15,iOS,Europe,Direct,v2.4,2293.4,1,0,0.0
SES-103130,2024-10-15,Desktop,North America,Paid Search,v2.4,320.4,3,0,0.0
SES-103131,2024-10-15,Android,Europe,Paid Search,v2.4,380.3,1,0,0.0
SES-103132,2024-10-15,Desktop,North America,Paid Search,v2.4,301.3,3,0,0.0
SES-103133,2024-10-16,iOS,North America,Paid Search,v2.4,539.8,2,0,0.0
SES-103134,2024-10-16,Android,North America,Paid Search,v2.4,317.8,3,1,152.14
SES-103135,2024-10-16,iOS,Latin America,Direct,v2.4,444.3,1,0,0.0
SES-103136,2024-10-16,iOS,Latin America,Social Media,v2.4,557.6,1,0,0.0
SES-103137,2024-10-16,Desktop,Europe,Social Media,v2.4,362.8,2,0,0.0
SES-103138,2024-10-16,Android,Asia-Pacific,Organic Search,v2.4,344.3,1,0,0.0
SES-103139,2024-10-16,iOS,Europe,Social Media,v2.4,2540.2,2,0,0.0
SES-103140,2024-10-16,iOS,Latin America,Organic Search,v2.4,491.8,1,0,0.0
SES-103141,2024-10-16,Android,Europe,Organic Search,v2.4,339.3,1,0,0.0
SES-103142,2024-10-16,Android,North America,Direct,v2.4,336.2,1,0,0.0
SES-103143,2024-10-16,iOS,Europe,Organic Search,v2.4,2274.5,1,0,0.0
SES-103144,2024-10-16,Desktop,Europe,Organic Search,v2.4,332.7,1,0,0.0
SES-103145,2024-10-16,iOS,Asia-Pacific,Paid Search,v2.4,495.4,1,0,0.0
SES-103146,2024-10-16,iOS,Latin America,Direct,v2.4,602.9,1,0,0.0
SES-103147,2024-10-16,Desktop,North America,Organic Search,v2.4,355.9,1,0,0.0
SES-103148,2024-10-16,iOS,Asia-Pacific,Paid Search,v2.4,386.7,1,0,0.0
SES-103149,2024-10-16,iOS,Asia-Pacific,Direct,v2.4,332.1,3,0,0.0
SES-103150,2024-10-16,Android,Europe,Direct,v2.4,359.8,1,0,0.0
SES-103151,2024-10-16,Desktop,Europe,Social Media,v2.4,244.7,3,0,0.0
SES-103152,2024-10-16,iOS,Europe,Paid Search,v2.4,2637.1,1,0,0.0
SES-103153,2024-10-16,Desktop,North America,Organic Search,v2.4,319.6,2,0,0.0
SES-103154,2024-10-16,Desktop,Europe,Organic Search,v2.4,249.4,3,0,0.0
SES-103155,2024-10-16,iOS,Europe,Paid Search,v2.4,2213.3,4,0,0.0
SES-103156,2024-10-16,Android,Europe,Direct,v2.4,206.7,1,0,0.0
SES-103157,2024-10-16,iOS,Europe,Organic Search,v2.4,2843.7,4,0,0.0
SES-103158,2024-10-16,Android,Latin America,Organic Search,v2.4,321.6,3,0,0.0
SES-103159,2024-10-16,Desktop,Europe,Direct,v2.4,322.3,4,0,0.0
SES-103160,2024-10-16,Desktop,North America,Direct,v2.4,339.2,3,0,0.0
SES-103161,2024-10-16,iOS,North America,Direct,v2.4,424.9,1,0,0.0
SES-103162,2024-10-16,Android,North America,Direct,v2.4,323.6,5,0,0.0
SES-103163,2024-10-16,Android,Europe,Direct,v2.4,393.0,3,0,0.0
SES-103164,2024-10-16,iOS,Europe,Direct,v2.4,2717.2,2,0,0.0
SES-103165,2024-10-16,iOS,Europe,Paid Search,v2.4,2776.8,2,0,0.0
SES-103166,2024-10-16,iOS,North America,Social Media,v2.4,466.0,4,1,12.47
SES-103167,2024-10-16,Android,Europe,Paid Search,v2.4,353.6,2,0,0.0
SES-103168,2024-10-16,Android,North America,Organic Search,v2.4,294.6,3,0,0.0
SES-103169,2024-10-16,iOS,North America,Organic Search,v2.4,484.6,1,0,0.0
SES-103170,2024-10-16,Desktop,North America,Direct,v2.4,320.0,2,0,0.0
SES-103171,2024-10-16,Desktop,North America,Social Media,v2.4,295.4,2,0,0.0
SES-103172,2024-10-16,Android,North America,Organic Search,v2.4,272.1,2,0,0.0
SES-103173,2024-10-16,iOS,Asia-Pacific,Organic Search,v2.4,485.8,2,0,0.0
SES-103174,2024-10-16,Android,Europe,Social Media,v2.4,322.9,1,0,0.0
SES-103175,2024-10-16,iOS,Asia-Pacific,Social Media,v2.4,533.8,1,0,0.0
SES-103176,2024-10-16,iOS,Asia-Pacific,Organic Search,v2.4,427.4,1,0,0.0
SES-103177,2024-10-16,Android,North America,Paid Search,v2.4,340.3,1,0,0.0
SES-103178,2024-10-16,iOS,Europe,Direct,v2.4,2209.4,3,0,0.0
SES-103179,2024-10-16,iOS,North America,Organic Search,v2.4,460.1,1,0,0.0
SES-103180,2024-10-16,iOS,Europe,Social Media,v2.4,2130.3,1,0,0.0
SES-103181,2024-10-16,iOS,Europe,Organic Search,v2.4,2720.3,2,0,0.0
SES-103182,2024-10-16,iOS,Europe,Organic Search,v2.4,2388.0,3,0,0.0
SES-103183,2024-10-16,Desktop,Europe,Organic Search,v2.4,348.3,3,0,0.0
SES-103184,2024-10-16,iOS,North America,Organic Search,v2.4,425.7,4,0,0.0
SES-103185,2024-10-16,iOS,Asia-Pacific,Organic Search,v2.4,387.4,1,0,0.0
SES-103186,2024-10-16,iOS,Europe,Organic Search,v2.4,2347.1,1,0,0.0
SES-103187,2024-10-16,Desktop,Latin America,Direct,v2.4,378.9,4,0,0.0
SES-103188,2024-10-16,Android,Latin America,Organic Search,v2.4,255.5,1,0,0.0
SES-103189,2024-10-16,iOS,Latin America,Social Media,v2.4,523.8,1,0,0.0
SES-103190,2024-10-16,Desktop,Asia-Pacific,Paid Search,v2.4,311.5,1,0,0.0
SES-103191,2024-10-16,iOS,North America,Direct,v2.4,595.0,3,0,0.0
SES-103192,2024-10-16,iOS,Europe,Organic Search,v2.4,2951.4,5,0,0.0
SES-103193,2024-10-16,iOS,North America,Organic Search,v2.4,393.0,1,0,0.0
SES-103194,2024-10-16,iOS,North America,Paid Search,v2.4,483.7,1,0,0.0
SES-103195,2024-10-16,iOS,Asia-Pacific,Paid Search,v2.4,517.1,1,0,0.0
SES-103196,2024-10-16,Android,Latin America,Direct,v2.4,312.9,1,0,0.0
SES-103197,2024-10-16,iOS,North America,Direct,v2.4,538.9,1,0,0.0
SES-103198,2024-10-16,Android,Europe,Direct,v2.4,316.6,4,0,0.0
SES-103199,2024-10-16,iOS,Europe,Paid Search,v2.4,2313.5,1,0,0.0
SES-103200,2024-10-16,iOS,Europe,Social Media,v2.4,2056.8,2,0,0.0
SES-103201,2024-10-16,Android,North America,Paid Search,v2.4,305.3,2,0,0.0
SES-103202,2024-10-16,Desktop,North America,Social Media,v2.4,358.4,1,0,0.0
SES-103203,2024-10-16,iOS,Asia-Pacific,Direct,v2.4,375.2,5,0,0.0
SES-103204,2024-10-16,Android,North America,Organic Search,v2.4,328.8,1,0,0.0
SES-103205,2024-10-16,iOS,Latin America,Organic Search,v2.4,431.4,2,0,0.0
SES-103206,2024-10-16,iOS,North America,Paid Search,v2.4,359.0,1,0,0.0
SES-103207,2024-10-16,iOS,Asia-Pacific,Direct,v2.4,592.8,2,0,0.0
SES-103208,2024-10-16,iOS,Europe,Paid Search,v2.4,1902.3,1,0,0.0
SES-103209,2024-10-16,iOS,Asia-Pacific,Direct,v2.4,563.9,1,0,0.0
SES-103210,2024-10-16,iOS,North America,Organic Search,v2.4,565.1,2,0,0.0
SES-103211,2024-10-16,Desktop,Europe,Organic Search,v2.4,383.5,2,0,0.0
SES-103212,2024-10-16,iOS,Europe,Organic Search,v2.4,2395.2,1,0,0.0
SES-103213,2024-10-16,Android,Latin America,Paid Search,v2.4,357.9,2,0,0.0
SES-103214,2024-10-16,iOS,Europe,Direct,v2.4,2926.4,2,0,0.0
SES-103215,2024-10-16,Android,North America,Organic Search,v2.4,291.6,4,0,0.0
SES-103216,2024-10-16,Android,Europe,Paid Search,v2.4,332.7,3,0,0.0
SES-103217,2024-10-16,iOS,North America,Organic Search,v2.4,419.6,2,1,58.66
SES-103218,2024-10-16,iOS,Asia-Pacific,Organic Search,v2.4,562.8,2,0,0.0
SES-103219,2024-10-16,Android,North America,Direct,v2.4,412.4,1,0,0.0
SES-103220,2024-10-16,Desktop,North America,Paid Search,v2.4,341.7,1,1,115.64
SES-103221,2024-10-16,iOS,Latin America,Direct,v2.4,560.2,2,0,0.0
SES-103222,2024-10-16,iOS,Asia-Pacific,Direct,v2.4,460.2,2,0,0.0
SES-103223,2024-10-16,Desktop,Asia-Pacific,Social Media,v2.4,391.1,1,0,0.0
SES-103224,2024-10-16,iOS,North America,Organic Search,v2.4,456.3,3,0,0.0
SES-103225,2024-10-16,Android,Europe,Paid Search,v2.4,322.6,3,0,0.0
SES-103226,2024-10-16,iOS,North America,Direct,v2.4,504.3,1,0,0.0
SES-103227,2024-10-16,iOS,Asia-Pacific,Direct,v2.4,569.7,3,0,0.0
SES-103228,2024-10-16,Android,Europe,Direct,v2.4,299.4,2,0,0.0
SES-103229,2024-10-16,Android,Europe,Organic Search,v2.4,351.0,5,0,0.0
SES-103230,2024-10-16,iOS,Europe,Organic Search,v2.4,2658.9,1,0,0.0
SES-103231,2024-10-16,Android,North America,Paid Search,v2.4,263.3,2,0,0.0
SES-103232,2024-10-16,Desktop,Asia-Pacific,Direct,v2.4,304.9,2,0,0.0
SES-103233,2024-10-16,Android,Europe,Organic Search,v2.4,258.5,1,0,0.0
SES-103234,2024-10-16,iOS,North America,Organic Search,v2.4,402.0,4,0,0.0
SES-103235,2024-10-16,Android,Latin America,Direct,v2.4,299.0,2,0,0.0
SES-103236,2024-10-16,Android,Europe,Organic Search,v2.4,302.8,4,0,0.0
SES-103237,2024-10-16,Desktop,North America,Organic Search,v2.4,277.8,2,0,0.0
SES-103238,2024-10-16,Android,Latin America,Organic Search,v2.4,273.2,1,0,0.0
SES-103239,2024-10-16,iOS,Latin America,Organic Search,v2.4,475.1,1,0,0.0
SES-103240,2024-10-16,Android,Europe,Paid Search,v2.4,313.7,1,0,0.0
SES-103241,2024-10-16,Android,Europe,Paid Search,v2.4,377.1,1,0,0.0
SES-103242,2024-10-16,iOS,Europe,Organic Search,v2.4,2289.8,2,0,0.0
SES-103243,2024-10-16,Android,Asia-Pacific,Organic Search,v2.4,291.7,2,0,0.0
SES-103244,2024-10-16,iOS,Asia-Pacific,Organic Search,v2.4,394.8,1,0,0.0
SES-103245,2024-10-16,Android,North America,Direct,v2.4,376.1,2,0,0.0
SES-103246,2024-10-16,iOS,Europe,Organic Search,v2.4,2453.5,1,0,0.0
SES-103247,2024-10-16,Android,Europe,Paid Search,v2.4,348.4,2,0,0.0
SES-103248,2024-10-16,Desktop,North America,Organic Search,v2.4,331.5,3,0,0.0
SES-103249,2024-10-16,Desktop,North America,Organic Search,v2.4,231.4,1,0,0.0
SES-103250,2024-10-16,Desktop,Asia-Pacific,Organic Search,v2.4,284.6,3,0,0.0
SES-103251,2024-10-16,Desktop,North America,Organic Search,v2.4,353.5,1,0,0.0
SES-103252,2024-10-16,iOS,Europe,Direct,v2.4,2845.3,2,0,0.0
SES-103253,2024-10-16,Android,Europe,Paid Search,v2.4,309.1,1,0,0.0
SES-103254,2024-10-16,Android,Europe,Direct,v2.4,282.9,2,0,0.0
SES-103255,2024-10-16,Desktop,Europe,Organic Search,v2.4,296.4,1,0,0.0
SES-103256,2024-10-16,iOS,Europe,Organic Search,v2.4,3166.9,3,0,0.0
SES-103257,2024-10-16,Desktop,Europe,Organic Search,v2.4,268.6,2,0,0.0
SES-103258,2024-10-16,Android,Europe,Direct,v2.4,355.8,1,0,0.0
SES-103259,2024-10-16,Desktop,Europe,Organic Search,v2.4,380.0,1,0,0.0
SES-103260,2024-10-16,iOS,Asia-Pacific,Paid Search,v2.4,391.0,4,0,0.0
SES-103261,2024-10-16,iOS,Europe,Organic Search,v2.4,2838.3,2,0,0.0
SES-103262,2024-10-16,Desktop,North America,Organic Search,v2.4,335.0,2,0,0.0
SES-103263,2024-10-16,iOS,Asia-Pacific,Social Media,v2.4,511.9,1,0,0.0
SES-103264,2024-10-16,Desktop,North America,Paid Search,v2.4,298.1,4,0,0.0
SES-103265,2024-10-16,iOS,Latin America,Direct,v2.4,457.6,1,0,0.0
SES-103266,2024-10-16,Android,Europe,Direct,v2.4,278.0,1,0,0.0
SES-103267,2024-10-16,iOS,Asia-Pacific,Paid Search,v2.4,382.1,3,0,0.0
SES-103268,2024-10-16,Android,Latin America,Organic Search,v2.4,277.9,3,0,0.0
SES-103269,2024-10-16,Android,Asia-Pacific,Paid Search,v2.4,369.1,1,0,0.0
SES-103270,2024-10-16,iOS,Europe,Organic Search,v2.4,2818.5,4,0,0.0
SES-103271,2024-10-16,iOS,Europe,Paid Search,v2.4,1795.0,1,0,0.0
SES-103272,2024-10-16,iOS,Europe,Paid Search,v2.4,2183.2,2,0,0.0
SES-103273,2024-10-16,Android,North America,Direct,v2.4,334.8,1,0,0.0
SES-103274,2024-10-16,Android,Asia-Pacific,Direct,v2.4,366.1,1,1,67.43
SES-103275,2024-10-16,Android,Europe,Direct,v2.4,340.5,1,0,0.0
SES-103276,2024-10-16,Android,North America,Organic Search,v2.4,341.7,5,0,0.0
SES-103277,2024-10-16,Android,North America,Organic Search,v2.4,320.6,5,0,0.0
SES-103278,2024-10-16,iOS,North America,Organic Search,v2.4,391.7,5,0,0.0
SES-103279,2024-10-16,iOS,Asia-Pacific,Direct,v2.4,556.3,1,0,0.0
SES-103280,2024-10-16,iOS,Asia-Pacific,Social Media,v2.4,455.1,2,0,0.0
SES-103281,2024-10-16,Desktop,Europe,Organic Search,v2.4,319.8,2,0,0.0
SES-103282,2024-10-16,Desktop,North America,Organic Search,v2.4,330.8,1,0,0.0
SES-103283,2024-10-16,iOS,Europe,Paid Search,v2.4,2286.5,1,0,0.0
SES-103284,2024-10-16,Android,North America,Social Media,v2.4,347.2,2,0,0.0
SES-103285,2024-10-16,Desktop,Latin America,Paid Search,v2.4,378.8,1,0,0.0
SES-103286,2024-10-16,Android,Asia-Pacific,Organic Search,v2.4,310.2,2,1,120.03
SES-103287,2024-10-16,iOS,North America,Social Media,v2.4,531.7,4,0,0.0
SES-103288,2024-10-16,iOS,Europe,Direct,v2.4,2209.3,1,0,0.0
SES-103289,2024-10-16,Android,Europe,Organic Search,v2.4,296.8,2,1,58.52
SES-103290,2024-10-16,Desktop,North America,Social Media,v2.4,235.6,2,0,0.0
SES-103291,2024-10-16,Android,Europe,Paid Search,v2.4,364.7,1,0,0.0
SES-103292,2024-10-16,iOS,North America,Paid Search,v2.4,559.6,1,0,0.0
SES-103293,2024-10-16,iOS,Europe,Paid Search,v2.4,2151.5,4,0,0.0
SES-103294,2024-10-16,Desktop,Europe,Direct,v2.4,369.9,2,0,0.0
SES-103295,2024-10-16,Desktop,Europe,Direct,v2.4,286.1,1,1,152.31
SES-103296,2024-10-16,Android,Latin America,Organic Search,v2.4,380.7,4,0,0.0
SES-103297,2024-10-16,Android,Asia-Pacific,Social Media,v2.4,324.5,2,0,0.0
SES-103298,2024-10-16,iOS,Europe,Organic Search,v2.4,1878.3,2,0,0.0
SES-103299,2024-10-16,Desktop,Europe,Direct,v2.4,299.9,2,0,0.0
SES-103300,2024-10-16,Desktop,North America,Paid Search,v2.4,340.4,1,0,0.0
SES-103301,2024-10-16,iOS,Europe,Organic Search,v2.4,2584.7,3,0,0.0
SES-103302,2024-10-16,Android,North America,Organic Search,v2.4,349.0,2,0,0.0
SES-103303,2024-10-16,iOS,Asia-Pacific,Social Media,v2.4,409.5,2,0,0.0
SES-103304,2024-10-16,iOS,North America,Paid Search,v2.4,474.2,2,0,0.0
SES-103305,2024-10-16,iOS,North America,Direct,v2.4,414.7,1,0,0.0
SES-103306,2024-10-16,iOS,North America,Paid Search,v2.4,427.3,4,0,0.0
SES-103307,2024-10-16,iOS,Latin America,Direct,v2.4,553.5,1,0,0.0
SES-103308,2024-10-16,Android,Latin America,Paid Search,v2.4,232.6,2,0,0.0
SES-103309,2024-10-16,Android,North America,Organic Search,v2.4,315.8,3,0,0.0
SES-103310,2024-10-16,Android,Europe,Paid Search,v2.4,275.0,3,0,0.0
SES-103311,2024-10-16,iOS,North America,Social Media,v2.4,410.0,4,0,0.0
SES-103312,2024-10-16,iOS,Europe,Paid Search,v2.4,2709.9,1,0,0.0
SES-103313,2024-10-16,Android,North America,Organic Search,v2.4,257.5,4,0,0.0
SES-103314,2024-10-16,iOS,North America,Social Media,v2.4,485.1,1,0,0.0
SES-103315,2024-10-16,iOS,Europe,Direct,v2.4,1581.2,2,0,0.0
SES-103316,2024-10-16,Desktop,Europe,Organic Search,v2.4,348.4,1,0,0.0
SES-103317,2024-10-16,Android,North America,Social Media,v2.4,233.0,4,0,0.0
SES-103318,2024-10-16,Desktop,Asia-Pacific,Direct,v2.4,346.5,4,0,0.0
SES-103319,2024-10-16,Android,North America,Organic Search,v2.4,267.2,2,0,0.0
SES-103320,2024-10-16,iOS,North America,Organic Search,v2.4,471.9,1,0,0.0
SES-103321,2024-10-16,Android,Europe,Direct,v2.4,310.1,1,0,0.0
SES-103322,2024-10-16,iOS,North America,Direct,v2.4,429.1,5,0,0.0
SES-103323,2024-10-16,Android,North America,Organic Search,v2.4,355.4,5,0,0.0
SES-103324,2024-10-16,iOS,North America,Organic Search,v2.4,527.7,2,0,0.0
SES-103325,2024-10-16,Desktop,Europe,Organic Search,v2.4,316.5,3,0,0.0
SES-103326,2024-10-16,iOS,North America,Paid Search,v2.4,626.0,4,0,0.0
SES-103327,2024-10-16,Desktop,Europe,Organic Search,v2.4,321.0,2,0,0.0
SES-103328,2024-10-16,Desktop,Europe,Organic Search,v2.4,314.4,4,0,0.0
SES-103329,2024-10-16,Android,Latin America,Direct,v2.4,357.7,4,0,0.0
SES-103330,2024-10-16,Android,Europe,Direct,v2.4,363.6,1,0,0.0
SES-103331,2024-10-16,Android,Europe,Paid Search,v2.4,335.1,1,0,0.0
SES-103332,2024-10-16,Desktop,North America,Paid Search,v2.4,250.4,1,0,0.0
SES-103333,2024-10-16,Android,Asia-Pacific,Paid Search,v2.4,339.8,1,0,0.0
SES-103334,2024-10-16,Desktop,North America,Paid Search,v2.4,334.2,1,0,0.0
SES-103335,2024-10-16,Android,Asia-Pacific,Social Media,v2.4,387.6,1,0,0.0
SES-103336,2024-10-16,Desktop,Asia-Pacific,Direct,v2.4,269.5,1,0,0.0
SES-103337,2024-10-16,Android,Europe,Organic Search,v2.4,318.7,2,0,0.0
SES-103338,2024-10-16,Android,North America,Paid Search,v2.4,298.5,2,0,0.0
SES-103339,2024-10-16,Desktop,North America,Paid Search,v2.4,321.0,4,0,0.0
SES-103340,2024-10-16,Desktop,Asia-Pacific,Paid Search,v2.4,330.5,1,0,0.0
SES-103341,2024-10-16,Android,Europe,Paid Search,v2.4,288.3,1,0,0.0
SES-103342,2024-10-16,iOS,Europe,Direct,v2.4,2602.5,4,0,0.0
SES-103343,2024-10-16,Android,North America,Direct,v2.4,286.0,1,0,0.0
SES-103344,2024-10-16,Desktop,North America,Paid Search,v2.4,304.9,2,0,0.0
SES-103345,2024-10-16,Desktop,North America,Social Media,v2.4,260.9,4,0,0.0
SES-103346,2024-10-16,Desktop,North America,Direct,v2.4,322.8,2,0,0.0
SES-103347,2024-10-16,iOS,Europe,Direct,v2.4,2331.2,1,0,0.0
SES-103348,2024-10-16,Android,North America,Social Media,v2.4,318.4,1,0,0.0
SES-103349,2024-10-16,Android,North America,Organic Search,v2.4,263.4,4,0,0.0
SES-103350,2024-10-17,Desktop,Latin America,Organic Search,v2.4,307.0,2,0,0.0
SES-103351,2024-10-17,iOS,Europe,Social Media,v2.4,2664.6,1,0,0.0
SES-103352,2024-10-17,Desktop,Asia-Pacific,Direct,v2.4,319.6,5,1,124.59
SES-103353,2024-10-17,Android,North America,Social Media,v2.4,342.1,2,0,0.0
SES-103354,2024-10-17,iOS,Europe,Organic Search,v2.4,2238.6,1,0,0.0
SES-103355,2024-10-17,iOS,Asia-Pacific,Paid Search,v2.4,538.1,3,0,0.0
SES-103356,2024-10-17,iOS,Europe,Organic Search,v2.4,2211.2,2,0,0.0
SES-103357,2024-10-17,Android,Latin America,Paid Search,v2.4,253.1,2,0,0.0
SES-103358,2024-10-17,iOS,Asia-Pacific,Organic Search,v2.4,453.3,3,0,0.0
SES-103359,2024-10-17,iOS,Europe,Organic Search,v2.4,2414.7,5,0,0.0
SES-103360,2024-10-17,Desktop,Europe,Organic Search,v2.4,318.1,1,0,0.0
SES-103361,2024-10-17,iOS,North America,Paid Search,v2.4,537.5,3,1,54.94
SES-103362,2024-10-17,iOS,North America,Paid Search,v2.4,331.6,1,0,0.0
SES-103363,2024-10-17,Android,North America,Organic Search,v2.4,304.5,1,0,0.0
SES-103364,2024-10-17,Android,Europe,Organic Search,v2.4,290.3,1,0,0.0
SES-103365,2024-10-17,Desktop,North America,Organic Search,v2.4,311.8,5,0,0.0
SES-103366,2024-10-17,Android,Europe,Social Media,v2.4,364.1,2,0,0.0
SES-103367,2024-10-17,Desktop,Asia-Pacific,Organic Search,v2.4,232.0,3,0,0.0
SES-103368,2024-10-17,Android,Asia-Pacific,Organic Search,v2.4,367.9,5,0,0.0
SES-103369,2024-10-17,iOS,North America,Direct,v2.4,472.2,1,0,0.0
SES-103370,2024-10-17,iOS,Asia-Pacific,Paid Search,v2.4,369.6,1,0,0.0
SES-103371,2024-10-17,Android,Europe,Direct,v2.4,308.1,3,0,0.0
SES-103372,2024-10-17,iOS,Europe,Paid Search,v2.4,2145.5,1,0,0.0
SES-103373,2024-10-17,Android,North America,Social Media,v2.4,249.7,3,0,0.0
SES-103374,2024-10-17,Android,North America,Organic Search,v2.4,243.5,4,0,0.0
SES-103375,2024-10-17,iOS,North America,Social Media,v2.4,497.8,2,0,0.0
SES-103376,2024-10-17,iOS,Asia-Pacific,Direct,v2.4,547.7,2,0,0.0
SES-103377,2024-10-17,iOS,Latin America,Paid Search,v2.4,427.9,2,0,0.0
SES-103378,2024-10-17,Android,North America,Direct,v2.4,332.7,3,0,0.0
SES-103379,2024-10-17,Android,Asia-Pacific,Paid Search,v2.4,361.3,2,0,0.0
SES-103380,2024-10-17,Android,Europe,Organic Search,v2.4,262.7,2,0,0.0
SES-103381,2024-10-17,iOS,Europe,Organic Search,v2.4,2181.3,1,0,0.0
SES-103382,2024-10-17,Android,Asia-Pacific,Social Media,v2.4,300.7,4,0,0.0
SES-103383,2024-10-17,Desktop,North America,Paid Search,v2.4,300.7,1,0,0.0
SES-103384,2024-10-17,iOS,North America,Paid Search,v2.4,562.0,1,0,0.0
SES-103385,2024-10-17,Android,Europe,Direct,v2.4,339.3,2,0,0.0
SES-103386,2024-10-17,Desktop,North America,Paid Search,v2.4,219.6,1,0,0.0
SES-103387,2024-10-17,iOS,Europe,Organic Search,v2.4,2684.5,1,0,0.0
SES-103388,2024-10-17,Android,North America,Direct,v2.4,343.7,2,0,0.0
SES-103389,2024-10-17,iOS,Europe,Direct,v2.4,2458.3,1,0,0.0
SES-103390,2024-10-17,Android,Europe,Organic Search,v2.4,342.1,1,0,0.0
SES-103391,2024-10-17,iOS,Europe,Social Media,v2.4,2705.8,3,0,0.0
SES-103392,2024-10-17,Desktop,Europe,Organic Search,v2.4,327.9,1,0,0.0
SES-103393,2024-10-17,Android,Asia-Pacific,Paid Search,v2.4,230.3,2,0,0.0
SES-103394,2024-10-17,Desktop,Europe,Organic Search,v2.4,315.8,2,0,0.0
SES-103395,2024-10-17,Android,Europe,Paid Search,v2.4,417.2,3,0,0.0
SES-103396,2024-10-17,Android,North America,Paid Search,v2.4,279.1,4,0,0.0
SES-103397,2024-10-17,Android,North America,Paid Search,v2.4,247.6,2,0,0.0
SES-103398,2024-10-17,Desktop,Europe,Direct,v2.4,303.9,1,0,0.0
SES-103399,2024-10-17,Desktop,Europe,Organic Search,v2.4,292.2,4,0,0.0
SES-103400,2024-10-17,Android,Latin America,Direct,v2.4,328.8,1,0,0.0
SES-103401,2024-10-17,Desktop,North America,Paid Search,v2.4,325.1,1,0,0.0
SES-103402,2024-10-17,Android,North America,Social Media,v2.4,322.1,1,0,0.0
SES-103403,2024-10-17,Android,North America,Paid Search,v2.4,353.6,1,0,0.0
SES-103404,2024-10-17,Android,Europe,Organic Search,v2.4,268.5,1,0,0.0
SES-103405,2024-10-17,iOS,Europe,Organic Search,v2.4,2419.6,3,0,0.0
SES-103406,2024-10-17,iOS,North America,Social Media,v2.4,494.0,3,0,0.0
SES-103407,2024-10-17,iOS,Asia-Pacific,Direct,v2.4,406.6,4,0,0.0
SES-103408,2024-10-17,Android,Europe,Organic Search,v2.4,322.6,1,0,0.0
SES-103409,2024-10-17,iOS,Asia-Pacific,Paid Search,v2.4,362.1,1,0,0.0
SES-103410,2024-10-17,Android,Europe,Paid Search,v2.4,247.3,4,0,0.0
SES-103411,2024-10-17,Desktop,Europe,Social Media,v2.4,407.7,2,0,0.0
SES-103412,2024-10-17,iOS,Europe,Social Media,v2.4,2280.7,2,0,0.0
SES-103413,2024-10-17,Android,Europe,Social Media,v2.4,333.3,1,0,0.0
SES-103414,2024-10-17,iOS,Latin America,Social Media,v2.4,291.1,4,0,0.0
SES-103415,2024-10-17,iOS,North America,Social Media,v2.4,455.1,1,1,122.93
SES-103416,2024-10-17,Desktop,Europe,Organic Search,v2.4,306.0,5,0,0.0
SES-103417,2024-10-17,Android,Latin America,Direct,v2.4,273.3,1,1,89.01
SES-103418,2024-10-17,Desktop,Asia-Pacific,Direct,v2.4,280.2,3,0,0.0
SES-103419,2024-10-17,iOS,Asia-Pacific,Social Media,v2.4,498.7,1,0,0.0
SES-103420,2024-10-17,Android,Latin America,Paid Search,v2.4,281.2,5,0,0.0
SES-103421,2024-10-17,iOS,Europe,Organic Search,v2.4,2574.2,2,0,0.0
SES-103422,2024-10-17,iOS,Asia-Pacific,Paid Search,v2.4,419.4,1,0,0.0
SES-103423,2024-10-17,iOS,North America,Direct,v2.4,351.8,2,0,0.0
SES-103424,2024-10-17,iOS,Asia-Pacific,Organic Search,v2.4,562.3,2,0,0.0
SES-103425,2024-10-17,iOS,Asia-Pacific,Paid Search,v2.4,466.9,1,0,0.0
SES-103426,2024-10-17,iOS,Europe,Paid Search,v2.4,2337.2,2,0,0.0
SES-103427,2024-10-17,Desktop,Asia-Pacific,Paid Search,v2.4,187.9,4,0,0.0
SES-103428,2024-10-17,iOS,Europe,Paid Search,v2.4,2685.7,3,0,0.0
SES-103429,2024-10-17,iOS,Europe,Organic Search,v2.4,2396.0,4,0,0.0
SES-103430,2024-10-17,iOS,Europe,Social Media,v2.4,2400.2,1,0,0.0
SES-103431,2024-10-17,Android,Latin America,Direct,v2.4,411.7,2,0,0.0
SES-103432,2024-10-17,iOS,Europe,Organic Search,v2.4,2522.2,3,0,0.0
SES-103433,2024-10-17,Desktop,North America,Direct,v2.4,283.1,5,0,0.0
SES-103434,2024-10-17,Desktop,North America,Direct,v2.4,366.8,5,0,0.0
SES-103435,2024-10-17,iOS,Latin America,Organic Search,v2.4,486.4,2,0,0.0
SES-103436,2024-10-17,Android,Europe,Paid Search,v2.4,379.6,2,0,0.0
SES-103437,2024-10-17,iOS,Asia-Pacific,Paid Search,v2.4,329.7,3,0,0.0
SES-103438,2024-10-17,Android,Asia-Pacific,Paid Search,v2.4,299.5,1,0,0.0
SES-103439,2024-10-17,Android,North America,Direct,v2.4,334.1,1,1,127.77
SES-103440,2024-10-17,iOS,North America,Paid Search,v2.4,490.7,1,0,0.0
SES-103441,2024-10-17,iOS,Asia-Pacific,Organic Search,v2.4,467.7,1,0,0.0
SES-103442,2024-10-17,Android,Latin America,Social Media,v2.4,371.8,1,0,0.0
SES-103443,2024-10-17,Android,Asia-Pacific,Organic Search,v2.4,338.9,1,0,0.0
SES-103444,2024-10-17,iOS,Europe,Direct,v2.4,2230.6,2,0,0.0
SES-103445,2024-10-17,Android,Asia-Pacific,Organic Search,v2.4,361.7,1,0,0.0
SES-103446,2024-10-17,Android,North America,Organic Search,v2.4,281.0,1,0,0.0
SES-103447,2024-10-17,Desktop,North America,Paid Search,v2.4,397.7,4,0,0.0
SES-103448,2024-10-17,iOS,Asia-Pacific,Organic Search,v2.4,579.0,1,0,0.0
SES-103449,2024-10-17,Desktop,Europe,Paid Search,v2.4,262.1,1,0,0.0
SES-103450,2024-10-17,Android,Asia-Pacific,Organic Search,v2.4,355.2,2,1,59.52
SES-103451,2024-10-17,iOS,North America,Paid Search,v2.4,587.0,1,1,69.98
SES-103452,2024-10-17,Android,Asia-Pacific,Direct,v2.4,303.7,5,0,0.0
SES-103453,2024-10-17,Android,Europe,Organic Search,v2.4,297.2,2,0,0.0
SES-103454,2024-10-17,Desktop,North America,Social Media,v2.4,358.9,2,0,0.0
SES-103455,2024-10-17,iOS,Asia-Pacific,Organic Search,v2.4,407.5,1,0,0.0
SES-103456,2024-10-17,Android,Europe,Organic Search,v2.4,387.5,3,0,0.0
SES-103457,2024-10-17,iOS,Europe,Direct,v2.4,2886.3,4,0,0.0
SES-103458,2024-10-17,Desktop,Latin America,Paid Search,v2.4,330.2,2,0,0.0
SES-103459,2024-10-17,iOS,Europe,Paid Search,v2.4,2381.8,1,0,0.0
SES-103460,2024-10-17,Desktop,Latin America,Organic Search,v2.4,312.6,2,0,0.0
SES-103461,2024-10-17,Desktop,Europe,Direct,v2.4,295.5,1,0,0.0
SES-103462,2024-10-17,iOS,North America,Paid Search,v2.4,376.3,2,0,0.0
SES-103463,2024-10-17,Desktop,Asia-Pacific,Organic Search,v2.4,276.4,1,0,0.0
SES-103464,2024-10-17,Desktop,North America,Paid Search,v2.4,316.3,1,0,0.0
SES-103465,2024-10-17,iOS,North America,Direct,v2.4,352.9,4,0,0.0
SES-103466,2024-10-17,Android,North America,Paid Search,v2.4,235.9,1,0,0.0
SES-103467,2024-10-17,Android,Asia-Pacific,Organic Search,v2.4,268.8,1,0,0.0
SES-103468,2024-10-17,iOS,Europe,Paid Search,v2.4,2237.3,1,0,0.0
SES-103469,2024-10-17,iOS,North America,Organic Search,v2.4,445.4,1,0,0.0
SES-103470,2024-10-17,iOS,Europe,Paid Search,v2.4,2780.1,3,0,0.0
SES-103471,2024-10-17,iOS,North America,Direct,v2.4,439.3,1,0,0.0
SES-103472,2024-10-17,Android,Europe,Paid Search,v2.4,349.4,3,0,0.0
SES-103473,2024-10-17,iOS,Europe,Paid Search,v2.4,2119.8,5,0,0.0
SES-103474,2024-10-17,Desktop,North America,Social Media,v2.4,341.6,1,0,0.0
SES-103475,2024-10-17,Android,Europe,Paid Search,v2.4,318.8,2,0,0.0
SES-103476,2024-10-17,iOS,Europe,Paid Search,v2.4,1944.6,2,0,0.0
SES-103477,2024-10-17,Android,North America,Organic Search,v2.4,320.0,3,0,0.0
SES-103478,2024-10-17,Android,North America,Paid Search,v2.4,348.4,3,0,0.0
SES-103479,2024-10-17,Desktop,Asia-Pacific,Paid Search,v2.4,312.6,1,0,0.0
SES-103480,2024-10-17,iOS,North America,Paid Search,v2.4,389.1,2,0,0.0
SES-103481,2024-10-17,iOS,Europe,Social Media,v2.4,2815.6,3,0,0.0
SES-103482,2024-10-17,Desktop,North America,Social Media,v2.4,276.4,1,0,0.0
SES-103483,2024-10-17,Desktop,Europe,Direct,v2.4,274.0,4,0,0.0
SES-103484,2024-10-17,Android,Asia-Pacific,Paid Search,v2.4,392.3,2,0,0.0
SES-103485,2024-10-17,Desktop,Latin America,Paid Search,v2.4,286.3,2,0,0.0
SES-103486,2024-10-17,iOS,North America,Organic Search,v2.4,343.4,1,0,0.0
SES-103487,2024-10-17,Android,North America,Organic Search,v2.4,255.0,3,0,0.0
SES-103488,2024-10-17,iOS,Europe,Direct,v2.4,2717.0,1,0,0.0
SES-103489,2024-10-17,iOS,North America,Paid Search,v2.4,445.5,1,0,0.0
SES-103490,2024-10-17,Desktop,Asia-Pacific,Social Media,v2.4,359.1,2,0,0.0
SES-103491,2024-10-17,iOS,Europe,Organic Search,v2.4,2774.7,2,0,0.0
SES-103492,2024-10-17,Android,Europe,Paid Search,v2.4,329.0,1,0,0.0
SES-103493,2024-10-17,Desktop,North America,Paid Search,v2.4,342.5,1,1,107.91
SES-103494,2024-10-17,iOS,Asia-Pacific,Paid Search,v2.4,503.2,2,0,0.0
SES-103495,2024-10-17,Desktop,North America,Social Media,v2.4,288.7,2,0,0.0
SES-103496,2024-10-17,Desktop,Latin America,Social Media,v2.4,253.9,1,0,0.0
SES-103497,2024-10-17,Android,Europe,Organic Search,v2.4,311.5,2,0,0.0
SES-103498,2024-10-17,iOS,North America,Organic Search,v2.4,548.8,1,0,0.0
SES-103499,2024-10-17,iOS,Asia-Pacific,Organic Search,v2.4,530.1,1,0,0.0
SES-103500,2024-10-17,Android,Europe,Direct,v2.4,331.5,1,0,0.0
SES-103501,2024-10-17,iOS,North America,Paid Search,v2.4,600.8,1,0,0.0
SES-103502,2024-10-17,iOS,Europe,Direct,v2.4,2718.1,1,0,0.0
SES-103503,2024-10-17,Desktop,Europe,Paid Search,v2.4,316.9,1,0,0.0
SES-103504,2024-10-17,iOS,Europe,Paid Search,v2.4,2264.2,3,0,0.0
SES-103505,2024-10-17,Android,Latin America,Direct,v2.4,339.5,2,0,0.0
SES-103506,2024-10-17,iOS,North America,Paid Search,v2.4,416.1,5,0,0.0
SES-103507,2024-10-17,Android,Asia-Pacific,Paid Search,v2.4,289.1,2,0,0.0
SES-103508,2024-10-17,Desktop,Europe,Organic Search,v2.4,290.0,1,0,0.0
SES-103509,2024-10-17,iOS,North America,Paid Search,v2.4,442.7,5,0,0.0
SES-103510,2024-10-17,iOS,North America,Paid Search,v2.4,624.7,3,0,0.0
SES-103511,2024-10-17,Android,Latin America,Paid Search,v2.4,383.1,1,0,0.0
SES-103512,2024-10-17,Android,Asia-Pacific,Social Media,v2.4,323.7,2,0,0.0
SES-103513,2024-10-17,Android,Asia-Pacific,Social Media,v2.4,261.5,1,0,0.0
SES-103514,2024-10-17,iOS,Europe,Direct,v2.4,2847.3,2,0,0.0
SES-103515,2024-10-17,iOS,North America,Paid Search,v2.4,476.4,1,0,0.0
SES-103516,2024-10-17,Desktop,North America,Direct,v2.4,328.5,4,0,0.0
SES-103517,2024-10-17,Desktop,Latin America,Paid Search,v2.4,286.6,2,0,0.0
SES-103518,2024-10-17,Android,Europe,Organic Search,v2.4,301.6,3,0,0.0
SES-103519,2024-10-17,Desktop,Europe,Organic Search,v2.4,351.0,1,0,0.0
SES-103520,2024-10-17,Android,North America,Organic Search,v2.4,299.8,2,0,0.0
SES-103521,2024-10-17,Android,Europe,Organic Search,v2.4,365.0,2,0,0.0
SES-103522,2024-10-17,iOS,Europe,Paid Search,v2.4,2406.0,4,0,0.0
SES-103523,2024-10-17,Android,Asia-Pacific,Social Media,v2.4,379.3,1,0,0.0
SES-103524,2024-10-17,Android,North America,Organic Search,v2.4,377.8,1,0,0.0
SES-103525,2024-10-17,iOS,Asia-Pacific,Social Media,v2.4,513.8,2,0,0.0
SES-103526,2024-10-17,Android,Asia-Pacific,Organic Search,v2.4,292.2,3,0,0.0
SES-103527,2024-10-17,Desktop,Europe,Organic Search,v2.4,388.4,1,0,0.0
SES-103528,2024-10-17,Android,North America,Paid Search,v2.4,345.8,4,0,0.0
SES-103529,2024-10-17,Android,Europe,Direct,v2.4,283.4,1,0,0.0
SES-103530,2024-10-17,Desktop,Latin America,Organic Search,v2.4,316.0,2,0,0.0
SES-103531,2024-10-17,iOS,North America,Organic Search,v2.4,497.5,2,0,0.0
SES-103532,2024-10-17,Android,North America,Paid Search,v2.4,327.0,4,0,0.0
SES-103533,2024-10-17,Desktop,Europe,Organic Search,v2.4,321.4,1,0,0.0
SES-103534,2024-10-17,Android,North America,Direct,v2.4,395.4,2,0,0.0
SES-103535,2024-10-17,iOS,Europe,Paid Search,v2.4,3114.6,5,0,0.0
SES-103536,2024-10-17,iOS,North America,Organic Search,v2.4,494.9,3,0,0.0
SES-103537,2024-10-17,Desktop,Asia-Pacific,Social Media,v2.4,300.2,3,0,0.0
SES-103538,2024-10-17,Android,Asia-Pacific,Organic Search,v2.4,315.0,1,0,0.0
SES-103539,2024-10-17,Desktop,Europe,Direct,v2.4,252.3,2,0,0.0
SES-103540,2024-10-17,Android,North America,Direct,v2.4,322.0,2,0,0.0
SES-103541,2024-10-17,Android,Asia-Pacific,Social Media,v2.4,329.4,5,0,0.0
SES-103542,2024-10-17,Desktop,Europe,Paid Search,v2.4,217.3,5,0,0.0
SES-103543,2024-10-17,Android,Asia-Pacific,Paid Search,v2.4,374.5,2,0,0.0
SES-103544,2024-10-17,iOS,Europe,Organic Search,v2.4,2956.2,2,0,0.0
SES-103545,2024-10-17,Android,North America,Direct,v2.4,281.8,2,0,0.0
SES-103546,2024-10-17,Desktop,North America,Paid Search,v2.4,261.8,3,0,0.0
SES-103547,2024-10-17,iOS,North America,Paid Search,v2.4,515.3,2,0,0.0
SES-103548,2024-10-17,iOS,Asia-Pacific,Social Media,v2.4,583.8,1,0,0.0
SES-103549,2024-10-17,iOS,Europe,Organic Search,v2.4,1903.4,5,0,0.0
SES-103550,2024-10-17,Desktop,Europe,Social Media,v2.4,286.9,1,1,32.9
SES-103551,2024-10-17,iOS,North America,Social Media,v2.4,496.9,1,0,0.0
SES-103552,2024-10-17,Android,Asia-Pacific,Paid Search,v2.4,370.2,3,0,0.0
SES-103553,2024-10-17,Android,Europe,Paid Search,v2.4,295.3,1,0,0.0
SES-103554,2024-10-17,Android,Asia-Pacific,Paid Search,v2.4,343.5,1,0,0.0
SES-103555,2024-10-17,Android,North America,Social Media,v2.4,339.0,1,0,0.0
SES-103556,2024-10-17,iOS,Europe,Organic Search,v2.4,2121.0,3,0,0.0
SES-103557,2024-10-17,Android,Asia-Pacific,Paid Search,v2.4,280.2,1,0,0.0
SES-103558,2024-10-17,Desktop,Europe,Direct,v2.4,340.6,1,0,0.0
SES-103559,2024-10-17,Desktop,North America,Social Media,v2.4,278.9,2,0,0.0
SES-103560,2024-10-17,iOS,Europe,Direct,v2.4,2150.9,2,0,0.0
SES-103561,2024-10-17,Desktop,North America,Paid Search,v2.4,242.3,4,1,90.78
SES-103562,2024-10-17,Android,North America,Organic Search,v2.4,464.7,3,0,0.0
SES-103563,2024-10-17,Desktop,North America,Paid Search,v2.4,323.3,1,0,0.0
SES-103564,2024-10-17,Android,North America,Organic Search,v2.4,364.2,1,0,0.0
SES-103565,2024-10-17,Android,North America,Social Media,v2.4,327.1,1,0,0.0
SES-103566,2024-10-17,Desktop,Europe,Direct,v2.4,300.9,2,0,0.0
SES-103567,2024-10-17,Desktop,North America,Direct,v2.4,294.2,2,0,0.0
SES-103568,2024-10-17,Android,Latin America,Direct,v2.4,308.2,1,0,0.0
SES-103569,2024-10-17,iOS,Asia-Pacific,Paid Search,v2.4,409.8,2,0,0.0
SES-103570,2024-10-17,iOS,Europe,Organic Search,v2.4,2875.4,1,0,0.0
SES-103571,2024-10-17,iOS,Europe,Organic Search,v2.4,2314.6,1,0,0.0
SES-103572,2024-10-17,iOS,Latin America,Organic Search,v2.4,563.9,1,0,0.0
SES-103573,2024-10-17,iOS,North America,Direct,v2.4,377.3,2,0,0.0
SES-103574,2024-10-18,Desktop,North America,Organic Search,v2.4,396.3,5,1,43.56
SES-103575,2024-10-18,iOS,Asia-Pacific,Direct,v2.4,486.7,2,0,0.0
SES-103576,2024-10-18,Android,Europe,Direct,v2.4,259.3,1,0,0.0
SES-103577,2024-10-18,iOS,North America,Paid Search,v2.4,527.8,1,0,0.0
SES-103578,2024-10-18,iOS,Latin America,Organic Search,v2.4,466.6,1,0,0.0
SES-103579,2024-10-18,iOS,North America,Organic Search,v2.4,435.4,1,0,0.0
SES-103580,2024-10-18,iOS,Europe,Organic Search,v2.4,2638.7,1,0,0.0
SES-103581,2024-10-18,Desktop,Europe,Direct,v2.4,180.2,3,0,0.0
SES-103582,2024-10-18,Desktop,Europe,Organic Search,v2.4,299.7,1,0,0.0
SES-103583,2024-10-18,iOS,Asia-Pacific,Direct,v2.4,565.6,3,0,0.0
SES-103584,2024-10-18,Android,Europe,Direct,v2.4,320.4,5,0,0.0
SES-103585,2024-10-18,Android,Europe,Organic Search,v2.4,269.0,1,0,0.0
SES-103586,2024-10-18,Desktop,Latin America,Direct,v2.4,288.4,3,0,0.0
SES-103587,2024-10-18,Desktop,Europe,Direct,v2.4,336.5,1,0,0.0
SES-103588,2024-10-18,Android,Europe,Direct,v2.4,329.4,3,0,0.0
SES-103589,2024-10-18,Android,Europe,Organic Search,v2.4,311.5,2,0,0.0
SES-103590,2024-10-18,Desktop,Europe,Organic Search,v2.4,276.7,3,0,0.0
SES-103591,2024-10-18,iOS,North America,Organic Search,v2.4,516.3,1,0,0.0
SES-103592,2024-10-18,Android,Latin America,Paid Search,v2.4,361.7,1,0,0.0
SES-103593,2024-10-18,Desktop,Asia-Pacific,Direct,v2.4,294.2,4,0,0.0
SES-103594,2024-10-18,Android,North America,Direct,v2.4,358.4,3,1,48.86
SES-103595,2024-10-18,Android,North America,Social Media,v2.4,294.8,1,0,0.0
SES-103596,2024-10-18,Android,North America,Organic Search,v2.4,265.1,2,1,78.74
SES-103597,2024-10-18,iOS,Europe,Organic Search,v2.4,2918.3,2,0,0.0
SES-103598,2024-10-18,Android,Europe,Direct,v2.4,331.2,1,0,0.0
SES-103599,2024-10-18,Android,Latin America,Organic Search,v2.4,411.2,2,0,0.0
SES-103600,2024-10-18,Android,Europe,Organic Search,v2.4,307.6,2,0,0.0
SES-103601,2024-10-18,Android,Europe,Paid Search,v2.4,248.0,1,0,0.0
SES-103602,2024-10-18,Desktop,North America,Organic Search,v2.4,261.1,2,0,0.0
SES-103603,2024-10-18,iOS,North America,Paid Search,v2.4,393.5,2,0,0.0
SES-103604,2024-10-18,Android,Europe,Organic Search,v2.4,287.1,2,0,0.0
SES-103605,2024-10-18,Android,Europe,Paid Search,v2.4,304.0,1,0,0.0
SES-103606,2024-10-18,Android,North America,Direct,v2.4,340.7,2,0,0.0
SES-103607,2024-10-18,iOS,North America,Organic Search,v2.4,374.5,1,0,0.0
SES-103608,2024-10-18,Android,Europe,Social Media,v2.4,352.5,3,0,0.0
SES-103609,2024-10-18,Desktop,North America,Paid Search,v2.4,315.1,1,0,0.0
SES-103610,2024-10-18,Android,North America,Social Media,v2.4,351.5,1,0,0.0
SES-103611,2024-10-18,Desktop,Asia-Pacific,Organic Search,v2.4,285.7,1,0,0.0
SES-103612,2024-10-18,Desktop,Europe,Paid Search,v2.4,307.0,5,0,0.0
SES-103613,2024-10-18,iOS,Europe,Paid Search,v2.4,2683.1,1,0,0.0
SES-103614,2024-10-18,iOS,North America,Direct,v2.4,327.5,2,0,0.0
SES-103615,2024-10-18,Desktop,Asia-Pacific,Paid Search,v2.4,365.4,3,0,0.0
SES-103616,2024-10-18,Desktop,Europe,Paid Search,v2.4,271.3,5,0,0.0
SES-103617,2024-10-18,iOS,North America,Social Media,v2.4,433.8,4,0,0.0
SES-103618,2024-10-18,iOS,Europe,Paid Search,v2.4,2325.1,2,0,0.0
SES-103619,2024-10-18,iOS,Europe,Organic Search,v2.4,2183.1,1,0,0.0
SES-103620,2024-10-18,Desktop,North America,Paid Search,v2.4,312.7,2,0,0.0
SES-103621,2024-10-18,iOS,Europe,Paid Search,v2.4,2446.1,1,0,0.0
SES-103622,2024-10-18,Android,Asia-Pacific,Paid Search,v2.4,396.6,1,0,0.0
SES-103623,2024-10-18,Desktop,North America,Paid Search,v2.4,249.4,1,0,0.0
SES-103624,2024-10-18,iOS,North America,Social Media,v2.4,623.0,3,0,0.0
SES-103625,2024-10-18,Android,North America,Direct,v2.4,304.0,3,0,0.0
SES-103626,2024-10-18,iOS,North America,Organic Search,v2.4,461.4,4,0,0.0
SES-103627,2024-10-18,Desktop,Europe,Organic Search,v2.4,249.1,1,0,0.0
SES-103628,2024-10-18,iOS,Asia-Pacific,Social Media,v2.4,544.4,1,0,0.0
SES-103629,2024-10-18,Android,Latin America,Direct,v2.4,265.1,4,0,0.0
SES-103630,2024-10-18,Android,Europe,Social Media,v2.4,378.4,3,0,0.0
SES-103631,2024-10-18,iOS,Europe,Organic Search,v2.4,2561.6,1,0,0.0
SES-103632,2024-10-18,iOS,Europe,Direct,v2.4,2523.8,1,0,0.0
SES-103633,2024-10-18,Android,North America,Direct,v2.4,350.1,1,0,0.0
SES-103634,2024-10-18,iOS,North America,Organic Search,v2.4,495.2,1,0,0.0
SES-103635,2024-10-18,Desktop,Asia-Pacific,Paid Search,v2.4,325.0,2,0,0.0
SES-103636,2024-10-18,Desktop,Asia-Pacific,Paid Search,v2.4,260.8,3,0,0.0
SES-103637,2024-10-18,Android,North America,Paid Search,v2.4,385.9,2,0,0.0
SES-103638,2024-10-18,Android,North America,Direct,v2.4,364.2,1,0,0.0
SES-103639,2024-10-18,Android,North America,Direct,v2.4,258.5,1,0,0.0
SES-103640,2024-10-18,Desktop,North America,Social Media,v2.4,330.1,2,0,0.0
SES-103641,2024-10-18,Android,North America,Direct,v2.4,346.3,3,0,0.0
SES-103642,2024-10-18,iOS,North America,Paid Search,v2.4,393.2,1,0,0.0
SES-103643,2024-10-18,iOS,North America,Paid Search,v2.4,463.5,1,0,0.0
SES-103644,2024-10-18,Android,North America,Direct,v2.4,295.2,1,0,0.0
SES-103645,2024-10-18,Android,North America,Paid Search,v2.4,343.1,2,0,0.0
SES-103646,2024-10-18,Android,Asia-Pacific,Organic Search,v2.4,330.3,1,0,0.0
SES-103647,2024-10-18,iOS,North America,Paid Search,v2.4,457.8,2,0,0.0
SES-103648,2024-10-18,Android,North America,Organic Search,v2.4,324.7,3,0,0.0
SES-103649,2024-10-18,iOS,North America,Direct,v2.4,580.0,1,0,0.0
SES-103650,2024-10-18,iOS,North America,Organic Search,v2.4,533.0,2,0,0.0
SES-103651,2024-10-18,Android,Europe,Organic Search,v2.4,310.2,1,0,0.0
SES-103652,2024-10-18,iOS,Europe,Social Media,v2.4,2204.4,3,0,0.0
SES-103653,2024-10-18,Android,North America,Direct,v2.4,333.6,4,0,0.0
SES-103654,2024-10-18,iOS,North America,Direct,v2.4,622.2,1,0,0.0
SES-103655,2024-10-18,Android,Latin America,Paid Search,v2.4,286.9,3,0,0.0
SES-103656,2024-10-18,Android,North America,Direct,v2.4,267.2,5,0,0.0
SES-103657,2024-10-18,iOS,North America,Direct,v2.4,451.3,4,0,0.0
SES-103658,2024-10-18,iOS,Europe,Paid Search,v2.4,1320.5,1,0,0.0
SES-103659,2024-10-18,Desktop,Europe,Social Media,v2.4,248.9,1,0,0.0
SES-103660,2024-10-18,Android,Asia-Pacific,Organic Search,v2.4,265.8,1,0,0.0
SES-103661,2024-10-18,Android,Europe,Social Media,v2.4,323.2,1,0,0.0
SES-103662,2024-10-18,iOS,North America,Paid Search,v2.4,545.3,1,0,0.0
SES-103663,2024-10-18,Android,North America,Paid Search,v2.4,334.8,1,0,0.0
SES-103664,2024-10-18,Android,North America,Organic Search,v2.4,334.7,2,0,0.0
SES-103665,2024-10-18,Android,Asia-Pacific,Paid Search,v2.4,287.8,2,0,0.0
SES-103666,2024-10-18,Android,North America,Paid Search,v2.4,328.6,1,0,0.0
SES-103667,2024-10-18,iOS,Europe,Social Media,v2.4,2620.6,1,0,0.0
SES-103668,2024-10-18,iOS,Asia-Pacific,Social Media,v2.4,321.1,5,0,0.0
SES-103669,2024-10-18,Desktop,Asia-Pacific,Social Media,v2.4,308.2,1,0,0.0
SES-103670,2024-10-18,Desktop,Europe,Organic Search,v2.4,296.8,2,0,0.0
SES-103671,2024-10-18,iOS,Europe,Social Media,v2.4,2873.8,3,0,0.0
SES-103672,2024-10-18,Android,Europe,Paid Search,v2.4,261.2,2,0,0.0
SES-103673,2024-10-18,iOS,Europe,Social Media,v2.4,3093.2,1,0,0.0
SES-103674,2024-10-18,iOS,Latin America,Organic Search,v2.4,593.0,3,0,0.0
SES-103675,2024-10-18,iOS,North America,Paid Search,v2.4,632.4,1,0,0.0
SES-103676,2024-10-18,iOS,North America,Social Media,v2.4,471.3,2,0,0.0
SES-103677,2024-10-18,Android,Asia-Pacific,Social Media,v2.4,325.0,3,0,0.0
SES-103678,2024-10-18,Android,North America,Direct,v2.4,336.7,2,0,0.0
SES-103679,2024-10-18,iOS,Europe,Direct,v2.4,2830.2,5,0,0.0
SES-103680,2024-10-18,iOS,Latin America,Organic Search,v2.4,482.4,3,0,0.0
SES-103681,2024-10-18,Desktop,Asia-Pacific,Direct,v2.4,358.6,3,0,0.0
SES-103682,2024-10-18,iOS,Asia-Pacific,Paid Search,v2.4,474.4,4,0,0.0
SES-103683,2024-10-18,Android,North America,Organic Search,v2.4,295.0,2,0,0.0
SES-103684,2024-10-18,iOS,Asia-Pacific,Organic Search,v2.4,539.7,1,0,0.0
SES-103685,2024-10-18,Android,Europe,Organic Search,v2.4,361.0,3,0,0.0
SES-103686,2024-10-18,iOS,North America,Direct,v2.4,488.5,2,0,0.0
SES-103687,2024-10-18,iOS,Latin America,Organic Search,v2.4,501.1,1,0,0.0
SES-103688,2024-10-18,iOS,Europe,Paid Search,v2.4,2478.9,1,0,0.0
SES-103689,2024-10-18,iOS,Asia-Pacific,Paid Search,v2.4,488.6,1,0,0.0
SES-103690,2024-10-18,Android,North America,Paid Search,v2.4,355.6,4,0,0.0
SES-103691,2024-10-18,Android,Europe,Direct,v2.4,368.5,2,0,0.0
SES-103692,2024-10-18,iOS,Asia-Pacific,Direct,v2.4,373.3,2,0,0.0
SES-103693,2024-10-18,iOS,Europe,Paid Search,v2.4,2334.5,1,0,0.0
SES-103694,2024-10-18,Android,North America,Paid Search,v2.4,383.2,1,0,0.0
SES-103695,2024-10-18,Android,Europe,Paid Search,v2.4,336.6,2,0,0.0
SES-103696,2024-10-18,Desktop,Latin America,Social Media,v2.4,284.4,4,0,0.0
SES-103697,2024-10-18,Android,Europe,Organic Search,v2.4,300.8,1,0,0.0
SES-103698,2024-10-18,Android,Europe,Organic Search,v2.4,254.9,1,0,0.0
SES-103699,2024-10-18,Android,Europe,Direct,v2.4,332.5,2,0,0.0
SES-103700,2024-10-18,Desktop,Latin America,Paid Search,v2.4,281.8,2,0,0.0
SES-103701,2024-10-18,Desktop,Asia-Pacific,Direct,v2.4,401.0,1,0,0.0
SES-103702,2024-10-18,iOS,Asia-Pacific,Organic Search,v2.4,567.3,2,0,0.0
SES-103703,2024-10-18,iOS,North America,Direct,v2.4,424.9,3,0,0.0
SES-103704,2024-10-18,iOS,North America,Organic Search,v2.4,317.7,1,0,0.0
SES-103705,2024-10-18,Android,Europe,Paid Search,v2.4,299.0,2,0,0.0
SES-103706,2024-10-18,Android,North America,Organic Search,v2.4,338.6,1,0,0.0
SES-103707,2024-10-18,Android,Europe,Direct,v2.4,328.1,1,0,0.0
SES-103708,2024-10-18,iOS,Latin America,Social Media,v2.4,444.5,3,0,0.0
SES-103709,2024-10-18,Android,Asia-Pacific,Paid Search,v2.4,396.8,3,0,0.0
SES-103710,2024-10-18,Desktop,North America,Direct,v2.4,338.2,4,0,0.0
SES-103711,2024-10-18,iOS,Europe,Direct,v2.4,2134.1,3,0,0.0
SES-103712,2024-10-18,Android,Asia-Pacific,Social Media,v2.4,284.5,1,0,0.0
SES-103713,2024-10-18,Android,Europe,Direct,v2.4,350.5,2,0,0.0
SES-103714,2024-10-18,Desktop,Europe,Organic Search,v2.4,403.9,4,0,0.0
SES-103715,2024-10-18,Desktop,Europe,Direct,v2.4,283.5,2,0,0.0
SES-103716,2024-10-18,Android,North America,Paid Search,v2.4,252.3,1,0,0.0
SES-103717,2024-10-18,Android,Asia-Pacific,Organic Search,v2.4,354.5,2,0,0.0
SES-103718,2024-10-18,Desktop,Europe,Organic Search,v2.4,267.5,1,0,0.0
SES-103719,2024-10-18,Android,Europe,Social Media,v2.4,301.5,1,0,0.0
SES-103720,2024-10-18,iOS,North America,Social Media,v2.4,556.6,1,0,0.0
SES-103721,2024-10-18,Desktop,Asia-Pacific,Direct,v2.4,421.9,3,0,0.0
SES-103722,2024-10-18,iOS,Europe,Social Media,v2.4,2384.5,1,0,0.0
SES-103723,2024-10-18,iOS,Europe,Direct,v2.4,2231.7,2,0,0.0
SES-103724,2024-10-18,Desktop,Latin America,Organic Search,v2.4,299.5,2,0,0.0
SES-103725,2024-10-18,Android,Latin America,Organic Search,v2.4,296.1,1,0,0.0
SES-103726,2024-10-18,Android,Latin America,Organic Search,v2.4,321.7,2,0,0.0
SES-103727,2024-10-18,iOS,Asia-Pacific,Organic Search,v2.4,379.8,1,0,0.0
SES-103728,2024-10-18,iOS,Europe,Organic Search,v2.4,2327.9,1,0,0.0
SES-103729,2024-10-18,iOS,Europe,Paid Search,v2.4,2481.4,1,0,0.0
SES-103730,2024-10-18,iOS,Europe,Direct,v2.4,2495.4,3,0,0.0
SES-103731,2024-10-18,Android,Europe,Social Media,v2.4,368.3,1,0,0.0
SES-103732,2024-10-18,iOS,Latin America,Paid Search,v2.4,367.4,1,0,0.0
SES-103733,2024-10-18,Android,Asia-Pacific,Social Media,v2.4,294.9,3,0,0.0
SES-103734,2024-10-18,iOS,Asia-Pacific,Paid Search,v2.4,549.2,2,0,0.0
SES-103735,2024-10-18,Desktop,Europe,Social Media,v2.4,419.2,1,1,123.01
SES-103736,2024-10-18,iOS,Latin America,Paid Search,v2.4,340.5,1,0,0.0
SES-103737,2024-10-18,iOS,Asia-Pacific,Organic Search,v2.4,366.2,1,0,0.0
SES-103738,2024-10-18,iOS,Europe,Social Media,v2.4,1799.1,4,0,0.0
SES-103739,2024-10-18,Android,Asia-Pacific,Paid Search,v2.4,311.7,3,0,0.0
SES-103740,2024-10-18,Android,Europe,Paid Search,v2.4,213.6,1,0,0.0
SES-103741,2024-10-18,Android,Europe,Organic Search,v2.4,335.5,1,0,0.0
SES-103742,2024-10-18,Android,North America,Direct,v2.4,375.0,1,0,0.0
SES-103743,2024-10-18,iOS,North America,Social Media,v2.4,408.6,2,0,0.0
SES-103744,2024-10-18,Android,Europe,Organic Search,v2.4,392.1,1,0,0.0
SES-103745,2024-10-18,Android,Europe,Social Media,v2.4,406.7,3,0,0.0
SES-103746,2024-10-18,iOS,Latin America,Organic Search,v2.4,417.0,5,0,0.0
SES-103747,2024-10-18,iOS,North America,Paid Search,v2.4,489.1,1,0,0.0
SES-103748,2024-10-18,iOS,Asia-Pacific,Organic Search,v2.4,486.9,1,1,70.72
SES-103749,2024-10-18,iOS,Europe,Direct,v2.4,2784.8,1,0,0.0
SES-103750,2024-10-18,Android,Europe,Organic Search,v2.4,349.7,1,1,31.34
SES-103751,2024-10-18,iOS,Europe,Paid Search,v2.4,3072.3,3,0,0.0
SES-103752,2024-10-18,iOS,Europe,Organic Search,v2.4,2013.0,3,0,0.0
SES-103753,2024-10-18,iOS,Europe,Organic Search,v2.4,2715.4,1,0,0.0
SES-103754,2024-10-18,Desktop,Europe,Direct,v2.4,310.6,1,0,0.0
SES-103755,2024-10-18,Desktop,North America,Organic Search,v2.4,389.9,1,0,0.0
SES-103756,2024-10-18,iOS,Europe,Organic Search,v2.4,2256.7,1,0,0.0
SES-103757,2024-10-18,iOS,Asia-Pacific,Organic Search,v2.4,487.6,1,0,0.0
SES-103758,2024-10-18,iOS,Europe,Paid Search,v2.4,2297.4,2,0,0.0
SES-103759,2024-10-18,Android,North America,Direct,v2.4,291.3,4,0,0.0
SES-103760,2024-10-18,iOS,Europe,Organic Search,v2.4,2900.8,4,0,0.0
SES-103761,2024-10-18,Android,North America,Organic Search,v2.4,348.8,1,0,0.0
SES-103762,2024-10-18,Android,Europe,Paid Search,v2.4,283.5,4,0,0.0
SES-103763,2024-10-19,Desktop,Latin America,Organic Search,v2.4,293.0,3,0,0.0
SES-103764,2024-10-19,iOS,Asia-Pacific,Social Media,v2.4,515.1,3,0,0.0
SES-103765,2024-10-19,Desktop,North America,Direct,v2.4,348.7,1,0,0.0
SES-103766,2024-10-19,Desktop,Europe,Paid Search,v2.4,329.9,4,0,0.0
SES-103767,2024-10-19,iOS,North America,Organic Search,v2.4,409.5,1,1,90.67
SES-103768,2024-10-19,iOS,Asia-Pacific,Direct,v2.4,498.9,4,0,0.0
SES-103769,2024-10-19,iOS,Europe,Direct,v2.4,2387.4,5,0,0.0
SES-103770,2024-10-19,iOS,North America,Paid Search,v2.4,442.9,1,1,70.26
SES-103771,2024-10-19,iOS,Asia-Pacific,Direct,v2.4,482.0,1,0,0.0
SES-103772,2024-10-19,Android,Asia-Pacific,Direct,v2.4,356.9,1,0,0.0
SES-103773,2024-10-19,Android,Asia-Pacific,Paid Search,v2.4,360.3,1,0,0.0
SES-103774,2024-10-19,Desktop,Asia-Pacific,Organic Search,v2.4,376.4,1,0,0.0
SES-103775,2024-10-19,iOS,Latin America,Direct,v2.4,655.6,1,1,81.75
SES-103776,2024-10-19,Desktop,North America,Organic Search,v2.4,320.4,2,0,0.0
SES-103777,2024-10-19,iOS,North America,Direct,v2.4,522.7,3,0,0.0
SES-103778,2024-10-19,Desktop,Asia-Pacific,Direct,v2.4,318.1,2,0,0.0
SES-103779,2024-10-19,iOS,North America,Direct,v2.4,414.2,1,0,0.0
SES-103780,2024-10-19,iOS,Latin America,Paid Search,v2.4,411.3,1,0,0.0
SES-103781,2024-10-19,Desktop,Europe,Organic Search,v2.4,395.6,2,0,0.0
SES-103782,2024-10-19,iOS,North America,Organic Search,v2.4,613.6,1,1,68.99
SES-103783,2024-10-19,Android,Europe,Direct,v2.4,341.4,1,0,0.0
SES-103784,2024-10-19,Android,Europe,Social Media,v2.4,329.1,1,0,0.0
SES-103785,2024-10-19,Android,Europe,Direct,v2.4,302.8,3,0,0.0
SES-103786,2024-10-19,Android,Asia-Pacific,Organic Search,v2.4,283.2,5,0,0.0
SES-103787,2024-10-19,Android,Europe,Social Media,v2.4,356.7,1,0,0.0
SES-103788,2024-10-19,iOS,Asia-Pacific,Social Media,v2.4,508.3,1,0,0.0
SES-103789,2024-10-19,Android,North America,Paid Search,v2.4,249.5,3,0,0.0
SES-103790,2024-10-19,Desktop,Europe,Paid Search,v2.4,343.0,2,0,0.0
SES-103791,2024-10-19,iOS,Europe,Direct,v2.4,2797.5,1,0,0.0
SES-103792,2024-10-19,iOS,North America,Direct,v2.4,442.4,1,0,0.0
SES-103793,2024-10-19,Android,Asia-Pacific,Social Media,v2.4,252.0,1,0,0.0
SES-103794,2024-10-19,Android,Asia-Pacific,Organic Search,v2.4,271.0,2,0,0.0
SES-103795,2024-10-19,Android,Asia-Pacific,Paid Search,v2.4,335.4,1,0,0.0
SES-103796,2024-10-19,iOS,Latin America,Direct,v2.4,456.5,5,0,0.0
SES-103797,2024-10-19,Android,North America,Social Media,v2.4,289.9,2,0,0.0
SES-103798,2024-10-19,iOS,Latin America,Social Media,v2.4,524.9,2,0,0.0
SES-103799,2024-10-19,Android,Asia-Pacific,Social Media,v2.4,331.8,2,0,0.0
SES-103800,2024-10-19,Desktop,Asia-Pacific,Paid Search,v2.4,313.9,3,0,0.0
SES-103801,2024-10-19,iOS,Europe,Direct,v2.4,2638.3,4,0,0.0
SES-103802,2024-10-19,Android,Latin America,Paid Search,v2.4,286.2,2,0,0.0
SES-103803,2024-10-19,Desktop,North America,Paid Search,v2.4,400.3,3,0,0.0
SES-103804,2024-10-19,Android,Asia-Pacific,Organic Search,v2.4,382.3,2,0,0.0
SES-103805,2024-10-19,Desktop,Europe,Direct,v2.4,333.6,5,0,0.0
SES-103806,2024-10-19,Android,North America,Social Media,v2.4,349.7,1,0,0.0
SES-103807,2024-10-19,Desktop,Europe,Organic Search,v2.4,297.8,4,0,0.0
SES-103808,2024-10-19,iOS,Europe,Organic Search,v2.4,1912.6,1,0,0.0
SES-103809,2024-10-19,iOS,Europe,Direct,v2.4,2510.5,1,0,0.0
SES-103810,2024-10-19,iOS,Asia-Pacific,Paid Search,v2.4,348.0,3,0,0.0
SES-103811,2024-10-19,Android,Europe,Social Media,v2.4,296.3,4,0,0.0
SES-103812,2024-10-19,Desktop,Europe,Organic Search,v2.4,270.0,1,0,0.0
SES-103813,2024-10-19,iOS,Europe,Organic Search,v2.4,1749.8,1,0,0.0
SES-103814,2024-10-19,Android,North America,Paid Search,v2.4,252.2,5,1,31.34
SES-103815,2024-10-19,Android,Europe,Organic Search,v2.4,289.0,4,0,0.0
SES-103816,2024-10-19,Android,Europe,Organic Search,v2.4,302.3,1,0,0.0
SES-103817,2024-10-19,iOS,North America,Organic Search,v2.4,558.1,4,0,0.0
SES-103818,2024-10-19,Android,North America,Organic Search,v2.4,338.0,2,0,0.0
SES-103819,2024-10-19,iOS,Europe,Organic Search,v2.4,2246.9,1,0,0.0
SES-103820,2024-10-19,iOS,Europe,Social Media,v2.4,2126.6,4,0,0.0
SES-103821,2024-10-19,Desktop,Europe,Organic Search,v2.4,331.9,1,0,0.0
SES-103822,2024-10-19,iOS,Latin America,Paid Search,v2.4,532.6,1,0,0.0
SES-103823,2024-10-19,iOS,North America,Social Media,v2.4,625.0,2,0,0.0
SES-103824,2024-10-19,Desktop,North America,Direct,v2.4,292.0,5,0,0.0
SES-103825,2024-10-19,iOS,Europe,Paid Search,v2.4,2900.9,1,0,0.0
SES-103826,2024-10-19,Android,North America,Direct,v2.4,298.1,1,0,0.0
SES-103827,2024-10-19,iOS,Europe,Direct,v2.4,1923.0,2,0,0.0
SES-103828,2024-10-19,iOS,Europe,Social Media,v2.4,1657.9,2,0,0.0
SES-103829,2024-10-19,iOS,North America,Paid Search,v2.4,504.4,1,0,0.0
SES-103830,2024-10-19,iOS,North America,Social Media,v2.4,416.0,2,0,0.0
SES-103831,2024-10-19,Android,Europe,Paid Search,v2.4,323.7,5,0,0.0
SES-103832,2024-10-19,Android,North America,Organic Search,v2.4,227.3,2,0,0.0
SES-103833,2024-10-19,Android,Latin America,Social Media,v2.4,333.2,2,0,0.0
SES-103834,2024-10-19,Desktop,North America,Paid Search,v2.4,357.3,3,0,0.0
SES-103835,2024-10-19,iOS,North America,Social Media,v2.4,502.1,4,1,82.53
SES-103836,2024-10-19,Android,Latin America,Organic Search,v2.4,292.1,2,0,0.0
SES-103837,2024-10-19,Android,Asia-Pacific,Paid Search,v2.4,322.5,2,0,0.0
SES-103838,2024-10-19,Desktop,North America,Social Media,v2.4,263.5,1,0,0.0
SES-103839,2024-10-19,iOS,Asia-Pacific,Organic Search,v2.4,505.5,5,0,0.0
SES-103840,2024-10-19,Android,Europe,Social Media,v2.4,259.6,2,0,0.0
SES-103841,2024-10-19,Desktop,North America,Social Media,v2.4,323.9,1,0,0.0
SES-103842,2024-10-19,iOS,Europe,Social Media,v2.4,2289.9,1,0,0.0
SES-103843,2024-10-19,Desktop,Europe,Paid Search,v2.4,344.2,4,0,0.0
SES-103844,2024-10-19,iOS,North America,Paid Search,v2.4,435.0,1,0,0.0
SES-103845,2024-10-19,Android,Europe,Social Media,v2.4,346.8,4,0,0.0
SES-103846,2024-10-19,Desktop,North America,Direct,v2.4,314.6,1,0,0.0
SES-103847,2024-10-19,Android,North America,Paid Search,v2.4,249.3,1,0,0.0
SES-103848,2024-10-19,Android,North America,Social Media,v2.4,319.3,1,0,0.0
SES-103849,2024-10-19,iOS,Europe,Direct,v2.4,1859.9,1,0,0.0
SES-103850,2024-10-19,Desktop,Europe,Social Media,v2.4,324.4,2,1,106.89
SES-103851,2024-10-19,Android,North America,Organic Search,v2.4,309.4,4,1,85.84
SES-103852,2024-10-19,iOS,Latin America,Organic Search,v2.4,581.6,4,0,0.0
SES-103853,2024-10-19,Android,Europe,Paid Search,v2.4,265.6,3,0,0.0
SES-103854,2024-10-19,Android,Europe,Paid Search,v2.4,303.0,3,0,0.0
SES-103855,2024-10-19,iOS,Asia-Pacific,Direct,v2.4,521.4,2,0,0.0
SES-103856,2024-10-19,iOS,Europe,Organic Search,v2.4,2198.3,1,0,0.0
SES-103857,2024-10-19,iOS,Asia-Pacific,Social Media,v2.4,619.3,3,0,0.0
SES-103858,2024-10-19,Android,North America,Organic Search,v2.4,292.6,2,0,0.0
SES-103859,2024-10-19,Android,North America,Paid Search,v2.4,343.6,2,0,0.0
SES-103860,2024-10-19,Android,Europe,Organic Search,v2.4,313.0,4,0,0.0
SES-103861,2024-10-19,Desktop,Europe,Paid Search,v2.4,230.4,1,0,0.0
SES-103862,2024-10-19,Desktop,Europe,Organic Search,v2.4,280.2,4,0,0.0
SES-103863,2024-10-19,Android,Asia-Pacific,Organic Search,v2.4,327.6,1,0,0.0
SES-103864,2024-10-19,iOS,Asia-Pacific,Direct,v2.4,569.6,2,0,0.0
SES-103865,2024-10-19,Android,North America,Organic Search,v2.4,319.2,1,1,33.83
SES-103866,2024-10-19,Android,Asia-Pacific,Organic Search,v2.4,330.3,3,0,0.0
SES-103867,2024-10-19,Android,Europe,Direct,v2.4,341.8,3,0,0.0
SES-103868,2024-10-19,Android,North America,Organic Search,v2.4,300.3,4,0,0.0
SES-103869,2024-10-19,iOS,North America,Paid Search,v2.4,496.9,2,0,0.0
SES-103870,2024-10-19,Desktop,Asia-Pacific,Organic Search,v2.4,371.9,3,0,0.0
SES-103871,2024-10-19,iOS,Europe,Organic Search,v2.4,2449.2,1,0,0.0
SES-103872,2024-10-19,Android,North America,Direct,v2.4,296.9,1,0,0.0
SES-103873,2024-10-19,iOS,Asia-Pacific,Organic Search,v2.4,526.9,2,0,0.0
SES-103874,2024-10-19,Desktop,North America,Social Media,v2.4,382.2,1,0,0.0
SES-103875,2024-10-19,iOS,Europe,Social Media,v2.4,2020.2,2,0,0.0
SES-103876,2024-10-19,iOS,North America,Organic Search,v2.4,472.9,1,0,0.0
SES-103877,2024-10-19,iOS,Europe,Social Media,v2.4,2867.4,1,0,0.0
SES-103878,2024-10-19,iOS,North America,Organic Search,v2.4,491.6,2,0,0.0
SES-103879,2024-10-19,iOS,Latin America,Organic Search,v2.4,347.8,1,1,123.1
SES-103880,2024-10-19,Android,North America,Organic Search,v2.4,341.9,1,0,0.0
SES-103881,2024-10-19,Android,North America,Paid Search,v2.4,277.8,1,0,0.0
SES-103882,2024-10-19,iOS,North America,Paid Search,v2.4,429.0,1,0,0.0
SES-103883,2024-10-19,iOS,Europe,Organic Search,v2.4,1820.0,1,0,0.0
SES-103884,2024-10-19,Desktop,Europe,Direct,v2.4,369.0,1,0,0.0
SES-103885,2024-10-19,Android,Latin America,Direct,v2.4,300.0,3,0,0.0
SES-103886,2024-10-19,Android,North America,Paid Search,v2.4,314.4,1,0,0.0
SES-103887,2024-10-19,Android,Europe,Direct,v2.4,299.9,1,0,0.0
SES-103888,2024-10-19,iOS,Europe,Social Media,v2.4,3318.9,1,0,0.0
SES-103889,2024-10-19,iOS,North America,Organic Search,v2.4,564.6,2,0,0.0
SES-103890,2024-10-19,iOS,Asia-Pacific,Organic Search,v2.4,474.2,3,0,0.0
SES-103891,2024-10-19,Desktop,Asia-Pacific,Paid Search,v2.4,300.6,2,0,0.0
SES-103892,2024-10-19,Desktop,Europe,Paid Search,v2.4,371.4,2,0,0.0
SES-103893,2024-10-19,Android,Latin America,Paid Search,v2.4,184.6,1,0,0.0
SES-103894,2024-10-19,iOS,North America,Organic Search,v2.4,526.0,2,0,0.0
SES-103895,2024-10-19,iOS,North America,Direct,v2.4,552.7,1,0,0.0
SES-103896,2024-10-19,iOS,North America,Paid Search,v2.4,411.5,3,0,0.0
SES-103897,2024-10-19,Android,Europe,Paid Search,v2.4,399.1,4,0,0.0
SES-103898,2024-10-19,iOS,Latin America,Organic Search,v2.4,582.5,2,0,0.0
SES-103899,2024-10-19,Desktop,Europe,Paid Search,v2.4,346.4,2,0,0.0
SES-103900,2024-10-19,iOS,Europe,Paid Search,v2.4,2869.4,1,0,0.0
SES-103901,2024-10-19,Desktop,Asia-Pacific,Paid Search,v2.4,372.2,1,0,0.0
SES-103902,2024-10-19,Desktop,North America,Social Media,v2.4,298.2,2,0,0.0
SES-103903,2024-10-19,Desktop,Asia-Pacific,Paid Search,v2.4,335.3,1,0,0.0
SES-103904,2024-10-19,Android,North America,Organic Search,v2.4,299.6,1,1,63.08
SES-103905,2024-10-19,Android,North America,Paid Search,v2.4,301.6,3,1,95.31
SES-103906,2024-10-19,Android,Latin America,Direct,v2.4,305.8,1,0,0.0
SES-103907,2024-10-19,Android,Europe,Direct,v2.4,274.9,5,0,0.0
SES-103908,2024-10-19,Android,Asia-Pacific,Paid Search,v2.4,361.2,1,0,0.0
SES-103909,2024-10-19,Desktop,Europe,Organic Search,v2.4,313.2,1,0,0.0
SES-103910,2024-10-19,Android,Asia-Pacific,Paid Search,v2.4,371.3,2,0,0.0
SES-103911,2024-10-19,Desktop,Europe,Paid Search,v2.4,265.4,3,0,0.0
SES-103912,2024-10-19,Desktop,North America,Social Media,v2.4,336.2,3,1,14.85
SES-103913,2024-10-19,iOS,Asia-Pacific,Paid Search,v2.4,430.7,2,0,0.0
SES-103914,2024-10-19,iOS,North America,Direct,v2.4,509.4,4,0,0.0
SES-103915,2024-10-19,Android,Asia-Pacific,Paid Search,v2.4,315.6,2,0,0.0
SES-103916,2024-10-19,Android,Asia-Pacific,Paid Search,v2.4,295.8,1,1,71.16
SES-103917,2024-10-19,Desktop,Asia-Pacific,Direct,v2.4,289.2,1,0,0.0
SES-103918,2024-10-19,Android,Latin America,Paid Search,v2.4,365.1,2,0,0.0
SES-103919,2024-10-19,Android,North America,Social Media,v2.4,296.0,3,0,0.0
SES-103920,2024-10-19,Android,Europe,Paid Search,v2.4,264.1,3,0,0.0
SES-103921,2024-10-19,iOS,Europe,Organic Search,v2.4,2317.5,2,0,0.0
SES-103922,2024-10-19,Android,Europe,Direct,v2.4,328.1,3,0,0.0
SES-103923,2024-10-19,Desktop,Europe,Organic Search,v2.4,327.7,2,0,0.0
SES-103924,2024-10-19,iOS,North America,Organic Search,v2.4,558.8,1,0,0.0
SES-103925,2024-10-19,Android,Europe,Paid Search,v2.4,373.6,4,1,88.94
SES-103926,2024-10-19,Android,Europe,Direct,v2.4,281.8,3,0,0.0
SES-103927,2024-10-19,iOS,Europe,Paid Search,v2.4,2233.5,2,0,0.0
SES-103928,2024-10-19,iOS,Asia-Pacific,Organic Search,v2.4,642.7,4,0,0.0
SES-103929,2024-10-19,Desktop,North America,Paid Search,v2.4,383.5,5,0,0.0
SES-103930,2024-10-19,iOS,North America,Paid Search,v2.4,467.3,1,0,0.0
SES-103931,2024-10-19,iOS,Asia-Pacific,Social Media,v2.4,462.5,1,0,0.0
SES-103932,2024-10-19,iOS,Europe,Paid Search,v2.4,2475.0,1,0,0.0
SES-103933,2024-10-19,Android,Latin America,Direct,v2.4,372.5,1,0,0.0
SES-103934,2024-10-19,Android,North America,Organic Search,v2.4,280.4,2,0,0.0
SES-103935,2024-10-19,Android,Europe,Direct,v2.4,293.4,3,0,0.0
SES-103936,2024-10-19,iOS,North America,Direct,v2.4,468.9,3,0,0.0
SES-103937,2024-10-19,Desktop,Asia-Pacific,Social Media,v2.4,293.0,3,0,0.0
SES-103938,2024-10-19,iOS,North America,Organic Search,v2.4,515.7,1,0,0.0
SES-103939,2024-10-19,iOS,Asia-Pacific,Paid Search,v2.4,471.2,2,0,0.0
SES-103940,2024-10-19,Android,Europe,Direct,v2.4,297.6,1,0,0.0
SES-103941,2024-10-19,iOS,Europe,Organic Search,v2.4,2075.0,2,0,0.0
SES-103942,2024-10-19,Desktop,Europe,Paid Search,v2.4,322.2,1,0,0.0
SES-103943,2024-10-19,Desktop,Europe,Social Media,v2.4,410.3,1,0,0.0
SES-103944,2024-10-19,iOS,Europe,Paid Search,v2.4,2148.4,3,0,0.0
SES-103945,2024-10-19,Desktop,Latin America,Social Media,v2.4,352.8,3,0,0.0
SES-103946,2024-10-19,Desktop,Europe,Organic Search,v2.4,356.1,2,0,0.0
SES-103947,2024-10-19,Desktop,North America,Direct,v2.4,391.6,1,0,0.0
SES-103948,2024-10-19,iOS,North America,Paid Search,v2.4,522.9,3,0,0.0
SES-103949,2024-10-19,Android,Asia-Pacific,Paid Search,v2.4,343.2,1,0,0.0
SES-103950,2024-10-19,iOS,Latin America,Social Media,v2.4,492.4,3,1,124.97
SES-103951,2024-10-19,Desktop,Asia-Pacific,Organic Search,v2.4,320.9,3,0,0.0
SES-103952,2024-10-19,iOS,Latin America,Social Media,v2.4,508.0,1,0,0.0
SES-103953,2024-10-19,Android,Asia-Pacific,Direct,v2.4,289.8,4,0,0.0
SES-103954,2024-10-19,iOS,Latin America,Organic Search,v2.4,535.3,1,0,0.0
SES-103955,2024-10-19,iOS,Asia-Pacific,Social Media,v2.4,414.4,2,0,0.0
SES-103956,2024-10-20,Android,Europe,Paid Search,v2.4,254.0,1,0,0.0
SES-103957,2024-10-20,Desktop,North America,Direct,v2.4,367.0,2,0,0.0
SES-103958,2024-10-20,Android,North America,Paid Search,v2.4,361.8,4,0,0.0
SES-103959,2024-10-20,Desktop,North America,Social Media,v2.4,229.4,3,1,176.42
SES-103960,2024-10-20,iOS,Europe,Paid Search,v2.4,2677.7,4,0,0.0
SES-103961,2024-10-20,Android,North America,Organic Search,v2.4,314.5,3,0,0.0
SES-103962,2024-10-20,Android,Latin America,Paid Search,v2.4,334.6,1,0,0.0
SES-103963,2024-10-20,iOS,Europe,Organic Search,v2.4,2963.7,2,0,0.0
SES-103964,2024-10-20,Android,Asia-Pacific,Paid Search,v2.4,320.5,1,0,0.0
SES-103965,2024-10-20,Android,Asia-Pacific,Organic Search,v2.4,354.6,4,0,0.0
SES-103966,2024-10-20,Android,Latin America,Organic Search,v2.4,224.5,4,0,0.0
SES-103967,2024-10-20,Android,Latin America,Organic Search,v2.4,319.7,1,0,0.0
SES-103968,2024-10-20,Android,Asia-Pacific,Paid Search,v2.4,319.5,4,0,0.0
SES-103969,2024-10-20,iOS,North America,Paid Search,v2.4,599.6,1,0,0.0
SES-103970,2024-10-20,iOS,Europe,Paid Search,v2.4,2849.9,1,0,0.0
SES-103971,2024-10-20,Android,North America,Organic Search,v2.4,354.8,1,0,0.0
SES-103972,2024-10-20,iOS,Asia-Pacific,Direct,v2.4,480.6,4,0,0.0
SES-103973,2024-10-20,iOS,Asia-Pacific,Direct,v2.4,524.0,2,0,0.0
SES-103974,2024-10-20,Android,Asia-Pacific,Paid Search,v2.4,380.3,1,0,0.0
SES-103975,2024-10-20,Android,Europe,Social Media,v2.4,339.4,4,0,0.0
SES-103976,2024-10-20,iOS,North America,Paid Search,v2.4,509.7,2,0,0.0
SES-103977,2024-10-20,Android,Europe,Direct,v2.4,341.2,2,0,0.0
SES-103978,2024-10-20,Android,Europe,Organic Search,v2.4,341.4,4,0,0.0
SES-103979,2024-10-20,iOS,Europe,Organic Search,v2.4,2219.3,1,0,0.0
SES-103980,2024-10-20,Desktop,Europe,Social Media,v2.4,268.9,2,0,0.0
SES-103981,2024-10-20,Android,Asia-Pacific,Direct,v2.4,367.7,5,0,0.0
SES-103982,2024-10-20,Android,Europe,Organic Search,v2.4,306.9,2,0,0.0
SES-103983,2024-10-20,Android,Europe,Paid Search,v2.4,275.6,1,0,0.0
SES-103984,2024-10-20,iOS,Latin America,Direct,v2.4,528.2,1,0,0.0
SES-103985,2024-10-20,Android,North America,Direct,v2.4,309.6,1,0,0.0
SES-103986,2024-10-20,iOS,Europe,Social Media,v2.4,2327.3,2,0,0.0
SES-103987,2024-10-20,Desktop,Europe,Organic Search,v2.4,260.4,4,1,141.4
SES-103988,2024-10-20,Desktop,Europe,Paid Search,v2.4,266.7,1,0,0.0
SES-103989,2024-10-20,Android,Europe,Organic Search,v2.4,315.1,2,0,0.0
SES-103990,2024-10-20,iOS,Europe,Paid Search,v2.4,2388.1,4,0,0.0
SES-103991,2024-10-20,iOS,North America,Organic Search,v2.4,600.5,1,0,0.0
SES-103992,2024-10-20,iOS,Europe,Social Media,v2.4,2422.0,2,0,0.0
SES-103993,2024-10-20,Android,North America,Paid Search,v2.4,244.6,1,0,0.0
SES-103994,2024-10-20,iOS,Asia-Pacific,Direct,v2.4,426.6,2,0,0.0
SES-103995,2024-10-20,Android,North America,Organic Search,v2.4,273.4,2,0,0.0
SES-103996,2024-10-20,iOS,Latin America,Organic Search,v2.4,489.6,1,0,0.0
SES-103997,2024-10-20,Desktop,North America,Organic Search,v2.4,292.7,4,0,0.0
SES-103998,2024-10-20,iOS,North America,Paid Search,v2.4,479.3,3,0,0.0
SES-103999,2024-10-20,Desktop,Asia-Pacific,Direct,v2.4,358.8,1,0,0.0
SES-104000,2024-10-20,Desktop,Europe,Paid Search,v2.4,335.9,4,0,0.0
SES-104001,2024-10-20,Android,Europe,Organic Search,v2.4,357.9,1,0,0.0
SES-104002,2024-10-20,Android,North America,Organic Search,v2.4,313.2,2,0,0.0
SES-104003,2024-10-20,Android,North America,Organic Search,v2.4,304.0,1,0,0.0
SES-104004,2024-10-20,Android,Asia-Pacific,Direct,v2.4,368.2,3,0,0.0
SES-104005,2024-10-20,iOS,Latin America,Paid Search,v2.4,469.6,5,0,0.0
SES-104006,2024-10-20,iOS,North America,Direct,v2.4,555.2,1,0,0.0
SES-104007,2024-10-20,Android,North America,Direct,v2.4,332.0,3,0,0.0
SES-104008,2024-10-20,Android,North America,Organic Search,v2.4,381.5,1,0,0.0
SES-104009,2024-10-20,Android,Latin America,Organic Search,v2.4,310.0,1,0,0.0
SES-104010,2024-10-20,iOS,Asia-Pacific,Direct,v2.4,434.3,2,0,0.0
SES-104011,2024-10-20,iOS,Latin America,Direct,v2.4,463.1,1,0,0.0
SES-104012,2024-10-20,iOS,Europe,Paid Search,v2.4,1933.8,2,0,0.0
SES-104013,2024-10-20,iOS,Asia-Pacific,Organic Search,v2.4,449.6,1,0,0.0
SES-104014,2024-10-20,iOS,Europe,Organic Search,v2.4,2075.8,4,0,0.0
SES-104015,2024-10-20,iOS,Europe,Organic Search,v2.4,2868.8,1,0,0.0
SES-104016,2024-10-20,iOS,Latin America,Organic Search,v2.4,391.3,1,0,0.0
SES-104017,2024-10-20,Desktop,Europe,Organic Search,v2.4,262.0,3,0,0.0
SES-104018,2024-10-20,iOS,Latin America,Paid Search,v2.4,433.0,1,0,0.0
SES-104019,2024-10-20,Android,Europe,Organic Search,v2.4,248.4,1,0,0.0
SES-104020,2024-10-20,iOS,Asia-Pacific,Organic Search,v2.4,476.7,2,0,0.0
SES-104021,2024-10-20,Desktop,Europe,Social Media,v2.4,303.2,1,0,0.0
SES-104022,2024-10-20,Android,North America,Paid Search,v2.4,254.5,2,0,0.0
SES-104023,2024-10-20,iOS,Europe,Social Media,v2.4,2366.7,2,0,0.0
SES-104024,2024-10-20,Android,North America,Organic Search,v2.4,314.2,1,0,0.0
SES-104025,2024-10-20,iOS,Europe,Direct,v2.4,2565.4,2,0,0.0
SES-104026,2024-10-20,Android,North America,Organic Search,v2.4,296.4,2,0,0.0
SES-104027,2024-10-20,iOS,Europe,Paid Search,v2.4,2747.0,2,0,0.0
SES-104028,2024-10-20,Desktop,Europe,Organic Search,v2.4,304.7,2,0,0.0
SES-104029,2024-10-20,Android,Europe,Organic Search,v2.4,298.9,4,1,104.69
SES-104030,2024-10-20,iOS,North America,Social Media,v2.4,441.4,1,0,0.0
SES-104031,2024-10-20,Android,Asia-Pacific,Paid Search,v2.4,283.3,1,0,0.0
SES-104032,2024-10-20,iOS,Asia-Pacific,Social Media,v2.4,597.4,1,0,0.0
SES-104033,2024-10-20,Desktop,Europe,Organic Search,v2.4,369.3,1,0,0.0
SES-104034,2024-10-20,Android,North America,Organic Search,v2.4,416.9,3,1,47.39
SES-104035,2024-10-20,Android,Asia-Pacific,Paid Search,v2.4,230.9,3,0,0.0
SES-104036,2024-10-20,iOS,Europe,Direct,v2.4,2448.3,1,0,0.0
SES-104037,2024-10-20,Desktop,North America,Paid Search,v2.4,320.8,2,0,0.0
SES-104038,2024-10-20,Android,North America,Social Media,v2.4,412.2,4,0,0.0
SES-104039,2024-10-20,iOS,Europe,Organic Search,v2.4,2764.0,2,1,71.47
SES-104040,2024-10-20,iOS,Europe,Direct,v2.4,2462.4,1,0,0.0
SES-104041,2024-10-20,iOS,Europe,Organic Search,v2.4,3108.9,2,0,0.0
SES-104042,2024-10-20,Desktop,North America,Organic Search,v2.4,405.3,2,1,51.62
SES-104043,2024-10-20,iOS,Europe,Paid Search,v2.4,2557.6,1,0,0.0
SES-104044,2024-10-20,Android,Europe,Paid Search,v2.4,306.7,3,0,0.0
SES-104045,2024-10-20,iOS,Europe,Organic Search,v2.4,2327.4,1,0,0.0
SES-104046,2024-10-20,iOS,Europe,Organic Search,v2.4,2708.8,1,0,0.0
SES-104047,2024-10-20,Android,Europe,Paid Search,v2.4,256.1,2,1,54.68
SES-104048,2024-10-20,Desktop,Latin America,Paid Search,v2.4,290.1,4,0,0.0
SES-104049,2024-10-20,Android,Europe,Organic Search,v2.4,276.0,1,0,0.0
SES-104050,2024-10-20,Desktop,North America,Organic Search,v2.4,264.9,1,0,0.0
SES-104051,2024-10-20,Android,North America,Organic Search,v2.4,339.1,1,0,0.0
SES-104052,2024-10-20,iOS,North America,Social Media,v2.4,357.7,5,0,0.0
SES-104053,2024-10-20,iOS,North America,Social Media,v2.4,404.0,1,0,0.0
SES-104054,2024-10-20,Android,Europe,Paid Search,v2.4,271.2,1,0,0.0
SES-104055,2024-10-20,Desktop,Asia-Pacific,Social Media,v2.4,337.5,1,0,0.0
SES-104056,2024-10-20,Desktop,North America,Direct,v2.4,272.6,1,0,0.0
SES-104057,2024-10-20,iOS,Asia-Pacific,Organic Search,v2.4,331.4,2,0,0.0
SES-104058,2024-10-20,iOS,North America,Organic Search,v2.4,426.5,1,0,0.0
SES-104059,2024-10-20,iOS,Latin America,Social Media,v2.4,585.4,1,0,0.0
SES-104060,2024-10-20,Desktop,Asia-Pacific,Paid Search,v2.4,357.4,1,1,109.61
SES-104061,2024-10-20,Desktop,Latin America,Direct,v2.4,320.7,3,0,0.0
SES-104062,2024-10-20,Desktop,North America,Social Media,v2.4,365.1,2,0,0.0
SES-104063,2024-10-20,iOS,North America,Paid Search,v2.4,466.7,2,1,128.59
SES-104064,2024-10-20,Android,Asia-Pacific,Organic Search,v2.4,329.0,4,0,0.0
SES-104065,2024-10-20,Android,Asia-Pacific,Organic Search,v2.4,273.0,4,0,0.0
SES-104066,2024-10-20,iOS,Latin America,Organic Search,v2.4,488.5,1,0,0.0
SES-104067,2024-10-20,Android,Europe,Organic Search,v2.4,285.1,2,0,0.0
SES-104068,2024-10-20,iOS,Asia-Pacific,Paid Search,v2.4,503.4,1,0,0.0
SES-104069,2024-10-20,iOS,Europe,Organic Search,v2.4,2843.4,3,0,0.0
SES-104070,2024-10-20,Desktop,North America,Organic Search,v2.4,334.2,1,0,0.0
SES-104071,2024-10-20,Desktop,Europe,Paid Search,v2.4,349.6,4,0,0.0
SES-104072,2024-10-20,Android,Europe,Organic Search,v2.4,258.9,2,0,0.0
SES-104073,2024-10-20,Android,Latin America,Paid Search,v2.4,346.4,2,0,0.0
SES-104074,2024-10-20,iOS,Europe,Paid Search,v2.4,2411.0,1,0,0.0
SES-104075,2024-10-20,Android,North America,Paid Search,v2.4,338.1,2,0,0.0
SES-104076,2024-10-20,Desktop,North America,Social Media,v2.4,306.8,1,0,0.0
SES-104077,2024-10-20,Desktop,Europe,Organic Search,v2.4,268.0,1,0,0.0
SES-104078,2024-10-20,Android,Europe,Organic Search,v2.4,331.2,1,0,0.0
SES-104079,2024-10-20,iOS,North America,Social Media,v2.4,507.6,2,0,0.0
SES-104080,2024-10-20,iOS,Europe,Paid Search,v2.4,2216.8,2,0,0.0
SES-104081,2024-10-20,Android,Asia-Pacific,Direct,v2.4,354.1,4,0,0.0
SES-104082,2024-10-20,iOS,Latin America,Organic Search,v2.4,490.9,1,0,0.0
SES-104083,2024-10-20,Desktop,Europe,Direct,v2.4,328.0,2,0,0.0
SES-104084,2024-10-20,iOS,Europe,Social Media,v2.4,2329.1,2,0,0.0
SES-104085,2024-10-20,iOS,North America,Paid Search,v2.4,467.8,1,1,88.1
SES-104086,2024-10-20,iOS,Asia-Pacific,Organic Search,v2.4,455.6,2,0,0.0
SES-104087,2024-10-20,Desktop,Europe,Social Media,v2.4,356.0,1,0,0.0
SES-104088,2024-10-20,iOS,Europe,Direct,v2.4,1994.8,4,0,0.0
SES-104089,2024-10-20,Android,North America,Direct,v2.4,330.8,3,0,0.0
SES-104090,2024-10-20,Android,Latin America,Organic Search,v2.4,283.1,1,0,0.0
SES-104091,2024-10-20,iOS,North America,Direct,v2.4,482.3,3,0,0.0
SES-104092,2024-10-20,Android,North America,Organic Search,v2.4,285.7,1,0,0.0
SES-104093,2024-10-20,Android,Latin America,Organic Search,v2.4,299.8,4,0,0.0
SES-104094,2024-10-20,Android,North America,Paid Search,v2.4,354.2,3,0,0.0
SES-104095,2024-10-20,Desktop,Asia-Pacific,Organic Search,v2.4,377.7,1,0,0.0
SES-104096,2024-10-20,iOS,North America,Direct,v2.4,386.5,2,0,0.0
SES-104097,2024-10-20,iOS,Latin America,Paid Search,v2.4,509.5,4,0,0.0
SES-104098,2024-10-20,Desktop,North America,Organic Search,v2.4,254.2,2,0,0.0
SES-104099,2024-10-20,iOS,Asia-Pacific,Direct,v2.4,590.4,1,0,0.0
SES-104100,2024-10-20,Android,North America,Social Media,v2.4,344.0,1,0,0.0
SES-104101,2024-10-20,Desktop,Asia-Pacific,Organic Search,v2.4,294.6,2,0,0.0
SES-104102,2024-10-20,iOS,Europe,Paid Search,v2.4,2844.8,5,0,0.0
SES-104103,2024-10-20,Android,Europe,Organic Search,v2.4,367.1,5,0,0.0
SES-104104,2024-10-20,iOS,Asia-Pacific,Paid Search,v2.4,457.9,1,0,0.0
SES-104105,2024-10-20,iOS,Europe,Organic Search,v2.4,2210.6,1,0,0.0
SES-104106,2024-10-20,iOS,North America,Paid Search,v2.4,480.3,2,0,0.0
SES-104107,2024-10-20,Desktop,Europe,Organic Search,v2.4,265.3,1,0,0.0
SES-104108,2024-10-20,iOS,Asia-Pacific,Social Media,v2.4,455.0,1,0,0.0
SES-104109,2024-10-20,Android,Europe,Paid Search,v2.4,366.7,5,0,0.0
SES-104110,2024-10-20,Desktop,Asia-Pacific,Paid Search,v2.4,306.8,4,0,0.0
SES-104111,2024-10-20,Android,North America,Paid Search,v2.4,228.6,1,0,0.0
SES-104112,2024-10-20,Android,Europe,Paid Search,v2.4,356.3,1,0,0.0
SES-104113,2024-10-20,Android,North America,Paid Search,v2.4,225.4,2,1,109.96
SES-104114,2024-10-20,iOS,Europe,Paid Search,v2.4,2245.7,5,0,0.0
SES-104115,2024-10-20,Android,Europe,Paid Search,v2.4,327.3,2,0,0.0
SES-104116,2024-10-20,Android,North America,Organic Search,v2.4,349.1,4,0,0.0
SES-104117,2024-10-20,Desktop,Europe,Organic Search,v2.4,291.8,1,0,0.0
SES-104118,2024-10-20,Desktop,Latin America,Paid Search,v2.4,283.4,2,0,0.0
SES-104119,2024-10-20,Desktop,Europe,Direct,v2.4,344.8,1,0,0.0
SES-104120,2024-10-20,Desktop,North America,Organic Search,v2.4,337.5,2,0,0.0
SES-104121,2024-10-20,Android,North America,Organic Search,v2.4,339.4,1,1,42.58
SES-104122,2024-10-20,Android,North America,Organic Search,v2.4,299.3,3,0,0.0
SES-104123,2024-10-20,Desktop,North America,Social Media,v2.4,355.4,1,0,0.0
SES-104124,2024-10-20,iOS,North America,Direct,v2.4,482.5,1,0,0.0
SES-104125,2024-10-20,Desktop,Asia-Pacific,Paid Search,v2.4,386.9,1,0,0.0
SES-104126,2024-10-20,Android,North America,Social Media,v2.4,266.2,1,0,0.0
SES-104127,2024-10-20,Android,Europe,Paid Search,v2.4,320.8,1,0,0.0
SES-104128,2024-10-20,Android,North America,Social Media,v2.4,305.6,1,0,0.0
SES-104129,2024-10-20,Desktop,Europe,Organic Search,v2.4,315.6,3,0,0.0
SES-104130,2024-10-20,iOS,Europe,Organic Search,v2.4,2600.3,2,0,0.0
SES-104131,2024-10-20,Android,North America,Paid Search,v2.4,354.0,2,0,0.0
SES-104132,2024-10-20,Android,North America,Paid Search,v2.4,344.2,1,0,0.0
SES-104133,2024-10-20,iOS,North America,Paid Search,v2.4,476.9,3,0,0.0
SES-104134,2024-10-20,Desktop,Asia-Pacific,Organic Search,v2.4,302.9,1,1,120.23
SES-104135,2024-10-20,Android,Europe,Paid Search,v2.4,278.5,2,0,0.0
SES-104136,2024-10-20,Android,Europe,Organic Search,v2.4,388.3,2,0,0.0
SES-104137,2024-10-20,iOS,Europe,Organic Search,v2.4,2357.5,1,0,0.0
SES-104138,2024-10-20,Android,North America,Social Media,v2.4,405.4,3,0,0.0
SES-104139,2024-10-20,Android,North America,Social Media,v2.4,315.3,2,0,0.0
SES-104140,2024-10-20,Android,Europe,Social Media,v2.4,324.8,1,0,0.0
SES-104141,2024-10-20,iOS,Asia-Pacific,Direct,v2.4,498.0,1,0,0.0
SES-104142,2024-10-20,Desktop,North America,Direct,v2.4,272.8,1,0,0.0
SES-104143,2024-10-20,Android,North America,Paid Search,v2.4,427.9,2,0,0.0
SES-104144,2024-10-20,Android,North America,Organic Search,v2.4,378.3,4,0,0.0
SES-104145,2024-10-20,Android,North America,Organic Search,v2.4,386.4,1,0,0.0
SES-104146,2024-10-20,iOS,North America,Organic Search,v2.4,485.4,3,0,0.0
SES-104147,2024-10-20,Android,Europe,Social Media,v2.4,388.1,1,0,0.0
SES-104148,2024-10-20,Android,Europe,Organic Search,v2.4,293.1,1,0,0.0
SES-104149,2024-10-20,Android,Europe,Social Media,v2.4,354.8,1,1,23.15
SES-104150,2024-10-20,Android,North America,Paid Search,v2.4,366.6,1,1,18.02
SES-104151,2024-10-20,Android,Asia-Pacific,Direct,v2.4,258.9,1,0,0.0
SES-104152,2024-10-20,iOS,North America,Organic Search,v2.4,537.6,1,0,0.0
SES-104153,2024-10-20,Android,Europe,Organic Search,v2.4,307.3,2,1,100.44
SES-104154,2024-10-20,iOS,Asia-Pacific,Social Media,v2.4,443.8,1,0,0.0
SES-104155,2024-10-20,iOS,Asia-Pacific,Organic Search,v2.4,393.7,1,0,0.0
SES-104156,2024-10-20,Desktop,Asia-Pacific,Organic Search,v2.4,319.9,1,0,0.0
SES-104157,2024-10-20,Android,North America,Organic Search,v2.4,241.8,2,0,0.0
SES-104158,2024-10-20,Android,Asia-Pacific,Organic Search,v2.4,384.6,5,0,0.0
SES-104159,2024-10-20,Android,Europe,Organic Search,v2.4,254.5,2,0,0.0
SES-104160,2024-10-20,Desktop,Europe,Paid Search,v2.4,223.1,5,0,0.0
SES-104161,2024-10-20,Android,Europe,Paid Search,v2.4,282.2,1,0,0.0
SES-104162,2024-10-20,Desktop,Asia-Pacific,Paid Search,v2.4,318.2,1,0,0.0
SES-104163,2024-10-20,iOS,Europe,Organic Search,v2.4,2196.1,1,0,0.0
SES-104164,2024-10-20,Desktop,North America,Direct,v2.4,284.3,5,0,0.0
SES-104165,2024-10-20,Desktop,North America,Direct,v2.4,331.8,4,0,0.0
SES-104166,2024-10-20,Desktop,Europe,Organic Search,v2.4,355.0,2,0,0.0
SES-104167,2024-10-20,iOS,Asia-Pacific,Paid Search,v2.4,559.3,1,0,0.0
SES-104168,2024-10-20,iOS,Europe,Organic Search,v2.4,2418.8,4,0,0.0
SES-104169,2024-10-20,iOS,North America,Direct,v2.4,565.9,1,0,0.0
SES-104170,2024-10-20,iOS,Asia-Pacific,Direct,v2.4,449.2,3,0,0.0
SES-104171,2024-10-20,Desktop,Europe,Social Media,v2.4,358.3,2,0,0.0
SES-104172,2024-10-20,iOS,North America,Organic Search,v2.4,616.9,1,0,0.0
SES-104173,2024-10-20,iOS,Asia-Pacific,Paid Search,v2.4,534.0,2,0,0.0
SES-104174,2024-10-20,iOS,Latin America,Organic Search,v2.4,369.8,1,0,0.0
SES-104175,2024-10-20,iOS,Asia-Pacific,Paid Search,v2.4,397.8,2,0,0.0
SES-104176,2024-10-20,iOS,Europe,Paid Search,v2.4,2053.4,4,0,0.0
SES-104177,2024-10-20,Desktop,North America,Organic Search,v2.4,302.1,1,0,0.0
SES-104178,2024-10-20,Android,Europe,Direct,v2.4,279.5,5,0,0.0
SES-104179,2024-10-20,iOS,Europe,Paid Search,v2.4,2653.6,3,0,0.0
SES-104180,2024-10-20,Android,Europe,Direct,v2.4,356.1,2,0,0.0
SES-104181,2024-10-20,Android,Europe,Organic Search,v2.4,308.0,1,0,0.0
SES-104182,2024-10-20,iOS,Asia-Pacific,Social Media,v2.4,496.9,1,0,0.0
SES-104183,2024-10-20,Android,Europe,Social Media,v2.4,355.0,1,0,0.0
SES-104184,2024-10-20,Android,North America,Social Media,v2.4,281.5,2,0,0.0
SES-104185,2024-10-20,Android,North America,Direct,v2.4,387.6,4,0,0.0
SES-104186,2024-10-20,Android,North America,Direct,v2.4,300.6,1,0,0.0
SES-104187,2024-10-20,iOS,Latin America,Paid Search,v2.4,433.7,2,0,0.0
SES-104188,2024-10-20,Desktop,Europe,Organic Search,v2.4,422.0,1,0,0.0
SES-104189,2024-10-20,Desktop,North America,Direct,v2.4,328.4,5,0,0.0
SES-104190,2024-10-20,Desktop,North America,Direct,v2.4,375.1,2,0,0.0
SES-104191,2024-10-20,iOS,Europe,Social Media,v2.4,2580.7,3,0,0.0
SES-104192,2024-10-20,Desktop,North America,Paid Search,v2.4,318.2,2,0,0.0
SES-104193,2024-10-21,Desktop,Asia-Pacific,Organic Search,v2.4,248.0,4,0,0.0
SES-104194,2024-10-21,Desktop,Europe,Direct,v2.4,389.9,1,0,0.0
SES-104195,2024-10-21,iOS,Europe,Social Media,v2.4,2798.0,1,0,0.0
SES-104196,2024-10-21,Android,Europe,Organic Search,v2.4,266.3,2,0,0.0
SES-104197,2024-10-21,Desktop,Asia-Pacific,Organic Search,v2.4,267.8,1,0,0.0
SES-104198,2024-10-21,Android,Asia-Pacific,Paid Search,v2.4,349.5,2,0,0.0
SES-104199,2024-10-21,Android,North America,Organic Search,v2.4,308.6,3,0,0.0
SES-104200,2024-10-21,Desktop,North America,Organic Search,v2.4,295.4,2,0,0.0
SES-104201,2024-10-21,Android,Asia-Pacific,Organic Search,v2.4,304.1,3,0,0.0
SES-104202,2024-10-21,Android,Asia-Pacific,Social Media,v2.4,290.6,2,0,0.0
SES-104203,2024-10-21,Android,Asia-Pacific,Organic Search,v2.4,328.3,5,0,0.0
SES-104204,2024-10-21,Desktop,Asia-Pacific,Paid Search,v2.4,323.1,3,0,0.0
SES-104205,2024-10-21,iOS,North America,Direct,v2.4,511.5,1,0,0.0
SES-104206,2024-10-21,Android,North America,Social Media,v2.4,269.9,3,0,0.0
SES-104207,2024-10-21,Android,Asia-Pacific,Social Media,v2.4,214.3,2,0,0.0
SES-104208,2024-10-21,Desktop,Latin America,Paid Search,v2.4,287.1,1,0,0.0
SES-104209,2024-10-21,Android,Europe,Social Media,v2.4,288.3,1,0,0.0
SES-104210,2024-10-21,Desktop,Europe,Organic Search,v2.4,333.0,2,0,0.0
SES-104211,2024-10-21,Desktop,Latin America,Direct,v2.4,265.8,3,0,0.0
SES-104212,2024-10-21,iOS,Europe,Paid Search,v2.4,1996.7,1,0,0.0
SES-104213,2024-10-21,Android,Asia-Pacific,Organic Search,v2.4,407.4,4,0,0.0
SES-104214,2024-10-21,iOS,North America,Paid Search,v2.4,444.0,1,0,0.0
SES-104215,2024-10-21,iOS,Europe,Organic Search,v2.4,2170.1,4,0,0.0
SES-104216,2024-10-21,Android,Europe,Social Media,v2.4,388.9,2,0,0.0
SES-104217,2024-10-21,Desktop,Europe,Paid Search,v2.4,261.6,1,0,0.0
SES-104218,2024-10-21,Desktop,Europe,Paid Search,v2.4,337.4,3,0,0.0
SES-104219,2024-10-21,iOS,North America,Organic Search,v2.4,449.2,2,0,0.0
SES-104220,2024-10-21,iOS,Asia-Pacific,Organic Search,v2.4,547.3,2,0,0.0
SES-104221,2024-10-21,Android,Latin America,Social Media,v2.4,329.1,1,0,0.0
SES-104222,2024-10-21,Android,North America,Direct,v2.4,317.3,5,0,0.0
SES-104223,2024-10-21,iOS,North America,Social Media,v2.4,580.9,1,0,0.0
SES-104224,2024-10-21,Desktop,North America,Organic Search,v2.4,317.7,2,0,0.0
SES-104225,2024-10-21,Desktop,North America,Organic Search,v2.4,256.4,3,0,0.0
SES-104226,2024-10-21,Android,North America,Paid Search,v2.4,365.9,1,0,0.0
SES-104227,2024-10-21,Desktop,Europe,Paid Search,v2.4,312.8,1,0,0.0
SES-104228,2024-10-21,iOS,Europe,Organic Search,v2.4,2161.1,4,0,0.0
SES-104229,2024-10-21,Android,Europe,Direct,v2.4,268.5,1,0,0.0
SES-104230,2024-10-21,Android,Europe,Paid Search,v2.4,315.1,1,0,0.0
SES-104231,2024-10-21,iOS,Asia-Pacific,Organic Search,v2.4,621.8,3,0,0.0
SES-104232,2024-10-21,Desktop,Europe,Organic Search,v2.4,317.7,4,0,0.0
SES-104233,2024-10-21,Android,Asia-Pacific,Paid Search,v2.4,389.3,1,0,0.0
SES-104234,2024-10-21,Android,Latin America,Direct,v2.4,254.8,2,0,0.0
SES-104235,2024-10-21,iOS,Latin America,Paid Search,v2.4,618.2,1,0,0.0
SES-104236,2024-10-21,iOS,Latin America,Paid Search,v2.4,465.6,1,0,0.0
SES-104237,2024-10-21,iOS,Europe,Organic Search,v2.4,2061.3,3,0,0.0
SES-104238,2024-10-21,Android,North America,Social Media,v2.4,344.8,2,0,0.0
SES-104239,2024-10-21,Android,Europe,Social Media,v2.4,329.2,1,0,0.0
SES-104240,2024-10-21,iOS,Asia-Pacific,Direct,v2.4,468.4,3,0,0.0
SES-104241,2024-10-21,Android,Asia-Pacific,Organic Search,v2.4,394.8,1,0,0.0
SES-104242,2024-10-21,Android,Asia-Pacific,Paid Search,v2.4,313.0,1,0,0.0
SES-104243,2024-10-21,Android,North America,Paid Search,v2.4,312.6,1,0,0.0
SES-104244,2024-10-21,Android,Asia-Pacific,Social Media,v2.4,316.9,3,0,0.0
SES-104245,2024-10-21,Desktop,Europe,Social Media,v2.4,370.1,1,0,0.0
SES-104246,2024-10-21,Android,Europe,Social Media,v2.4,293.4,3,0,0.0
SES-104247,2024-10-21,Android,Asia-Pacific,Organic Search,v2.4,302.0,1,0,0.0
SES-104248,2024-10-21,iOS,North America,Social Media,v2.4,525.7,1,0,0.0
SES-104249,2024-10-21,iOS,Latin America,Paid Search,v2.4,635.4,1,0,0.0
SES-104250,2024-10-21,iOS,Europe,Direct,v2.4,2226.6,2,0,0.0
SES-104251,2024-10-21,Android,Asia-Pacific,Paid Search,v2.4,285.6,3,0,0.0
SES-104252,2024-10-21,iOS,North America,Organic Search,v2.4,541.5,2,0,0.0
SES-104253,2024-10-21,iOS,Asia-Pacific,Paid Search,v2.4,493.1,1,0,0.0
SES-104254,2024-10-21,Desktop,Asia-Pacific,Organic Search,v2.4,298.6,3,0,0.0
SES-104255,2024-10-21,iOS,Latin America,Paid Search,v2.4,405.0,3,0,0.0
SES-104256,2024-10-21,iOS,Europe,Social Media,v2.4,2928.7,4,0,0.0
SES-104257,2024-10-21,iOS,Latin America,Organic Search,v2.4,612.8,2,0,0.0
SES-104258,2024-10-21,Desktop,Europe,Organic Search,v2.4,344.1,2,0,0.0
SES-104259,2024-10-21,iOS,Europe,Organic Search,v2.4,2802.8,1,0,0.0
SES-104260,2024-10-21,Android,North America,Paid Search,v2.4,335.9,4,0,0.0
SES-104261,2024-10-21,Android,Asia-Pacific,Social Media,v2.4,286.8,2,0,0.0
SES-104262,2024-10-21,Android,North America,Organic Search,v2.4,269.2,2,0,0.0
SES-104263,2024-10-21,Android,Asia-Pacific,Organic Search,v2.4,344.7,1,0,0.0
SES-104264,2024-10-21,Desktop,Asia-Pacific,Social Media,v2.4,302.4,3,0,0.0
SES-104265,2024-10-21,iOS,Europe,Social Media,v2.4,3003.5,3,0,0.0
SES-104266,2024-10-21,iOS,Latin America,Organic Search,v2.4,421.0,1,0,0.0
SES-104267,2024-10-21,iOS,Europe,Direct,v2.4,2339.2,1,0,0.0
SES-104268,2024-10-21,iOS,Asia-Pacific,Direct,v2.4,613.0,2,0,0.0
SES-104269,2024-10-21,iOS,Europe,Direct,v2.4,1948.7,1,0,0.0
SES-104270,2024-10-21,iOS,North America,Paid Search,v2.4,652.5,1,0,0.0
SES-104271,2024-10-21,Android,North America,Social Media,v2.4,322.5,2,0,0.0
SES-104272,2024-10-21,Android,Europe,Organic Search,v2.4,199.5,2,0,0.0
SES-104273,2024-10-21,iOS,North America,Organic Search,v2.4,369.2,2,0,0.0
SES-104274,2024-10-21,Android,Europe,Paid Search,v2.4,381.0,1,0,0.0
SES-104275,2024-10-21,iOS,Europe,Paid Search,v2.4,2660.3,1,0,0.0
SES-104276,2024-10-21,iOS,Europe,Social Media,v2.4,2220.9,3,0,0.0
SES-104277,2024-10-21,Android,North America,Paid Search,v2.4,342.4,1,0,0.0
SES-104278,2024-10-21,iOS,Asia-Pacific,Organic Search,v2.4,566.7,1,0,0.0
SES-104279,2024-10-21,iOS,North America,Paid Search,v2.4,457.1,2,0,0.0
SES-104280,2024-10-21,Android,Asia-Pacific,Paid Search,v2.4,322.6,1,0,0.0
SES-104281,2024-10-21,Desktop,North America,Social Media,v2.4,312.2,1,0,0.0
SES-104282,2024-10-21,Android,North America,Paid Search,v2.4,324.2,1,0,0.0
SES-104283,2024-10-21,iOS,North America,Paid Search,v2.4,412.3,3,0,0.0
SES-104284,2024-10-21,Desktop,North America,Direct,v2.4,313.8,2,0,0.0
SES-104285,2024-10-21,Android,North America,Direct,v2.4,243.5,2,0,0.0
SES-104286,2024-10-21,Android,Europe,Paid Search,v2.4,321.4,1,0,0.0
SES-104287,2024-10-21,Desktop,Asia-Pacific,Organic Search,v2.4,356.1,1,0,0.0
SES-104288,2024-10-21,Android,Asia-Pacific,Social Media,v2.4,325.2,2,0,0.0
SES-104289,2024-10-21,iOS,Europe,Direct,v2.4,2743.4,1,0,0.0
SES-104290,2024-10-21,Android,Asia-Pacific,Direct,v2.4,325.7,3,1,47.81
SES-104291,2024-10-21,Android,Europe,Social Media,v2.4,361.2,1,0,0.0
SES-104292,2024-10-21,Android,Europe,Direct,v2.4,322.2,1,0,0.0
SES-104293,2024-10-21,Android,Europe,Direct,v2.4,321.0,1,0,0.0
SES-104294,2024-10-21,Desktop,Asia-Pacific,Social Media,v2.4,389.6,5,0,0.0
SES-104295,2024-10-21,Desktop,Asia-Pacific,Organic Search,v2.4,296.3,1,0,0.0
SES-104296,2024-10-21,Desktop,Asia-Pacific,Paid Search,v2.4,329.1,1,1,107.55
SES-104297,2024-10-21,Desktop,Europe,Paid Search,v2.4,289.1,1,0,0.0
SES-104298,2024-10-21,Desktop,North America,Organic Search,v2.4,294.3,5,0,0.0
SES-104299,2024-10-21,iOS,Asia-Pacific,Direct,v2.4,440.6,4,0,0.0
SES-104300,2024-10-21,iOS,Europe,Direct,v2.4,2791.7,1,0,0.0
SES-104301,2024-10-21,Android,North America,Direct,v2.4,350.2,4,0,0.0
SES-104302,2024-10-21,Desktop,Europe,Social Media,v2.4,346.3,2,0,0.0
SES-104303,2024-10-21,Android,Europe,Organic Search,v2.4,266.7,2,0,0.0
SES-104304,2024-10-21,Android,North America,Direct,v2.4,362.6,2,0,0.0
SES-104305,2024-10-21,iOS,North America,Paid Search,v2.4,380.7,3,0,0.0
SES-104306,2024-10-21,iOS,Europe,Organic Search,v2.4,2677.8,1,0,0.0
SES-104307,2024-10-21,Android,Europe,Organic Search,v2.4,317.1,4,0,0.0
SES-104308,2024-10-21,iOS,Europe,Social Media,v2.4,2374.7,1,0,0.0
SES-104309,2024-10-21,iOS,Europe,Paid Search,v2.4,2421.3,3,0,0.0
SES-104310,2024-10-21,iOS,Europe,Direct,v2.4,2987.0,4,0,0.0
SES-104311,2024-10-21,iOS,North America,Paid Search,v2.4,652.1,1,0,0.0
SES-104312,2024-10-21,Android,North America,Organic Search,v2.4,307.1,1,0,0.0
SES-104313,2024-10-21,iOS,North America,Organic Search,v2.4,480.0,3,0,0.0
SES-104314,2024-10-21,Android,Asia-Pacific,Paid Search,v2.4,314.0,4,0,0.0
SES-104315,2024-10-21,iOS,Asia-Pacific,Social Media,v2.4,539.3,3,0,0.0
SES-104316,2024-10-21,Desktop,Europe,Organic Search,v2.4,355.6,3,1,60.44
SES-104317,2024-10-21,iOS,Europe,Social Media,v2.4,1990.4,2,0,0.0
SES-104318,2024-10-21,Android,Asia-Pacific,Social Media,v2.4,327.9,1,0,0.0
SES-104319,2024-10-21,Android,Europe,Social Media,v2.4,342.0,2,0,0.0
SES-104320,2024-10-21,iOS,Europe,Paid Search,v2.4,2678.2,1,0,0.0
SES-104321,2024-10-21,Desktop,Europe,Social Media,v2.4,411.8,3,0,0.0
SES-104322,2024-10-21,Android,North America,Paid Search,v2.4,364.9,2,0,0.0
SES-104323,2024-10-21,Android,North America,Organic Search,v2.4,360.2,1,0,0.0
SES-104324,2024-10-21,iOS,Latin America,Organic Search,v2.4,549.6,1,0,0.0
SES-104325,2024-10-21,Desktop,Asia-Pacific,Social Media,v2.4,310.8,1,0,0.0
SES-104326,2024-10-21,Desktop,North America,Organic Search,v2.4,354.2,3,0,0.0
SES-104327,2024-10-21,iOS,North America,Paid Search,v2.4,511.8,3,0,0.0
SES-104328,2024-10-21,iOS,Europe,Organic Search,v2.4,2457.8,2,0,0.0
SES-104329,2024-10-21,Desktop,Europe,Organic Search,v2.4,338.6,1,0,0.0
SES-104330,2024-10-21,Android,Europe,Organic Search,v2.4,348.9,1,0,0.0
SES-104331,2024-10-21,Desktop,Europe,Social Media,v2.4,392.4,2,0,0.0
SES-104332,2024-10-21,Android,Europe,Paid Search,v2.4,240.5,1,0,0.0
SES-104333,2024-10-21,Android,Europe,Social Media,v2.4,362.3,5,0,0.0
SES-104334,2024-10-21,iOS,Europe,Direct,v2.4,2600.7,2,0,0.0
SES-104335,2024-10-21,iOS,Latin America,Social Media,v2.4,409.4,3,0,0.0
SES-104336,2024-10-21,Android,North America,Paid Search,v2.4,279.0,3,0,0.0
SES-104337,2024-10-21,Desktop,Latin America,Paid Search,v2.4,310.5,1,0,0.0
SES-104338,2024-10-21,iOS,North America,Paid Search,v2.4,524.8,1,0,0.0
SES-104339,2024-10-21,Android,North America,Paid Search,v2.4,348.9,1,0,0.0
SES-104340,2024-10-21,Android,Europe,Direct,v2.4,250.0,1,0,0.0
SES-104341,2024-10-21,Android,Europe,Paid Search,v2.4,300.9,2,0,0.0
SES-104342,2024-10-21,Desktop,Europe,Direct,v2.4,329.1,1,0,0.0
SES-104343,2024-10-21,Desktop,Latin America,Direct,v2.4,275.8,1,0,0.0
SES-104344,2024-10-21,iOS,Latin America,Organic Search,v2.4,426.3,3,0,0.0
SES-104345,2024-10-21,Desktop,Europe,Direct,v2.4,300.6,1,0,0.0
SES-104346,2024-10-21,Desktop,Europe,Organic Search,v2.4,363.8,2,0,0.0
SES-104347,2024-10-21,Desktop,North America,Paid Search,v2.4,399.1,2,0,0.0
SES-104348,2024-10-21,Android,Europe,Direct,v2.4,318.7,1,0,0.0
SES-104349,2024-10-21,Desktop,North America,Social Media,v2.4,357.8,3,0,0.0
SES-104350,2024-10-21,iOS,Europe,Organic Search,v2.4,2119.5,3,0,0.0
SES-104351,2024-10-21,iOS,North America,Organic Search,v2.4,653.7,4,0,0.0
SES-104352,2024-10-21,Desktop,Europe,Organic Search,v2.4,373.9,1,1,47.54
SES-104353,2024-10-21,iOS,North America,Paid Search,v2.4,572.0,1,1,40.72
SES-104354,2024-10-21,iOS,Europe,Direct,v2.4,2285.8,5,0,0.0
SES-104355,2024-10-21,Desktop,North America,Direct,v2.4,384.5,4,0,0.0
SES-104356,2024-10-21,Desktop,Latin America,Direct,v2.4,284.3,2,0,0.0
SES-104357,2024-10-21,iOS,Europe,Social Media,v2.4,1922.0,2,0,0.0
SES-104358,2024-10-21,Desktop,Asia-Pacific,Organic Search,v2.4,342.7,2,1,43.68
SES-104359,2024-10-21,Android,Asia-Pacific,Organic Search,v2.4,354.6,5,0,0.0
SES-104360,2024-10-21,Android,Latin America,Organic Search,v2.4,343.7,4,0,0.0
SES-104361,2024-10-21,Desktop,Asia-Pacific,Social Media,v2.4,312.5,1,0,0.0
SES-104362,2024-10-21,Android,North America,Direct,v2.4,322.0,2,0,0.0
SES-104363,2024-10-21,iOS,Asia-Pacific,Direct,v2.4,476.8,1,0,0.0
SES-104364,2024-10-21,iOS,Europe,Organic Search,v2.4,2038.4,4,0,0.0
SES-104365,2024-10-21,Android,North America,Paid Search,v2.4,342.4,3,0,0.0
SES-104366,2024-10-21,Android,Latin America,Social Media,v2.4,309.7,1,0,0.0
SES-104367,2024-10-21,Desktop,Asia-Pacific,Organic Search,v2.4,389.0,1,0,0.0
SES-104368,2024-10-21,Desktop,Latin America,Direct,v2.4,304.2,2,0,0.0
SES-104369,2024-10-21,Android,Asia-Pacific,Organic Search,v2.4,270.5,3,0,0.0
SES-104370,2024-10-21,Desktop,Asia-Pacific,Organic Search,v2.4,357.6,2,0,0.0
SES-104371,2024-10-21,iOS,Asia-Pacific,Direct,v2.4,508.2,1,0,0.0
SES-104372,2024-10-21,iOS,Asia-Pacific,Organic Search,v2.4,436.7,3,0,0.0
SES-104373,2024-10-21,Desktop,North America,Direct,v2.4,286.0,1,0,0.0
SES-104374,2024-10-21,iOS,Latin America,Direct,v2.4,457.0,4,0,0.0
SES-104375,2024-10-21,iOS,Asia-Pacific,Paid Search,v2.4,414.9,1,0,0.0
SES-104376,2024-10-21,Android,Asia-Pacific,Direct,v2.4,354.5,1,0,0.0
SES-104377,2024-10-21,Android,North America,Paid Search,v2.4,328.3,4,0,0.0
SES-104378,2024-10-21,Desktop,Europe,Organic Search,v2.4,317.9,3,0,0.0
SES-104379,2024-10-21,iOS,Europe,Direct,v2.4,1899.9,1,0,0.0
SES-104380,2024-10-21,iOS,Latin America,Paid Search,v2.4,541.4,1,0,0.0
SES-104381,2024-10-21,iOS,North America,Organic Search,v2.4,470.7,3,0,0.0
SES-104382,2024-10-21,Android,Europe,Social Media,v2.4,225.0,2,0,0.0
SES-104383,2024-10-21,iOS,Europe,Paid Search,v2.4,2760.8,2,0,0.0
SES-104384,2024-10-21,Android,Asia-Pacific,Social Media,v2.4,312.3,2,0,0.0
SES-104385,2024-10-21,Desktop,Asia-Pacific,Social Media,v2.4,303.6,3,0,0.0
SES-104386,2024-10-21,Desktop,Asia-Pacific,Paid Search,v2.4,361.2,2,0,0.0
SES-104387,2024-10-21,iOS,North America,Paid Search,v2.4,449.2,2,0,0.0
SES-104388,2024-10-21,Android,North America,Paid Search,v2.4,358.1,2,0,0.0
SES-104389,2024-10-21,Android,Europe,Paid Search,v2.4,279.3,2,0,0.0
SES-104390,2024-10-21,Desktop,Europe,Social Media,v2.4,251.6,2,0,0.0
SES-104391,2024-10-21,Desktop,Asia-Pacific,Direct,v2.4,354.5,1,0,0.0
SES-104392,2024-10-22,iOS,Europe,Organic Search,v2.4,2070.0,1,0,0.0
SES-104393,2024-10-22,Android,North America,Paid Search,v2.4,296.3,2,0,0.0
SES-104394,2024-10-22,iOS,North America,Social Media,v2.4,350.8,1,0,0.0
SES-104395,2024-10-22,iOS,North America,Paid Search,v2.4,475.4,1,0,0.0
SES-104396,2024-10-22,iOS,Latin America,Direct,v2.4,348.6,2,0,0.0
SES-104397,2024-10-22,Android,Europe,Direct,v2.4,306.9,4,0,0.0
SES-104398,2024-10-22,Android,Asia-Pacific,Paid Search,v2.4,317.9,5,0,0.0
SES-104399,2024-10-22,iOS,Europe,Paid Search,v2.4,2280.1,1,0,0.0
SES-104400,2024-10-22,Android,Europe,Direct,v2.4,315.9,1,0,0.0
SES-104401,2024-10-22,iOS,North America,Paid Search,v2.4,529.5,1,0,0.0
SES-104402,2024-10-22,Android,Europe,Paid Search,v2.4,359.7,1,0,0.0
SES-104403,2024-10-22,iOS,Asia-Pacific,Direct,v2.4,509.4,4,0,0.0
SES-104404,2024-10-22,iOS,North America,Direct,v2.4,400.3,3,0,0.0
SES-104405,2024-10-22,Android,Europe,Organic Search,v2.4,301.5,3,1,30.25
SES-104406,2024-10-22,iOS,Europe,Organic Search,v2.4,1917.1,3,0,0.0
SES-104407,2024-10-22,Android,North America,Organic Search,v2.4,368.8,1,0,0.0
SES-104408,2024-10-22,iOS,Asia-Pacific,Paid Search,v2.4,493.0,4,0,0.0
SES-104409,2024-10-22,Android,North America,Organic Search,v2.4,373.3,1,0,0.0
SES-104410,2024-10-22,iOS,North America,Paid Search,v2.4,534.3,1,0,0.0
SES-104411,2024-10-22,Android,Asia-Pacific,Organic Search,v2.4,367.0,2,0,0.0
SES-104412,2024-10-22,Desktop,North America,Paid Search,v2.4,268.9,1,0,0.0
SES-104413,2024-10-22,iOS,Europe,Paid Search,v2.4,2575.1,2,0,0.0
SES-104414,2024-10-22,Android,North America,Paid Search,v2.4,258.4,1,0,0.0
SES-104415,2024-10-22,iOS,North America,Paid Search,v2.4,422.7,3,0,0.0
SES-104416,2024-10-22,Android,Asia-Pacific,Organic Search,v2.4,337.1,1,0,0.0
SES-104417,2024-10-22,iOS,North America,Social Media,v2.4,552.7,1,0,0.0
SES-104418,2024-10-22,Android,Latin America,Organic Search,v2.4,359.6,3,0,0.0
SES-104419,2024-10-22,Android,Europe,Direct,v2.4,276.9,2,0,0.0
SES-104420,2024-10-22,Desktop,Latin America,Social Media,v2.4,347.0,1,1,68.42
SES-104421,2024-10-22,Android,North America,Paid Search,v2.4,330.7,1,0,0.0
SES-104422,2024-10-22,Android,North America,Social Media,v2.4,363.4,1,0,0.0
SES-104423,2024-10-22,Android,Europe,Organic Search,v2.4,368.3,2,0,0.0
SES-104424,2024-10-22,Desktop,North America,Paid Search,v2.4,287.3,4,0,0.0
SES-104425,2024-10-22,Desktop,Asia-Pacific,Paid Search,v2.4,281.3,1,0,0.0
SES-104426,2024-10-22,iOS,Asia-Pacific,Organic Search,v2.4,504.7,1,0,0.0
SES-104427,2024-10-22,Desktop,Europe,Paid Search,v2.4,281.7,2,0,0.0
SES-104428,2024-10-22,Android,North America,Paid Search,v2.4,343.5,1,0,0.0
SES-104429,2024-10-22,Desktop,Europe,Direct,v2.4,260.8,4,0,0.0
SES-104430,2024-10-22,Desktop,Latin America,Social Media,v2.4,363.0,4,0,0.0
SES-104431,2024-10-22,iOS,Asia-Pacific,Organic Search,v2.4,561.7,1,0,0.0
SES-104432,2024-10-22,Android,Europe,Organic Search,v2.4,304.0,2,0,0.0
SES-104433,2024-10-22,iOS,Asia-Pacific,Paid Search,v2.4,381.6,1,0,0.0
SES-104434,2024-10-22,iOS,Latin America,Paid Search,v2.4,613.8,1,0,0.0
SES-104435,2024-10-22,iOS,North America,Direct,v2.4,522.5,1,0,0.0
SES-104436,2024-10-22,Android,Asia-Pacific,Paid Search,v2.4,342.7,1,0,0.0
SES-104437,2024-10-22,iOS,North America,Organic Search,v2.4,452.7,2,0,0.0
SES-104438,2024-10-22,iOS,North America,Direct,v2.4,411.6,3,0,0.0
SES-104439,2024-10-22,Android,Europe,Social Media,v2.4,268.0,5,0,0.0
SES-104440,2024-10-22,iOS,Europe,Paid Search,v2.4,2212.1,1,0,0.0
SES-104441,2024-10-22,iOS,North America,Paid Search,v2.4,514.0,3,0,0.0
SES-104442,2024-10-22,iOS,Europe,Organic Search,v2.4,2690.2,2,0,0.0
SES-104443,2024-10-22,iOS,Asia-Pacific,Organic Search,v2.4,493.2,1,0,0.0
SES-104444,2024-10-22,Android,Europe,Organic Search,v2.4,228.4,3,0,0.0
SES-104445,2024-10-22,iOS,North America,Paid Search,v2.4,611.9,1,0,0.0
SES-104446,2024-10-22,Desktop,Asia-Pacific,Social Media,v2.4,313.8,2,0,0.0
SES-104447,2024-10-22,Android,North America,Paid Search,v2.4,278.0,2,0,0.0
SES-104448,2024-10-22,iOS,North America,Organic Search,v2.4,540.7,1,0,0.0
SES-104449,2024-10-22,iOS,Latin America,Organic Search,v2.4,473.4,1,0,0.0
SES-104450,2024-10-22,Android,Asia-Pacific,Paid Search,v2.4,320.0,2,1,40.07
SES-104451,2024-10-22,Android,Europe,Paid Search,v2.4,291.9,1,0,0.0
SES-104452,2024-10-22,iOS,North America,Paid Search,v2.4,466.2,2,0,0.0
SES-104453,2024-10-22,iOS,Latin America,Paid Search,v2.4,469.5,1,0,0.0
SES-104454,2024-10-22,Desktop,North America,Paid Search,v2.4,320.0,1,0,0.0
SES-104455,2024-10-22,iOS,North America,Organic Search,v2.4,565.3,1,0,0.0
SES-104456,2024-10-22,iOS,Europe,Organic Search,v2.4,2493.8,1,0,0.0
SES-104457,2024-10-22,Desktop,Europe,Organic Search,v2.4,302.1,3,0,0.0
SES-104458,2024-10-22,Android,Asia-Pacific,Organic Search,v2.4,362.2,2,0,0.0
SES-104459,2024-10-22,iOS,Asia-Pacific,Organic Search,v2.4,508.6,2,0,0.0
SES-104460,2024-10-22,Android,Latin America,Organic Search,v2.4,288.1,3,0,0.0
SES-104461,2024-10-22,iOS,Asia-Pacific,Direct,v2.4,509.8,1,1,83.67
SES-104462,2024-10-22,Android,Europe,Direct,v2.4,322.1,1,0,0.0
SES-104463,2024-10-22,Android,Europe,Paid Search,v2.4,302.1,1,0,0.0
SES-104464,2024-10-22,Desktop,Latin America,Social Media,v2.4,274.8,4,0,0.0
SES-104465,2024-10-22,Desktop,Europe,Organic Search,v2.4,361.6,1,0,0.0
SES-104466,2024-10-22,Desktop,Europe,Social Media,v2.4,304.9,1,1,192.05
SES-104467,2024-10-22,Desktop,Latin America,Paid Search,v2.4,429.2,3,0,0.0
SES-104468,2024-10-22,Android,North America,Paid Search,v2.4,421.3,2,0,0.0
SES-104469,2024-10-22,iOS,Europe,Paid Search,v2.4,2748.4,5,0,0.0
SES-104470,2024-10-22,Android,Asia-Pacific,Organic Search,v2.4,312.3,1,0,0.0
SES-104471,2024-10-22,Android,Latin America,Social Media,v2.4,279.0,4,0,0.0
SES-104472,2024-10-22,Desktop,Europe,Organic Search,v2.4,354.8,1,0,0.0
SES-104473,2024-10-22,iOS,Asia-Pacific,Organic Search,v2.4,440.8,3,0,0.0
SES-104474,2024-10-22,Desktop,North America,Organic Search,v2.4,311.7,2,0,0.0
SES-104475,2024-10-22,Desktop,North America,Organic Search,v2.4,371.4,1,0,0.0
SES-104476,2024-10-22,Desktop,Latin America,Organic Search,v2.4,331.2,5,0,0.0
SES-104477,2024-10-22,Desktop,Latin America,Organic Search,v2.4,327.7,4,0,0.0
SES-104478,2024-10-22,iOS,Europe,Organic Search,v2.4,2296.5,1,0,0.0
SES-104479,2024-10-22,iOS,Europe,Social Media,v2.4,2395.5,5,0,0.0
SES-104480,2024-10-22,iOS,Europe,Organic Search,v2.4,2536.0,5,0,0.0
SES-104481,2024-10-22,iOS,North America,Organic Search,v2.4,637.3,1,0,0.0
SES-104482,2024-10-22,Android,Europe,Paid Search,v2.4,243.4,1,0,0.0
SES-104483,2024-10-22,Desktop,North America,Social Media,v2.4,324.2,1,0,0.0
SES-104484,2024-10-22,Desktop,Europe,Organic Search,v2.4,317.5,4,0,0.0
SES-104485,2024-10-22,Android,North America,Organic Search,v2.4,294.2,3,0,0.0
SES-104486,2024-10-22,iOS,Europe,Social Media,v2.4,1651.5,3,0,0.0
SES-104487,2024-10-22,iOS,Asia-Pacific,Organic Search,v2.4,297.0,2,0,0.0
SES-104488,2024-10-22,iOS,Europe,Paid Search,v2.4,2660.7,2,0,0.0
SES-104489,2024-10-22,iOS,Europe,Organic Search,v2.4,2586.1,2,0,0.0
SES-104490,2024-10-22,Android,Asia-Pacific,Social Media,v2.4,333.3,2,0,0.0
SES-104491,2024-10-22,iOS,Asia-Pacific,Social Media,v2.4,364.6,1,0,0.0
SES-104492,2024-10-22,iOS,Europe,Direct,v2.4,2442.9,3,0,0.0
SES-104493,2024-10-22,iOS,Europe,Organic Search,v2.4,2092.9,1,0,0.0
SES-104494,2024-10-22,Android,Asia-Pacific,Paid Search,v2.4,361.6,1,0,0.0
SES-104495,2024-10-22,Android,North America,Organic Search,v2.4,321.1,1,0,0.0
SES-104496,2024-10-22,Android,Asia-Pacific,Social Media,v2.4,322.6,1,0,0.0
SES-104497,2024-10-22,Android,North America,Social Media,v2.4,317.5,1,0,0.0
SES-104498,2024-10-22,Desktop,Europe,Paid Search,v2.4,325.8,1,0,0.0
SES-104499,2024-10-22,iOS,North America,Direct,v2.4,480.9,2,0,0.0
SES-104500,2024-10-22,Android,Asia-Pacific,Organic Search,v2.4,383.7,1,0,0.0
SES-104501,2024-10-22,Android,Latin America,Paid Search,v2.4,320.5,1,0,0.0
SES-104502,2024-10-22,Android,Europe,Paid Search,v2.4,330.8,1,0,0.0
SES-104503,2024-10-22,Desktop,North America,Paid Search,v2.4,350.9,2,0,0.0
SES-104504,2024-10-22,iOS,Europe,Paid Search,v2.4,2733.0,1,0,0.0
SES-104505,2024-10-22,Android,North America,Organic Search,v2.4,296.2,1,0,0.0
SES-104506,2024-10-22,iOS,Asia-Pacific,Direct,v2.4,500.8,4,0,0.0
SES-104507,2024-10-22,Android,North America,Social Media,v2.4,293.5,1,0,0.0
SES-104508,2024-10-22,iOS,Latin America,Social Media,v2.4,486.4,1,0,0.0
SES-104509,2024-10-22,iOS,North America,Direct,v2.4,433.9,2,0,0.0
SES-104510,2024-10-22,Android,Latin America,Paid Search,v2.4,316.3,1,0,0.0
SES-104511,2024-10-22,Android,Asia-Pacific,Organic Search,v2.4,300.0,5,0,0.0
SES-104512,2024-10-22,iOS,Europe,Social Media,v2.4,2222.9,1,0,0.0
SES-104513,2024-10-22,Android,Europe,Paid Search,v2.4,331.8,1,0,0.0
SES-104514,2024-10-22,Android,North America,Direct,v2.4,141.5,2,0,0.0
SES-104515,2024-10-22,iOS,Europe,Direct,v2.4,2619.3,3,0,0.0
SES-104516,2024-10-22,Android,North America,Direct,v2.4,319.8,1,0,0.0
SES-104517,2024-10-22,Android,North America,Organic Search,v2.4,294.5,5,0,0.0
SES-104518,2024-10-22,Android,Latin America,Organic Search,v2.4,277.0,1,0,0.0
SES-104519,2024-10-22,iOS,North America,Direct,v2.4,548.1,3,0,0.0
SES-104520,2024-10-22,iOS,Asia-Pacific,Social Media,v2.4,590.3,3,0,0.0
SES-104521,2024-10-22,Android,Latin America,Direct,v2.4,200.0,5,0,0.0
SES-104522,2024-10-22,Desktop,Asia-Pacific,Paid Search,v2.4,344.1,1,0,0.0
SES-104523,2024-10-22,Android,Europe,Paid Search,v2.4,347.8,2,0,0.0
SES-104524,2024-10-22,iOS,North America,Direct,v2.4,469.7,1,1,43.2
SES-104525,2024-10-22,Android,Europe,Direct,v2.4,265.5,5,0,0.0
SES-104526,2024-10-22,Desktop,North America,Paid Search,v2.4,340.7,1,0,0.0
SES-104527,2024-10-22,iOS,North America,Organic Search,v2.4,417.3,1,0,0.0
SES-104528,2024-10-22,Desktop,Asia-Pacific,Social Media,v2.4,319.9,4,0,0.0
SES-104529,2024-10-22,Desktop,North America,Paid Search,v2.4,328.6,1,0,0.0
SES-104530,2024-10-22,iOS,North America,Direct,v2.4,681.5,4,0,0.0
SES-104531,2024-10-22,Desktop,Latin America,Organic Search,v2.4,325.7,1,0,0.0
SES-104532,2024-10-22,iOS,Europe,Organic Search,v2.4,2432.6,4,0,0.0
SES-104533,2024-10-22,Desktop,North America,Social Media,v2.4,306.9,4,0,0.0
SES-104534,2024-10-22,Android,Asia-Pacific,Organic Search,v2.4,325.0,1,0,0.0
SES-104535,2024-10-22,Android,Europe,Paid Search,v2.4,392.0,1,0,0.0
SES-104536,2024-10-22,Android,North America,Paid Search,v2.4,330.9,1,0,0.0
SES-104537,2024-10-22,Desktop,Europe,Direct,v2.4,379.0,2,0,0.0
SES-104538,2024-10-22,iOS,Asia-Pacific,Organic Search,v2.4,567.3,1,0,0.0
SES-104539,2024-10-22,Android,Europe,Organic Search,v2.4,377.6,1,0,0.0
SES-104540,2024-10-22,iOS,Europe,Social Media,v2.4,2505.3,4,0,0.0
SES-104541,2024-10-22,iOS,North America,Paid Search,v2.4,405.7,3,0,0.0
SES-104542,2024-10-22,iOS,Europe,Organic Search,v2.4,2071.9,3,0,0.0
SES-104543,2024-10-22,Android,Europe,Organic Search,v2.4,292.5,3,0,0.0
SES-104544,2024-10-22,iOS,North America,Social Media,v2.4,644.5,4,0,0.0
SES-104545,2024-10-22,iOS,North America,Organic Search,v2.4,506.4,4,0,0.0
SES-104546,2024-10-22,iOS,North America,Paid Search,v2.4,433.9,4,0,0.0
SES-104547,2024-10-22,iOS,North America,Paid Search,v2.4,289.5,1,1,31.15
SES-104548,2024-10-22,Android,North America,Social Media,v2.4,389.7,1,0,0.0
SES-104549,2024-10-22,Desktop,North America,Direct,v2.4,402.9,1,0,0.0
SES-104550,2024-10-22,iOS,Europe,Paid Search,v2.4,2002.4,1,0,0.0
SES-104551,2024-10-22,Desktop,Europe,Organic Search,v2.4,364.3,1,0,0.0
SES-104552,2024-10-22,Android,Asia-Pacific,Social Media,v2.4,399.1,1,0,0.0
SES-104553,2024-10-22,Android,Asia-Pacific,Paid Search,v2.4,308.7,1,0,0.0
SES-104554,2024-10-22,Android,Europe,Social Media,v2.4,277.4,2,0,0.0
SES-104555,2024-10-22,Desktop,North America,Paid Search,v2.4,357.1,1,0,0.0
SES-104556,2024-10-22,iOS,North America,Direct,v2.4,389.9,1,0,0.0
SES-104557,2024-10-22,Android,North America,Organic Search,v2.4,261.3,3,0,0.0
SES-104558,2024-10-22,Android,North America,Direct,v2.4,338.9,1,0,0.0
SES-104559,2024-10-22,Android,Europe,Organic Search,v2.4,338.8,2,0,0.0
SES-104560,2024-10-22,Desktop,Asia-Pacific,Paid Search,v2.4,319.4,1,0,0.0
SES-104561,2024-10-22,iOS,Europe,Organic Search,v2.4,2454.0,1,0,0.0
SES-104562,2024-10-22,Android,North America,Organic Search,v2.4,300.2,1,0,0.0
SES-104563,2024-10-22,Android,Asia-Pacific,Organic Search,v2.4,305.6,1,0,0.0
SES-104564,2024-10-22,iOS,North America,Organic Search,v2.4,535.6,1,0,0.0
SES-104565,2024-10-22,iOS,Europe,Social Media,v2.4,1960.0,2,0,0.0
SES-104566,2024-10-22,Android,Latin America,Paid Search,v2.4,337.1,3,0,0.0
SES-104567,2024-10-22,Desktop,Asia-Pacific,Direct,v2.4,192.2,1,0,0.0
SES-104568,2024-10-22,Android,Asia-Pacific,Organic Search,v2.4,270.3,2,0,0.0
SES-104569,2024-10-22,Desktop,North America,Paid Search,v2.4,393.1,1,0,0.0
SES-104570,2024-10-22,Android,Europe,Paid Search,v2.4,288.5,1,0,0.0
SES-104571,2024-10-22,iOS,Latin America,Social Media,v2.4,496.7,1,0,0.0
SES-104572,2024-10-22,iOS,North America,Direct,v2.4,477.5,2,0,0.0
SES-104573,2024-10-22,iOS,Asia-Pacific,Paid Search,v2.4,563.7,1,0,0.0
SES-104574,2024-10-22,iOS,Europe,Direct,v2.4,2641.8,3,0,0.0
SES-104575,2024-10-22,iOS,Europe,Organic Search,v2.4,1926.9,2,0,0.0
SES-104576,2024-10-22,Android,Latin America,Paid Search,v2.4,322.7,5,0,0.0
SES-104577,2024-10-22,Android,North America,Organic Search,v2.4,233.4,3,0,0.0
SES-104578,2024-10-22,iOS,Europe,Organic Search,v2.4,3117.9,2,0,0.0
SES-104579,2024-10-22,iOS,Europe,Organic Search,v2.4,3130.8,1,0,0.0
SES-104580,2024-10-22,iOS,North America,Direct,v2.4,444.8,1,0,0.0
SES-104581,2024-10-22,Android,Europe,Paid Search,v2.4,389.6,2,0,0.0
SES-104582,2024-10-22,iOS,North America,Direct,v2.4,434.1,1,0,0.0
SES-104583,2024-10-22,iOS,North America,Paid Search,v2.4,409.3,1,0,0.0
SES-104584,2024-10-22,Desktop,Asia-Pacific,Organic Search,v2.4,303.7,5,0,0.0
SES-104585,2024-10-22,Desktop,North America,Direct,v2.4,264.6,5,0,0.0
SES-104586,2024-10-22,iOS,Latin America,Direct,v2.4,391.8,2,0,0.0
SES-104587,2024-10-22,Android,Europe,Social Media,v2.4,401.2,2,0,0.0
SES-104588,2024-10-22,iOS,North America,Paid Search,v2.4,458.7,4,0,0.0
SES-104589,2024-10-22,Desktop,Europe,Direct,v2.4,340.4,1,0,0.0
SES-104590,2024-10-22,Android,Asia-Pacific,Direct,v2.4,389.7,2,0,0.0
SES-104591,2024-10-22,iOS,Latin America,Organic Search,v2.4,549.6,1,0,0.0
SES-104592,2024-10-22,Android,Asia-Pacific,Organic Search,v2.4,329.9,2,0,0.0
SES-104593,2024-10-22,iOS,North America,Organic Search,v2.4,461.7,1,0,0.0
SES-104594,2024-10-23,iOS,North America,Organic Search,v2.4,534.7,1,0,0.0
SES-104595,2024-10-23,iOS,Asia-Pacific,Paid Search,v2.4,547.5,1,0,0.0
SES-104596,2024-10-23,Android,Latin America,Social Media,v2.4,298.5,1,0,0.0
SES-104597,2024-10-23,iOS,Latin America,Paid Search,v2.4,464.5,2,0,0.0
SES-104598,2024-10-23,iOS,North America,Direct,v2.4,463.3,2,0,0.0
SES-104599,2024-10-23,iOS,Latin America,Direct,v2.4,607.8,1,0,0.0
SES-104600,2024-10-23,iOS,Europe,Organic Search,v2.4,2558.6,2,0,0.0
SES-104601,2024-10-23,Desktop,Europe,Organic Search,v2.4,299.3,2,0,0.0
SES-104602,2024-10-23,iOS,Europe,Paid Search,v2.4,2565.4,1,0,0.0
SES-104603,2024-10-23,iOS,Europe,Direct,v2.4,2275.2,2,0,0.0
SES-104604,2024-10-23,Android,Asia-Pacific,Social Media,v2.4,275.2,1,0,0.0
SES-104605,2024-10-23,Desktop,Asia-Pacific,Paid Search,v2.4,255.9,5,0,0.0
SES-104606,2024-10-23,Desktop,Asia-Pacific,Social Media,v2.4,268.8,4,0,0.0
SES-104607,2024-10-23,Android,North America,Paid Search,v2.4,262.7,4,0,0.0
SES-104608,2024-10-23,iOS,North America,Direct,v2.4,358.9,1,0,0.0
SES-104609,2024-10-23,Android,Asia-Pacific,Paid Search,v2.4,297.9,3,0,0.0
SES-104610,2024-10-23,Android,North America,Organic Search,v2.4,348.9,1,0,0.0
SES-104611,2024-10-23,iOS,Asia-Pacific,Organic Search,v2.4,488.6,2,0,0.0
SES-104612,2024-10-23,Desktop,North America,Organic Search,v2.4,216.4,1,0,0.0
SES-104613,2024-10-23,iOS,North America,Paid Search,v2.4,541.9,1,0,0.0
SES-104614,2024-10-23,Desktop,North America,Direct,v2.4,357.5,1,0,0.0
SES-104615,2024-10-23,Desktop,Asia-Pacific,Organic Search,v2.4,339.6,3,0,0.0
SES-104616,2024-10-23,Android,Europe,Paid Search,v2.4,328.6,1,0,0.0
SES-104617,2024-10-23,Desktop,North America,Organic Search,v2.4,244.6,4,0,0.0
SES-104618,2024-10-23,Android,Asia-Pacific,Direct,v2.4,270.6,1,0,0.0
SES-104619,2024-10-23,iOS,North America,Direct,v2.4,448.1,1,0,0.0
SES-104620,2024-10-23,Android,Asia-Pacific,Direct,v2.4,269.8,1,0,0.0
SES-104621,2024-10-23,iOS,Europe,Paid Search,v2.4,3051.3,3,0,0.0
SES-104622,2024-10-23,iOS,North America,Organic Search,v2.4,451.2,1,0,0.0
SES-104623,2024-10-23,Android,Asia-Pacific,Direct,v2.4,348.7,4,0,0.0
SES-104624,2024-10-23,iOS,North America,Organic Search,v2.4,462.5,1,0,0.0
SES-104625,2024-10-23,iOS,North America,Organic Search,v2.4,563.1,3,0,0.0
SES-104626,2024-10-23,Android,Europe,Organic Search,v2.4,260.7,5,0,0.0
SES-104627,2024-10-23,Desktop,Europe,Direct,v2.4,260.5,3,0,0.0
SES-104628,2024-10-23,iOS,North America,Direct,v2.4,572.6,2,0,0.0
SES-104629,2024-10-23,iOS,Europe,Direct,v2.4,2545.4,2,0,0.0
SES-104630,2024-10-23,iOS,Asia-Pacific,Paid Search,v2.4,504.6,2,0,0.0
SES-104631,2024-10-23,Android,Asia-Pacific,Organic Search,v2.4,321.3,1,0,0.0
SES-104632,2024-10-23,iOS,Europe,Social Media,v2.4,2787.6,1,0,0.0
SES-104633,2024-10-23,Android,North America,Paid Search,v2.4,306.5,3,0,0.0
SES-104634,2024-10-23,iOS,North America,Paid Search,v2.4,437.3,4,0,0.0
SES-104635,2024-10-23,iOS,Europe,Paid Search,v2.4,2487.9,4,0,0.0
SES-104636,2024-10-23,Desktop,Europe,Organic Search,v2.4,406.6,4,0,0.0
SES-104637,2024-10-23,iOS,North America,Organic Search,v2.4,523.2,3,0,0.0
SES-104638,2024-10-23,Android,North America,Paid Search,v2.4,320.1,2,1,41.26
SES-104639,2024-10-23,iOS,North America,Organic Search,v2.4,357.1,2,0,0.0
SES-104640,2024-10-23,Android,North America,Organic Search,v2.4,296.8,3,0,0.0
SES-104641,2024-10-23,Android,Asia-Pacific,Social Media,v2.4,322.9,2,0,0.0
SES-104642,2024-10-23,iOS,Asia-Pacific,Paid Search,v2.4,356.2,5,0,0.0
SES-104643,2024-10-23,iOS,North America,Paid Search,v2.4,384.6,4,0,0.0
SES-104644,2024-10-23,iOS,Asia-Pacific,Direct,v2.4,553.9,3,1,176.4
SES-104645,2024-10-23,Android,Europe,Social Media,v2.4,275.0,2,0,0.0
SES-104646,2024-10-23,Desktop,Asia-Pacific,Organic Search,v2.4,250.4,2,0,0.0
SES-104647,2024-10-23,Android,North America,Direct,v2.4,307.0,1,0,0.0
SES-104648,2024-10-23,Android,Asia-Pacific,Paid Search,v2.4,284.8,3,0,0.0
SES-104649,2024-10-23,iOS,North America,Organic Search,v2.4,380.0,1,0,0.0
SES-104650,2024-10-23,iOS,Europe,Organic Search,v2.4,2345.4,3,0,0.0
SES-104651,2024-10-23,iOS,North America,Paid Search,v2.4,502.2,2,0,0.0
SES-104652,2024-10-23,iOS,North America,Direct,v2.4,439.4,3,0,0.0
SES-104653,2024-10-23,iOS,North America,Organic Search,v2.4,437.2,1,0,0.0
SES-104654,2024-10-23,Android,North America,Paid Search,v2.4,389.1,4,0,0.0
SES-104655,2024-10-23,Android,Asia-Pacific,Direct,v2.4,323.9,2,0,0.0
SES-104656,2024-10-23,Desktop,North America,Paid Search,v2.4,333.4,2,0,0.0
SES-104657,2024-10-23,iOS,North America,Social Media,v2.4,408.3,1,0,0.0
SES-104658,2024-10-23,Android,Europe,Social Media,v2.4,377.2,5,0,0.0
SES-104659,2024-10-23,Desktop,Latin America,Paid Search,v2.4,343.4,2,0,0.0
SES-104660,2024-10-23,Android,Asia-Pacific,Social Media,v2.4,383.1,1,0,0.0
SES-104661,2024-10-23,iOS,Asia-Pacific,Organic Search,v2.4,462.2,1,0,0.0
SES-104662,2024-10-23,iOS,Europe,Organic Search,v2.4,2845.6,1,0,0.0
SES-104663,2024-10-23,iOS,North America,Paid Search,v2.4,505.6,1,0,0.0
SES-104664,2024-10-23,iOS,Europe,Paid Search,v2.4,1969.4,1,0,0.0
SES-104665,2024-10-23,Android,North America,Paid Search,v2.4,272.9,1,0,0.0
SES-104666,2024-10-23,iOS,Europe,Paid Search,v2.4,2715.1,1,0,0.0
SES-104667,2024-10-23,iOS,North America,Organic Search,v2.4,448.3,4,0,0.0
SES-104668,2024-10-23,Android,North America,Organic Search,v2.4,308.1,2,0,0.0
SES-104669,2024-10-23,Desktop,North America,Social Media,v2.4,358.1,3,0,0.0
SES-104670,2024-10-23,Android,North America,Social Media,v2.4,296.1,1,0,0.0
SES-104671,2024-10-23,Android,Asia-Pacific,Direct,v2.4,354.1,2,0,0.0
SES-104672,2024-10-23,iOS,Europe,Direct,v2.4,1990.2,2,0,0.0
SES-104673,2024-10-23,iOS,Asia-Pacific,Paid Search,v2.4,523.3,1,0,0.0
SES-104674,2024-10-23,iOS,Europe,Organic Search,v2.4,1787.4,1,0,0.0
SES-104675,2024-10-23,Android,Europe,Paid Search,v2.4,311.7,1,1,66.95
SES-104676,2024-10-23,Desktop,Europe,Direct,v2.4,257.3,2,0,0.0
SES-104677,2024-10-23,iOS,Asia-Pacific,Paid Search,v2.4,499.4,1,0,0.0
SES-104678,2024-10-23,Android,North America,Organic Search,v2.4,288.1,1,0,0.0
SES-104679,2024-10-23,iOS,Asia-Pacific,Social Media,v2.4,494.6,1,0,0.0
SES-104680,2024-10-23,Android,North America,Direct,v2.4,254.4,2,1,45.42
SES-104681,2024-10-23,iOS,Europe,Organic Search,v2.4,2138.8,1,0,0.0
SES-104682,2024-10-23,iOS,Asia-Pacific,Paid Search,v2.4,496.2,1,0,0.0
SES-104683,2024-10-23,Desktop,Europe,Social Media,v2.4,359.9,1,0,0.0
SES-104684,2024-10-23,Android,Asia-Pacific,Organic Search,v2.4,374.6,5,0,0.0
SES-104685,2024-10-23,Android,Europe,Paid Search,v2.4,350.8,4,0,0.0
SES-104686,2024-10-23,iOS,Europe,Paid Search,v2.4,2582.9,1,0,0.0
SES-104687,2024-10-23,iOS,Asia-Pacific,Paid Search,v2.4,320.2,5,0,0.0
SES-104688,2024-10-23,iOS,Latin America,Direct,v2.4,535.2,1,0,0.0
SES-104689,2024-10-23,Desktop,North America,Paid Search,v2.4,332.9,1,0,0.0
SES-104690,2024-10-23,Desktop,Asia-Pacific,Organic Search,v2.4,430.6,1,0,0.0
SES-104691,2024-10-23,Android,Europe,Organic Search,v2.4,335.8,1,0,0.0
SES-104692,2024-10-23,iOS,Asia-Pacific,Organic Search,v2.4,440.6,3,0,0.0
SES-104693,2024-10-23,Desktop,North America,Paid Search,v2.4,288.5,4,0,0.0
SES-104694,2024-10-23,Android,Europe,Direct,v2.4,304.8,1,0,0.0
SES-104695,2024-10-23,Android,Europe,Organic Search,v2.4,319.9,3,0,0.0
SES-104696,2024-10-23,iOS,Europe,Paid Search,v2.4,2330.1,4,0,0.0
SES-104697,2024-10-23,Android,North America,Direct,v2.4,251.9,2,0,0.0
SES-104698,2024-10-23,Android,Europe,Organic Search,v2.4,357.0,5,0,0.0
SES-104699,2024-10-23,Desktop,North America,Paid Search,v2.4,288.3,2,1,59.56
SES-104700,2024-10-23,Desktop,Latin America,Direct,v2.4,283.8,3,0,0.0
SES-104701,2024-10-23,iOS,Europe,Paid Search,v2.4,2645.6,3,0,0.0
SES-104702,2024-10-23,Android,North America,Organic Search,v2.4,335.1,2,0,0.0
SES-104703,2024-10-23,Desktop,North America,Paid Search,v2.4,304.2,2,0,0.0
SES-104704,2024-10-23,iOS,Latin America,Social Media,v2.4,387.6,4,0,0.0
SES-104705,2024-10-23,iOS,North America,Paid Search,v2.4,522.3,1,0,0.0
SES-104706,2024-10-23,iOS,North America,Paid Search,v2.4,360.4,5,1,150.94
SES-104707,2024-10-23,Android,North America,Paid Search,v2.4,328.2,2,0,0.0
SES-104708,2024-10-23,iOS,Europe,Organic Search,v2.4,2425.7,2,0,0.0
SES-104709,2024-10-23,Android,Europe,Paid Search,v2.4,333.0,4,0,0.0
SES-104710,2024-10-23,iOS,North America,Organic Search,v2.4,701.4,2,0,0.0
SES-104711,2024-10-23,Desktop,Europe,Organic Search,v2.4,294.2,1,0,0.0
SES-104712,2024-10-23,iOS,North America,Paid Search,v2.4,349.1,2,0,0.0
SES-104713,2024-10-23,iOS,Europe,Organic Search,v2.4,2625.9,2,0,0.0
SES-104714,2024-10-23,Android,North America,Paid Search,v2.4,349.1,1,0,0.0
SES-104715,2024-10-23,Android,Europe,Organic Search,v2.4,373.7,2,0,0.0
SES-104716,2024-10-23,iOS,Latin America,Organic Search,v2.4,511.9,3,0,0.0
SES-104717,2024-10-23,iOS,Asia-Pacific,Direct,v2.4,523.2,2,0,0.0
SES-104718,2024-10-23,iOS,Europe,Social Media,v2.4,2420.4,2,0,0.0
SES-104719,2024-10-23,Android,Europe,Organic Search,v2.4,323.7,2,0,0.0
SES-104720,2024-10-23,Desktop,North America,Paid Search,v2.4,320.7,1,1,60.82
SES-104721,2024-10-23,Android,Europe,Organic Search,v2.4,333.7,2,0,0.0
SES-104722,2024-10-23,Android,North America,Paid Search,v2.4,244.2,2,0,0.0
SES-104723,2024-10-23,Android,Europe,Paid Search,v2.4,324.8,1,0,0.0
SES-104724,2024-10-23,iOS,Latin America,Organic Search,v2.4,564.5,1,0,0.0
SES-104725,2024-10-23,Desktop,Asia-Pacific,Direct,v2.4,290.0,1,0,0.0
SES-104726,2024-10-23,Desktop,North America,Organic Search,v2.4,300.1,1,0,0.0
SES-104727,2024-10-23,iOS,North America,Organic Search,v2.4,410.3,3,0,0.0
SES-104728,2024-10-23,iOS,Latin America,Direct,v2.4,595.9,1,0,0.0
SES-104729,2024-10-23,iOS,Latin America,Direct,v2.4,569.3,1,0,0.0
SES-104730,2024-10-23,iOS,Latin America,Paid Search,v2.4,455.8,4,0,0.0
SES-104731,2024-10-23,Android,Europe,Paid Search,v2.4,265.9,3,0,0.0
SES-104732,2024-10-23,Android,Europe,Paid Search,v2.4,416.9,2,0,0.0
SES-104733,2024-10-23,Desktop,North America,Paid Search,v2.4,279.0,1,0,0.0
SES-104734,2024-10-23,Android,North America,Paid Search,v2.4,357.0,1,0,0.0
SES-104735,2024-10-23,Android,Europe,Paid Search,v2.4,316.5,1,0,0.0
SES-104736,2024-10-23,Android,Europe,Paid Search,v2.4,262.5,2,0,0.0
SES-104737,2024-10-23,iOS,Asia-Pacific,Direct,v2.4,512.5,4,1,80.91
SES-104738,2024-10-23,iOS,Asia-Pacific,Direct,v2.4,387.1,3,0,0.0
SES-104739,2024-10-23,Android,North America,Paid Search,v2.4,268.9,1,0,0.0
SES-104740,2024-10-23,iOS,Asia-Pacific,Paid Search,v2.4,493.1,3,0,0.0
SES-104741,2024-10-23,iOS,North America,Paid Search,v2.4,498.2,5,0,0.0
SES-104742,2024-10-23,Desktop,Asia-Pacific,Paid Search,v2.4,367.2,3,0,0.0
SES-104743,2024-10-23,Android,North America,Paid Search,v2.4,402.8,1,0,0.0
SES-104744,2024-10-23,iOS,Europe,Social Media,v2.4,2234.4,2,0,0.0
SES-104745,2024-10-23,Android,North America,Direct,v2.4,316.2,1,0,0.0
SES-104746,2024-10-23,Desktop,North America,Social Media,v2.4,393.1,3,0,0.0
SES-104747,2024-10-23,iOS,North America,Direct,v2.4,382.7,3,0,0.0
SES-104748,2024-10-23,iOS,Europe,Social Media,v2.4,2952.5,1,0,0.0
SES-104749,2024-10-23,Desktop,Latin America,Paid Search,v2.4,228.8,2,0,0.0
SES-104750,2024-10-23,iOS,Europe,Social Media,v2.4,2885.4,3,0,0.0
SES-104751,2024-10-23,iOS,Europe,Organic Search,v2.4,2364.8,4,0,0.0
SES-104752,2024-10-23,Android,North America,Organic Search,v2.4,344.9,1,0,0.0
SES-104753,2024-10-23,Desktop,North America,Paid Search,v2.4,343.5,4,0,0.0
SES-104754,2024-10-23,iOS,North America,Social Media,v2.4,471.0,1,0,0.0
SES-104755,2024-10-23,iOS,Asia-Pacific,Paid Search,v2.4,567.6,4,0,0.0
SES-104756,2024-10-23,iOS,North America,Organic Search,v2.4,298.5,3,0,0.0
SES-104757,2024-10-23,Desktop,North America,Paid Search,v2.4,359.2,4,0,0.0
SES-104758,2024-10-23,iOS,Asia-Pacific,Paid Search,v2.4,520.2,1,0,0.0
SES-104759,2024-10-23,Android,Europe,Organic Search,v2.4,324.8,2,0,0.0
SES-104760,2024-10-23,Desktop,North America,Direct,v2.4,369.3,1,0,0.0
SES-104761,2024-10-23,iOS,Asia-Pacific,Social Media,v2.4,665.7,2,0,0.0
SES-104762,2024-10-23,Desktop,Europe,Social Media,v2.4,312.6,4,0,0.0
SES-104763,2024-10-23,Desktop,North America,Organic Search,v2.4,342.5,1,0,0.0
SES-104764,2024-10-23,Desktop,Latin America,Organic Search,v2.4,378.6,1,0,0.0
SES-104765,2024-10-23,iOS,North America,Paid Search,v2.4,588.5,1,1,104.46
SES-104766,2024-10-23,Android,North America,Paid Search,v2.4,301.9,1,0,0.0
SES-104767,2024-10-23,Desktop,Latin America,Organic Search,v2.4,253.4,2,1,91.49
SES-104768,2024-10-23,Desktop,Europe,Direct,v2.4,284.2,4,0,0.0
SES-104769,2024-10-23,iOS,Europe,Paid Search,v2.4,2058.4,4,0,0.0
SES-104770,2024-10-23,Desktop,Asia-Pacific,Social Media,v2.4,292.2,5,0,0.0
SES-104771,2024-10-23,iOS,Asia-Pacific,Social Media,v2.4,566.9,1,0,0.0
SES-104772,2024-10-23,iOS,North America,Organic Search,v2.4,447.2,1,0,0.0
SES-104773,2024-10-23,Android,North America,Social Media,v2.4,326.0,1,0,0.0
SES-104774,2024-10-23,Desktop,Asia-Pacific,Direct,v2.4,307.0,1,0,0.0
SES-104775,2024-10-23,Android,Asia-Pacific,Paid Search,v2.4,283.5,1,0,0.0
SES-104776,2024-10-23,Android,Europe,Paid Search,v2.4,266.7,3,0,0.0
SES-104777,2024-10-23,Desktop,Europe,Paid Search,v2.4,259.9,2,0,0.0
SES-104778,2024-10-23,iOS,North America,Organic Search,v2.4,502.0,1,0,0.0
SES-104779,2024-10-23,Android,Asia-Pacific,Paid Search,v2.4,279.0,1,0,0.0
SES-104780,2024-10-23,iOS,Asia-Pacific,Organic Search,v2.4,351.5,2,0,0.0
SES-104781,2024-10-23,iOS,Latin America,Paid Search,v2.4,460.6,2,0,0.0
SES-104782,2024-10-23,Android,Asia-Pacific,Organic Search,v2.4,359.0,2,0,0.0
SES-104783,2024-10-23,Desktop,North America,Organic Search,v2.4,231.0,3,0,0.0
SES-104784,2024-10-23,Android,North America,Paid Search,v2.4,324.1,1,0,0.0
SES-104785,2024-10-23,Desktop,Asia-Pacific,Paid Search,v2.4,339.4,5,0,0.0
SES-104786,2024-10-23,iOS,Asia-Pacific,Paid Search,v2.4,417.3,2,0,0.0
SES-104787,2024-10-23,iOS,North America,Organic Search,v2.4,541.0,2,0,0.0
SES-104788,2024-10-23,Android,Europe,Social Media,v2.4,327.7,2,0,0.0
SES-104789,2024-10-23,iOS,Latin America,Paid Search,v2.4,497.6,1,0,0.0
SES-104790,2024-10-23,iOS,North America,Organic Search,v2.4,676.3,2,0,0.0
SES-104791,2024-10-23,Android,North America,Paid Search,v2.4,298.0,1,0,0.0
SES-104792,2024-10-23,iOS,North America,Paid Search,v2.4,543.0,1,0,0.0
SES-104793,2024-10-23,iOS,North America,Organic Search,v2.4,432.2,4,0,0.0
SES-104794,2024-10-23,Android,Europe,Paid Search,v2.4,321.7,1,0,0.0
SES-104795,2024-10-24,Android,Asia-Pacific,Direct,v2.4,343.8,2,1,59.42
SES-104796,2024-10-24,Desktop,Europe,Direct,v2.4,281.6,5,0,0.0
SES-104797,2024-10-24,Android,Europe,Organic Search,v2.4,231.1,2,0,0.0
SES-104798,2024-10-24,Android,North America,Social Media,v2.4,340.3,2,0,0.0
SES-104799,2024-10-24,Desktop,Asia-Pacific,Organic Search,v2.4,269.8,1,0,0.0
SES-104800,2024-10-24,Desktop,Latin America,Social Media,v2.4,295.1,1,0,0.0
SES-104801,2024-10-24,iOS,Asia-Pacific,Organic Search,v2.4,346.3,1,0,0.0
SES-104802,2024-10-24,iOS,Latin America,Paid Search,v2.4,349.7,3,0,0.0
SES-104803,2024-10-24,Android,Europe,Paid Search,v2.4,259.3,2,0,0.0
SES-104804,2024-10-24,Android,Europe,Organic Search,v2.4,367.0,1,0,0.0
SES-104805,2024-10-24,Desktop,North America,Direct,v2.4,289.2,1,0,0.0
SES-104806,2024-10-24,Android,Europe,Paid Search,v2.4,344.7,3,0,0.0
SES-104807,2024-10-24,Android,Asia-Pacific,Organic Search,v2.4,289.3,4,0,0.0
SES-104808,2024-10-24,Desktop,North America,Paid Search,v2.4,355.1,2,0,0.0
SES-104809,2024-10-24,Android,Latin America,Paid Search,v2.4,343.4,3,0,0.0
SES-104810,2024-10-24,iOS,Europe,Organic Search,v2.4,2844.8,2,0,0.0
SES-104811,2024-10-24,Desktop,North America,Social Media,v2.4,228.7,1,0,0.0
SES-104812,2024-10-24,iOS,North America,Social Media,v2.4,418.8,5,1,110.55
SES-104813,2024-10-24,Desktop,Europe,Organic Search,v2.4,346.2,3,0,0.0
SES-104814,2024-10-24,Desktop,North America,Paid Search,v2.4,329.5,4,0,0.0
SES-104815,2024-10-24,Android,North America,Organic Search,v2.4,228.6,3,0,0.0
SES-104816,2024-10-24,Android,North America,Direct,v2.4,358.8,3,0,0.0
SES-104817,2024-10-24,Android,North America,Social Media,v2.4,293.7,1,0,0.0
SES-104818,2024-10-24,iOS,Europe,Paid Search,v2.4,2176.2,3,0,0.0
SES-104819,2024-10-24,iOS,North America,Direct,v2.4,405.1,4,0,0.0
SES-104820,2024-10-24,Android,Europe,Paid Search,v2.4,315.2,2,0,0.0
SES-104821,2024-10-24,Desktop,Europe,Paid Search,v2.4,294.6,1,0,0.0
SES-104822,2024-10-24,Android,Europe,Social Media,v2.4,359.7,1,0,0.0
SES-104823,2024-10-24,iOS,Europe,Paid Search,v2.4,1811.5,2,0,0.0
SES-104824,2024-10-24,Android,North America,Paid Search,v2.4,245.1,1,0,0.0
SES-104825,2024-10-24,Desktop,Europe,Direct,v2.4,350.3,2,0,0.0
SES-104826,2024-10-24,Android,North America,Organic Search,v2.4,356.1,1,0,0.0
SES-104827,2024-10-24,Android,North America,Organic Search,v2.4,295.2,1,0,0.0
SES-104828,2024-10-24,Desktop,North America,Social Media,v2.4,249.7,1,0,0.0
SES-104829,2024-10-24,Android,Asia-Pacific,Direct,v2.4,371.5,1,0,0.0
SES-104830,2024-10-24,Android,North America,Direct,v2.4,343.4,1,0,0.0
SES-104831,2024-10-24,Desktop,North America,Organic Search,v2.4,324.7,2,0,0.0
SES-104832,2024-10-24,iOS,Asia-Pacific,Paid Search,v2.4,473.6,1,0,0.0
SES-104833,2024-10-24,Desktop,North America,Social Media,v2.4,322.5,1,0,0.0
SES-104834,2024-10-24,iOS,Asia-Pacific,Organic Search,v2.4,480.0,1,0,0.0
SES-104835,2024-10-24,iOS,North America,Organic Search,v2.4,354.9,1,0,0.0
SES-104836,2024-10-24,Desktop,North America,Paid Search,v2.4,336.4,2,0,0.0
SES-104837,2024-10-24,iOS,Asia-Pacific,Paid Search,v2.4,654.5,2,0,0.0
SES-104838,2024-10-24,Android,Europe,Organic Search,v2.4,270.4,1,0,0.0
SES-104839,2024-10-24,Desktop,Europe,Social Media,v2.4,323.6,2,0,0.0
SES-104840,2024-10-24,Desktop,Europe,Social Media,v2.4,381.3,2,0,0.0
SES-104841,2024-10-24,Desktop,North America,Paid Search,v2.4,305.6,3,0,0.0
SES-104842,2024-10-24,iOS,Europe,Direct,v2.4,2667.7,3,0,0.0
SES-104843,2024-10-24,Android,North America,Social Media,v2.4,300.5,4,0,0.0
SES-104844,2024-10-24,iOS,Asia-Pacific,Direct,v2.4,487.9,4,0,0.0
SES-104845,2024-10-24,Android,Asia-Pacific,Organic Search,v2.4,358.0,1,0,0.0
SES-104846,2024-10-24,Desktop,North America,Organic Search,v2.4,301.8,3,0,0.0
SES-104847,2024-10-24,iOS,Latin America,Organic Search,v2.4,511.0,3,0,0.0
SES-104848,2024-10-24,Android,North America,Organic Search,v2.4,311.7,2,0,0.0
SES-104849,2024-10-24,Android,North America,Organic Search,v2.4,374.1,1,0,0.0
SES-104850,2024-10-24,Android,Asia-Pacific,Paid Search,v2.4,331.1,2,0,0.0
SES-104851,2024-10-24,Desktop,Asia-Pacific,Organic Search,v2.4,355.6,2,0,0.0
SES-104852,2024-10-24,iOS,Asia-Pacific,Organic Search,v2.4,390.6,1,0,0.0
SES-104853,2024-10-24,Android,Europe,Paid Search,v2.4,317.3,3,0,0.0
SES-104854,2024-10-24,Desktop,North America,Organic Search,v2.4,326.6,1,0,0.0
SES-104855,2024-10-24,Android,Asia-Pacific,Direct,v2.4,322.4,1,0,0.0
SES-104856,2024-10-24,iOS,North America,Organic Search,v2.4,305.9,2,0,0.0
SES-104857,2024-10-24,Android,North America,Direct,v2.4,234.5,1,0,0.0
SES-104858,2024-10-24,iOS,North America,Social Media,v2.4,549.7,1,0,0.0
SES-104859,2024-10-24,iOS,Asia-Pacific,Direct,v2.4,579.2,5,0,0.0
SES-104860,2024-10-24,Desktop,Europe,Direct,v2.4,257.1,1,0,0.0
SES-104861,2024-10-24,Android,North America,Social Media,v2.4,287.3,2,0,0.0
SES-104862,2024-10-24,Desktop,Europe,Organic Search,v2.4,302.2,1,0,0.0
SES-104863,2024-10-24,Desktop,North America,Social Media,v2.4,266.5,1,0,0.0
SES-104864,2024-10-24,Android,Asia-Pacific,Direct,v2.4,274.7,1,0,0.0
SES-104865,2024-10-24,iOS,Europe,Direct,v2.4,2478.5,1,0,0.0
SES-104866,2024-10-24,Android,North America,Paid Search,v2.4,261.6,1,0,0.0
SES-104867,2024-10-24,iOS,North America,Paid Search,v2.4,495.5,1,0,0.0
SES-104868,2024-10-24,Desktop,Europe,Direct,v2.4,285.2,3,0,0.0
SES-104869,2024-10-24,iOS,North America,Paid Search,v2.4,309.0,1,0,0.0
SES-104870,2024-10-24,iOS,Europe,Direct,v2.4,3005.9,3,0,0.0
SES-104871,2024-10-24,Android,North America,Organic Search,v2.4,245.5,1,0,0.0
SES-104872,2024-10-24,iOS,North America,Paid Search,v2.4,387.2,2,0,0.0
SES-104873,2024-10-24,iOS,Asia-Pacific,Paid Search,v2.4,563.0,5,0,0.0
SES-104874,2024-10-24,Android,Asia-Pacific,Organic Search,v2.4,330.0,2,0,0.0
SES-104875,2024-10-24,iOS,North America,Organic Search,v2.4,491.0,2,0,0.0
SES-104876,2024-10-24,iOS,Europe,Organic Search,v2.4,2321.2,3,0,0.0
SES-104877,2024-10-24,iOS,Latin America,Paid Search,v2.4,414.4,3,0,0.0
SES-104878,2024-10-24,Android,North America,Paid Search,v2.4,305.7,1,0,0.0
SES-104879,2024-10-24,Android,Europe,Organic Search,v2.4,346.2,2,0,0.0
SES-104880,2024-10-24,Android,Asia-Pacific,Social Media,v2.4,337.4,2,0,0.0
SES-104881,2024-10-24,Android,Europe,Direct,v2.4,331.8,1,0,0.0
SES-104882,2024-10-24,iOS,North America,Direct,v2.4,328.5,2,0,0.0
SES-104883,2024-10-24,Desktop,North America,Organic Search,v2.4,294.2,2,0,0.0
SES-104884,2024-10-24,iOS,North America,Paid Search,v2.4,517.2,1,0,0.0
SES-104885,2024-10-24,Android,Asia-Pacific,Paid Search,v2.4,343.8,2,0,0.0
SES-104886,2024-10-24,Desktop,North America,Social Media,v2.4,357.2,2,0,0.0
SES-104887,2024-10-24,Desktop,Europe,Direct,v2.4,311.0,2,0,0.0
SES-104888,2024-10-24,iOS,Latin America,Paid Search,v2.4,349.1,2,0,0.0
SES-104889,2024-10-24,iOS,Latin America,Social Media,v2.4,547.7,1,0,0.0
SES-104890,2024-10-24,Android,North America,Organic Search,v2.4,267.9,1,0,0.0
SES-104891,2024-10-24,iOS,North America,Organic Search,v2.4,524.2,1,0,0.0
SES-104892,2024-10-24,Desktop,Europe,Direct,v2.4,335.5,1,0,0.0
SES-104893,2024-10-24,Android,Asia-Pacific,Organic Search,v2.4,254.6,1,0,0.0
SES-104894,2024-10-24,Android,Europe,Organic Search,v2.4,304.7,2,0,0.0
SES-104895,2024-10-24,iOS,Europe,Direct,v2.4,2809.5,1,0,0.0
SES-104896,2024-10-24,Android,North America,Organic Search,v2.4,321.7,1,0,0.0
SES-104897,2024-10-24,Android,Europe,Paid Search,v2.4,353.5,1,0,0.0
SES-104898,2024-10-24,Desktop,Europe,Social Media,v2.4,226.4,1,0,0.0
SES-104899,2024-10-24,iOS,North America,Organic Search,v2.4,428.6,5,0,0.0
SES-104900,2024-10-24,iOS,Europe,Organic Search,v2.4,2629.1,5,0,0.0
SES-104901,2024-10-24,iOS,Europe,Organic Search,v2.4,2144.3,2,0,0.0
SES-104902,2024-10-24,iOS,Europe,Organic Search,v2.4,2880.6,4,0,0.0
SES-104903,2024-10-24,Android,Europe,Organic Search,v2.4,355.2,2,0,0.0
SES-104904,2024-10-24,Desktop,Asia-Pacific,Organic Search,v2.4,404.1,4,0,0.0
SES-104905,2024-10-24,iOS,Asia-Pacific,Paid Search,v2.4,440.7,3,0,0.0
SES-104906,2024-10-24,Desktop,North America,Organic Search,v2.4,253.9,3,0,0.0
SES-104907,2024-10-24,iOS,North America,Direct,v2.4,561.4,3,0,0.0
SES-104908,2024-10-24,iOS,Europe,Social Media,v2.4,2235.2,1,0,0.0
SES-104909,2024-10-24,iOS,Europe,Direct,v2.4,2493.7,3,0,0.0
SES-104910,2024-10-24,iOS,Europe,Paid Search,v2.4,2595.1,2,0,0.0
SES-104911,2024-10-24,Desktop,North America,Organic Search,v2.4,369.9,2,0,0.0
SES-104912,2024-10-24,iOS,Asia-Pacific,Direct,v2.4,473.0,1,0,0.0
SES-104913,2024-10-24,Android,North America,Paid Search,v2.4,256.9,1,0,0.0
SES-104914,2024-10-24,Android,North America,Organic Search,v2.4,257.8,1,0,0.0
SES-104915,2024-10-24,Desktop,Europe,Direct,v2.4,304.0,3,0,0.0
SES-104916,2024-10-24,iOS,Asia-Pacific,Organic Search,v2.4,376.9,2,0,0.0
SES-104917,2024-10-24,iOS,North America,Organic Search,v2.4,394.7,3,0,0.0
SES-104918,2024-10-24,iOS,Asia-Pacific,Social Media,v2.4,395.9,2,0,0.0
SES-104919,2024-10-24,Android,North America,Social Media,v2.4,311.3,1,0,0.0
SES-104920,2024-10-24,iOS,Asia-Pacific,Organic Search,v2.4,472.5,1,0,0.0
SES-104921,2024-10-24,Desktop,Latin America,Paid Search,v2.4,358.8,1,0,0.0
SES-104922,2024-10-24,Android,Latin America,Paid Search,v2.4,316.4,1,0,0.0
SES-104923,2024-10-24,Android,North America,Direct,v2.4,300.6,2,0,0.0
SES-104924,2024-10-24,Android,North America,Organic Search,v2.4,286.9,1,0,0.0
SES-104925,2024-10-24,iOS,Europe,Paid Search,v2.4,2573.8,2,0,0.0
SES-104926,2024-10-24,Android,Latin America,Social Media,v2.4,305.4,5,0,0.0
SES-104927,2024-10-24,Desktop,North America,Organic Search,v2.4,310.7,1,0,0.0
SES-104928,2024-10-24,Desktop,Europe,Social Media,v2.4,319.8,1,0,0.0
SES-104929,2024-10-24,Desktop,North America,Social Media,v2.4,309.7,3,0,0.0
SES-104930,2024-10-24,Desktop,Europe,Organic Search,v2.4,350.7,1,0,0.0
SES-104931,2024-10-24,iOS,North America,Direct,v2.4,630.6,1,0,0.0
SES-104932,2024-10-24,iOS,North America,Organic Search,v2.4,446.0,1,0,0.0
SES-104933,2024-10-24,iOS,Europe,Direct,v2.4,2642.7,2,0,0.0
SES-104934,2024-10-24,iOS,Europe,Direct,v2.4,1865.5,1,0,0.0
SES-104935,2024-10-24,iOS,Latin America,Organic Search,v2.4,334.4,3,1,36.51
SES-104936,2024-10-24,Android,Asia-Pacific,Direct,v2.4,311.3,3,0,0.0
SES-104937,2024-10-24,Android,Asia-Pacific,Direct,v2.4,315.4,1,0,0.0
SES-104938,2024-10-24,Desktop,North America,Paid Search,v2.4,343.0,1,0,0.0
SES-104939,2024-10-24,Android,Asia-Pacific,Organic Search,v2.4,310.8,2,1,33.04
SES-104940,2024-10-24,Desktop,North America,Organic Search,v2.4,283.5,2,0,0.0
SES-104941,2024-10-24,iOS,Europe,Paid Search,v2.4,2436.5,3,0,0.0
SES-104942,2024-10-24,iOS,Europe,Social Media,v2.4,2400.4,4,0,0.0
SES-104943,2024-10-24,Android,Europe,Direct,v2.4,288.3,1,0,0.0
SES-104944,2024-10-24,iOS,Europe,Paid Search,v2.4,2694.5,1,0,0.0
SES-104945,2024-10-24,iOS,Latin America,Paid Search,v2.4,493.6,2,0,0.0
SES-104946,2024-10-24,iOS,Europe,Organic Search,v2.4,1940.4,3,0,0.0
SES-104947,2024-10-24,iOS,North America,Organic Search,v2.4,347.9,2,0,0.0
SES-104948,2024-10-24,Android,North America,Paid Search,v2.4,313.5,4,0,0.0
SES-104949,2024-10-24,Android,Europe,Paid Search,v2.4,325.9,1,0,0.0
SES-104950,2024-10-24,Android,North America,Paid Search,v2.4,330.4,1,0,0.0
SES-104951,2024-10-24,Android,Europe,Social Media,v2.4,289.5,3,0,0.0
SES-104952,2024-10-24,iOS,Asia-Pacific,Paid Search,v2.4,551.0,4,0,0.0
SES-104953,2024-10-24,iOS,Europe,Paid Search,v2.4,2069.5,1,0,0.0
SES-104954,2024-10-24,iOS,North America,Organic Search,v2.4,266.2,1,0,0.0
SES-104955,2024-10-24,iOS,Asia-Pacific,Social Media,v2.4,338.0,1,0,0.0
SES-104956,2024-10-24,Android,Asia-Pacific,Direct,v2.4,304.9,1,1,41.41
SES-104957,2024-10-24,Desktop,Asia-Pacific,Social Media,v2.4,301.9,2,0,0.0
SES-104958,2024-10-24,Android,North America,Paid Search,v2.4,307.6,1,0,0.0
SES-104959,2024-10-24,iOS,North America,Paid Search,v2.4,660.4,1,0,0.0
SES-104960,2024-10-24,Android,North America,Paid Search,v2.4,325.6,1,0,0.0
SES-104961,2024-10-24,Android,Asia-Pacific,Organic Search,v2.4,353.1,1,0,0.0
SES-104962,2024-10-24,Android,Asia-Pacific,Direct,v2.4,295.9,2,0,0.0
SES-104963,2024-10-24,Android,Europe,Social Media,v2.4,315.2,2,0,0.0
SES-104964,2024-10-24,Android,North America,Organic Search,v2.4,387.2,2,1,43.83
SES-104965,2024-10-24,Android,Asia-Pacific,Organic Search,v2.4,383.2,4,0,0.0
SES-104966,2024-10-24,Android,North America,Direct,v2.4,306.1,1,0,0.0
SES-104967,2024-10-24,iOS,Europe,Organic Search,v2.4,2401.9,2,0,0.0
SES-104968,2024-10-24,Android,North America,Paid Search,v2.4,279.4,1,0,0.0
SES-104969,2024-10-24,iOS,North America,Direct,v2.4,564.5,1,0,0.0
SES-104970,2024-10-24,iOS,Latin America,Organic Search,v2.4,360.5,1,0,0.0
SES-104971,2024-10-24,Desktop,North America,Direct,v2.4,343.2,1,0,0.0
SES-104972,2024-10-24,Desktop,Europe,Paid Search,v2.4,318.1,1,0,0.0
SES-104973,2024-10-24,iOS,Europe,Social Media,v2.4,2439.0,2,0,0.0
SES-104974,2024-10-24,Android,Europe,Direct,v2.4,279.9,4,0,0.0
SES-104975,2024-10-24,iOS,North America,Social Media,v2.4,526.5,2,0,0.0
SES-104976,2024-10-24,Android,North America,Organic Search,v2.4,320.6,1,0,0.0
SES-104977,2024-10-24,Desktop,Europe,Organic Search,v2.4,351.6,3,0,0.0
SES-104978,2024-10-24,Desktop,North America,Organic Search,v2.4,351.8,3,0,0.0
SES-104979,2024-10-24,Android,Asia-Pacific,Paid Search,v2.4,358.8,2,0,0.0
SES-104980,2024-10-24,iOS,Europe,Social Media,v2.4,2155.6,1,0,0.0
SES-104981,2024-10-24,Android,Europe,Paid Search,v2.4,314.1,1,0,0.0
SES-104982,2024-10-24,iOS,Latin America,Direct,v2.4,530.2,2,0,0.0
SES-104983,2024-10-24,Desktop,North America,Organic Search,v2.4,352.8,3,0,0.0
SES-104984,2024-10-24,Desktop,Asia-Pacific,Organic Search,v2.4,241.5,1,0,0.0
SES-104985,2024-10-24,Android,North America,Social Media,v2.4,311.3,1,0,0.0
SES-104986,2024-10-24,iOS,Asia-Pacific,Paid Search,v2.4,607.2,3,0,0.0
SES-104987,2024-10-24,iOS,Asia-Pacific,Direct,v2.4,559.6,2,0,0.0
SES-104988,2024-10-24,iOS,North America,Organic Search,v2.4,451.6,1,0,0.0
SES-104989,2024-10-24,Desktop,Asia-Pacific,Social Media,v2.4,259.0,1,0,0.0
SES-104990,2024-10-24,Android,Latin America,Paid Search,v2.4,356.2,2,0,0.0
SES-104991,2024-10-24,iOS,North America,Direct,v2.4,422.6,1,0,0.0
SES-104992,2024-10-24,Android,Europe,Organic Search,v2.4,346.3,1,0,0.0
SES-104993,2024-10-24,Desktop,North America,Paid Search,v2.4,360.8,2,0,0.0
SES-104994,2024-10-24,iOS,Asia-Pacific,Social Media,v2.4,429.6,1,0,0.0
SES-104995,2024-10-24,Desktop,North America,Social Media,v2.4,365.7,4,0,0.0
SES-104996,2024-10-24,Desktop,Europe,Organic Search,v2.4,322.0,1,0,0.0
SES-104997,2024-10-24,Desktop,Europe,Organic Search,v2.4,279.8,3,1,168.92
SES-104998,2024-10-24,iOS,North America,Paid Search,v2.4,489.8,5,0,0.0
SES-104999,2024-10-24,iOS,Europe,Organic Search,v2.4,2427.9,1,0,0.0
